t,pan_deg,tilt_deg,pan_vel_deg_s,tilt_vel_deg_s,speed_deg_s,pan_acc_deg_s2,tilt_acc_deg_s2,human,cx,cy,deadzone_px,err_x_px,err_y_px,err_mag_px,err_x_norm,err_y_norm,err_mag_norm
0.002,133.8,136.2,0,0,0,0,0,1,1176,475,80,536,115,548.198,0.8375,0.319444,0.896354
0.0213,132.6,136.2,0,0,0,0,0,1,950,357,80,310,-3,310.015,0.484375,-0.008333,0.484447
0.0752,131.4,136.2,-22.262,0,22.262,-412.993,0,1,952,358,80,312,-2,312.006,0.4875,-0.005556,0.487532
0.143,130.2,136.2,-17.716,0,17.716,67.113,0,1,947,359,80,307,-1,307.002,0.479687,-0.002778,0.479696
0.2064,129,136.2,-18.913,0,18.913,-18.859,0,1,886,358,80,246,-2,246.008,0.384375,-0.005556,0.384415
0.2609,127.8,136.2,-22.005,0,22.005,-56.705,0,1,861,358,80,221,-2,221.009,0.345313,-0.005556,0.345357
0.3388,126.6,136.2,-15.422,0,15.422,84.6,0,1,847,358,80,207,-2,207.01,0.323437,-0.005556,0.323485
0.3886,125.4,136.2,-24.07,0,24.07,-173.462,0,1,825,358,80,185,-2,185.011,0.289062,-0.005556,0.289116
0.445,124.2,136.2,-21.293,0,21.293,49.282,0,1,808,358,80,168,-2,168.012,0.2625,-0.005556,0.262559
0.5038,123,136.2,-20.398,0,20.398,15.201,0,1,780,359,80,140,-1,140.004,0.21875,-0.002778,0.218768
0.5518,121.8,136.2,-24.986,0,24.986,-95.535,0,1,749,359,80,109,-1,109.005,0.170313,-0.002778,0.170335
0.5999,120.6,136.2,-24.958,0,24.958,0.6,0,1,727,358,80,87,-2,87.023,0.135937,-0.005556,0.136051
0.6486,120.6,136.2,0,0,0,512.838,0,1,717,358,80,77,-2,77.026,0.120313,-0.005556,0.120441
0.6986,120.6,136.2,0,0,0,0,0,1,715,359,80,75,-1,75.007,0.117188,-0.002778,0.11722
0.748,120.6,136.2,0,0,0,0,0,1,716,359,80,76,-1,76.007,0.11875,-0.002778,0.118782
0.7974,120.6,136.2,0,0,0,0,0,1,717,358,80,77,-2,77.026,0.120313,-0.005556,0.120441
0.8464,120.6,136.2,0,0,0,0,0,1,718,359,80,78,-1,78.006,0.121875,-0.002778,0.121907
0.8964,120.6,136.2,0,0,0,0,0,1,718,358,80,78,-2,78.026,0.121875,-0.005556,0.122002
0.9474,120.6,136.2,0,0,0,0,0,1,716,359,80,76,-1,76.007,0.11875,-0.002778,0.118782
0.9976,120.6,136.2,0,0,0,0,0,1,717,359,80,77,-1,77.006,0.120313,-0.002778,0.120345
1.0469,120.6,136.2,0,0,0,0,0,1,715,359,80,75,-1,75.007,0.117188,-0.002778,0.11722
1.0979,120.6,136.2,0,0,0,0,0,1,713,359,80,73,-1,73.007,0.114062,-0.002778,0.114096
1.1459,120.6,136.2,0,0,0,0,0,1,715,358,80,75,-2,75.027,0.117188,-0.005556,0.117319
1.1965,120.6,136.2,0,0,0,0,0,1,717,358,80,77,-2,77.026,0.120313,-0.005556,0.120441
1.2462,120.6,136.2,0,0,0,0,0,1,715,358,80,75,-2,75.027,0.117188,-0.005556,0.117319
1.2967,120.6,136.2,0,0,0,0,0,1,714,358,80,74,-2,74.027,0.115625,-0.005556,0.115758
1.346,120.6,136.2,0,0,0,0,0,1,716,359,80,76,-1,76.007,0.11875,-0.002778,0.118782
1.3957,120.6,136.2,0,0,0,0,0,1,711,358,80,71,-2,71.028,0.110937,-0.005556,0.111077
1.4457,120.6,136.2,0,0,0,0,0,1,711,358,80,71,-2,71.028,0.110937,-0.005556,0.111077
1.4957,120.6,136.2,0,0,0,0,0,1,711,357,80,71,-3,71.063,0.110937,-0.008333,0.11125
1.5476,120.6,136.2,0,0,0,0,0,1,711,357,80,71,-3,71.063,0.110937,-0.008333,0.11125
1.5973,120.6,136.2,0,0,0,0,0,1,713,358,80,73,-2,73.027,0.114062,-0.005556,0.114198
1.6472,120.6,136.2,0,0,0,0,0,1,714,358,80,74,-2,74.027,0.115625,-0.005556,0.115758
1.6994,120.6,136.2,0,0,0,0,0,1,717,358,80,77,-2,77.026,0.120313,-0.005556,0.120441
1.7498,119.4,136.2,-23.812,0,23.812,-472.496,0,1,722,359,80,82,-1,82.006,0.128125,-0.002778,0.128155
1.8004,118.2,136.2,-23.7,0,23.7,2.197,0,1,741,360,80,101,0,101,0.157812,0,0.157812
1.8507,117,136.2,-23.842,0,23.842,-2.813,0,1,751,361,80,111,1,111.005,0.173437,0.002778,0.17346
1.9028,115.8,136.2,-23.037,0,23.037,15.454,0,1,756,358,80,116,-2,116.017,0.18125,-0.005556,0.181335
1.953,115.8,136.2,0,0,0,459.62,0,1,703,357,80,63,-3,63.071,0.098437,-0.008333,0.09879
2.0042,115.8,136.2,0,0,0,0,0,1,683,358,80,43,-2,43.046,0.067187,-0.005556,0.067417
2.0541,115.8,136.2,0,0,0,0,0,1,669,360,80,29,0,29,0.045312,0,0.045312
2.1039,115.8,136.2,0,0,0,0,0,1,672,359,80,32,-1,32.016,0.05,-0.002778,0.050077
2.1524,115.8,136.2,0,0,0,0,0,1,674,358,80,34,-2,34.059,0.053125,-0.005556,0.053415
2.2158,115.8,136.2,0,0,0,0,0,1,684,360,80,44,0,44,0.06875,0,0.06875
2.2661,115.8,136.2,0,0,0,0,0,1,701,358,80,61,-2,61.033,0.095312,-0.005556,0.095474
2.3162,115.8,136.2,0,0,0,0,0,1,707,360,80,67,0,67,0.104688,0,0.104688
2.3651,114.6,136.2,-24.534,0,24.534,-501.605,0,1,745,358,80,105,-2,105.019,0.164062,-0.005556,0.164157
2.4148,113.4,136.2,-24.126,0,24.126,8.214,0,1,751,358,80,111,-2,111.018,0.173437,-0.005556,0.173526
2.4644,112.2,136.2,-24.208,0,24.208,-1.653,0,1,770,357,80,130,-3,130.035,0.203125,-0.008333,0.203296
2.5144,111,136.2,-23.991,0,23.991,4.332,0,1,778,358,80,138,-2,138.014,0.215625,-0.005556,0.215697
2.5654,109.8,136.2,-23.537,0,23.537,8.901,0,1,766,356,80,126,-4,126.063,0.196875,-0.011111,0.197188
2.6165,108.6,136.2,-23.465,0,23.465,1.414,0,1,767,356,80,127,-4,127.063,0.198437,-0.011111,0.198748
2.6656,107.4,136.2,-24.468,0,24.468,-20.449,0,1,773,356,80,133,-4,133.06,0.207813,-0.011111,0.208109
2.7154,106.2,136.2,-24.099,0,24.099,7.411,0,1,767,357,80,127,-3,127.035,0.198437,-0.008333,0.198612
2.7635,105,136.2,-24.938,0,24.938,-17.444,0,1,739,357,80,99,-3,99.045,0.154688,-0.008333,0.154912
2.8153,103.8,136.2,-23.161,0,23.161,34.292,0,1,729,359,80,89,-1,89.006,0.139063,-0.002778,0.13909
2.8653,103.8,136.2,0,0,0,463.362,0,1,696,362,80,56,2,56.036,0.0875,0.005556,0.087676
2.9146,103.8,136.2,0,0,0,0,0,1,679,361,80,39,1,39.013,0.060937,0.002778,0.061001
2.9636,103.8,136.2,0,0,0,0,0,1,662,362,80,22,2,22.091,0.034375,0.005556,0.034821
3.0138,103.8,136.2,0,0,0,0,0,1,664,362,80,24,2,24.083,0.0375,0.005556,0.037909
3.0648,103.8,136.2,0,0,0,0,0,1,692,355,80,52,-5,52.24,0.08125,-0.013889,0.082429
3.1143,103.8,136.2,0,0,0,0,0,1,711,355,80,71,-5,71.176,0.110937,-0.013889,0.111804
3.1633,102.6,136.2,-24.466,0,24.466,-498.834,0,1,743,351,80,103,-9,103.392,0.160938,-0.025,0.162868
3.2142,101.4,136.2,-23.567,0,23.567,17.657,0,1,766,350,80,126,-10,126.396,0.196875,-0.027778,0.198825
3.2644,100.2,136.2,-23.912,0,23.912,-6.865,0,1,808,351,80,168,-9,168.241,0.2625,-0.025,0.263688
3.3149,99,136.2,-23.79,0,23.79,2.411,0,1,810,351,80,170,-9,170.238,0.265625,-0.025,0.266799
3.3646,97.8,136.2,-24.144,0,24.144,-7.111,0,1,799,361,80,159,1,159.003,0.248438,0.002778,0.248453
3.4147,96.6,136.2,-23.961,0,23.961,3.645,0,1,783,357,80,143,-3,143.031,0.223438,-0.008333,0.223593
3.4643,95.4,136.2,-24.154,0,24.154,-3.893,0,1,769,374,80,129,14,129.757,0.201563,0.038889,0.20528
3.5155,94.2,136.2,-23.459,0,23.459,13.595,0,1,760,379,80,120,19,121.495,0.1875,0.052778,0.194786
3.5679,93,136.2,-22.884,0,22.884,10.969,0,1,729,379,80,89,19,91.005,0.139063,0.052778,0.148741
3.6228,93,136.2,0,0,0,416.904,0,1,698,381,80,58,21,61.685,0.090625,0.058333,0.107776
3.6757,93,136.2,0,0,0,0,0,1,698,367,80,58,7,58.421,0.090625,0.019444,0.092688
3.7298,93,136.2,0,0,0,0,0,1,705,359,80,65,-1,65.008,0.101562,-0.002778,0.1016
3.7788,91.8,136.2,-24.473,0,24.473,-499.092,0,1,725,351,80,85,-9,85.475,0.132812,-0.025,0.135145
3.8298,90.6,136.2,-23.544,0,23.544,18.222,0,1,744,348,80,104,-12,104.69,0.1625,-0.033333,0.165884
3.8829,89.4,136.2,-22.585,0,22.585,18.041,0,1,756,348,80,116,-12,116.619,0.18125,-0.033333,0.18429
3.9323,88.2,136.2,-24.29,0,24.29,-34.501,0,1,743,351,80,103,-9,103.392,0.160938,-0.025,0.162868
3.9844,88.2,136.2,0,0,0,466.128,0,1,720,351,80,80,-9,80.505,0.125,-0.025,0.127475
4.0356,87,136.2,-23.425,0,23.425,-457.263,0,1,725,346,80,85,-14,86.145,0.132812,-0.038889,0.138389
4.0879,85.8,136.2,-22.978,0,22.978,8.546,0,1,728,353,80,88,-7,88.278,0.1375,-0.019444,0.138868
4.1377,84.6,136.2,-24.1,0,24.1,-22.516,0,1,736,357,80,96,-3,96.047,0.15,-0.008333,0.150231
4.1876,83.4,136.2,-24.006,0,24.006,1.867,0,1,741,365,80,101,5,101.124,0.157812,0.013889,0.158422
4.2376,83.4,136.2,0,0,0,480.438,0,1,666,363,80,26,3,26.173,0.040625,0.008333,0.041471
4.2893,83.4,136.2,0,0,0,0,0,1,653,364,80,13,4,13.601,0.020313,0.011111,0.023153
4.3411,83.4,136.2,0,0,0,0,0,1,656,353,80,16,-7,17.464,0.025,-0.019444,0.031672
4.3942,83.4,136.2,0,0,0,0,0,1,674,343,80,34,-17,38.013,0.053125,-0.047222,0.071079
4.446,83.4,136.2,0,0,0,0,0,1,682,344,80,42,-16,44.944,0.065625,-0.044444,0.079259
4.4979,83.4,136.2,0,0,0,0,0,1,694,344,80,54,-16,56.321,0.084375,-0.044444,0.095365
4.55,83.4,136.2,0,0,0,0,0,1,708,343,80,68,-17,70.093,0.10625,-0.047222,0.116271
4.6016,82.2,136.2,-23.259,0,23.259,-450.832,0,1,729,344,80,89,-16,90.427,0.139063,-0.044444,0.145992
4.6527,81,136.2,-23.479,0,23.479,-4.297,0,1,730,344,80,90,-16,91.411,0.140625,-0.044444,0.147481
4.7035,79.8,136.2,-23.626,0,23.626,-2.901,0,1,753,343,80,113,-17,114.272,0.176563,-0.047222,0.182768
4.7547,78.6,136.2,-23.434,0,23.434,3.759,0,1,759,343,80,119,-17,120.208,0.185938,-0.047222,0.19184
4.8029,77.4,136.2,-24.931,0,24.931,-31.104,0,1,764,347,80,124,-13,124.68,0.19375,-0.036111,0.197086
4.852,76.2,136.2,-24.409,0,24.409,10.612,0,1,729,347,80,89,-13,89.944,0.139063,-0.036111,0.143675
4.9041,76.2,136.2,0,0,0,469.264,0,1,643,350,80,3,-10,10.44,0.004687,-0.027778,0.028171
4.9542,76.2,136.2,0,0,0,0,0,1,637,350,80,-3,-10,10.44,-0.004687,-0.027778,0.028171
5.0014,76.2,136.2,0,0,0,0,0,1,639,351,80,-1,-9,9.055,-0.001563,-0.025,0.025049
5.0501,76.2,136.2,0,0,0,0,0,1,637,351,80,-3,-9,9.487,-0.004687,-0.025,0.025436
5.0989,76.2,136.2,0,0,0,0,0,1,644,349,80,4,-11,11.705,0.00625,-0.030556,0.031188
5.1482,76.2,136.2,0,0,0,0,0,1,640,350,80,0,-10,10,0,-0.027778,0.027778
5.1964,76.2,136.2,0,0,0,0,0,1,643,350,80,3,-10,10.44,0.004687,-0.027778,0.028171
5.2461,76.2,136.2,0,0,0,0,0,1,645,351,80,5,-9,10.296,0.007812,-0.025,0.026192
5.2985,76.2,136.2,0,0,0,0,0,1,643,350,80,3,-10,10.44,0.004687,-0.027778,0.028171
5.3511,76.2,136.2,0,0,0,0,0,1,640,351,80,0,-9,9,0,-0.025,0.025
5.4026,76.2,136.2,0,0,0,0,0,1,639,355,80,-1,-5,5.099,-0.001563,-0.013889,0.013977
5.4534,76.2,136.2,0,0,0,0,0,1,640,351,80,0,-9,9,0,-0.025,0.025
5.5051,76.2,136.2,0,0,0,0,0,1,637,348,80,-3,-12,12.369,-0.004687,-0.033333,0.033661
5.5572,76.2,136.2,0,0,0,0,0,1,629,355,80,-11,-5,12.083,-0.017188,-0.013889,0.022098
5.6096,76.2,136.2,0,0,0,0,0,1,627,351,80,-13,-9,15.811,-0.020313,-0.025,0.032212
5.6613,76.2,136.2,0,0,0,0,0,1,618,352,80,-22,-8,23.409,-0.034375,-0.022222,0.040932
5.7133,76.2,136.2,0,0,0,0,0,1,615,354,80,-25,-6,25.71,-0.039062,-0.016667,0.042469
5.7658,76.2,136.2,0,0,0,0,0,1,599,355,80,-41,-5,41.304,-0.064062,-0.013889,0.065551
5.8203,76.2,136.2,0,0,0,0,0,1,598,357,80,-42,-3,42.107,-0.065625,-0.008333,0.066152
5.874,76.2,136.2,0,0,0,0,0,1,588,364,80,-52,4,52.154,-0.08125,0.011111,0.082006
5.9292,76.2,136.2,0,0,0,0,0,1,567,367,80,-73,7,73.335,-0.114062,0.019444,0.115708
5.9832,77.4,136.2,22.223,0,22.223,411.553,0,1,549,368,80,-91,8,91.351,-0.142187,0.022222,0.143914
6.0345,78.6,136.2,23.394,0,23.394,22.829,0,1,519,371,80,-121,11,121.499,-0.189062,0.030556,0.191516
6.0864,79.8,136.2,23.088,0,23.088,-5.889,0,1,499,373,80,-141,13,141.598,-0.220312,0.036111,0.223252
6.1393,81,136.2,22.681,0,22.681,-7.691,0,1,457,368,80,-183,8,183.175,-0.285938,0.022222,0.2868
6.1933,82.2,136.2,22.238,0,22.238,-8.207,0,1,437,361,80,-203,1,203.002,-0.317188,0.002778,0.3172
6.2461,83.4,136.2,22.72,0,22.72,9.111,0,1,425,363,80,-215,3,215.021,-0.335938,0.008333,0.336041
6.2986,84.6,136.2,22.872,0,22.872,2.902,0,1,406,366,80,-234,6,234.077,-0.365625,0.016667,0.366005
6.3496,85.8,136.2,23.517,0,23.517,12.652,0,1,429,370,80,-211,10,211.237,-0.329688,0.027778,0.330856
6.4007,87,136.2,23.471,0,23.471,-0.909,0,1,452,366,80,-188,6,188.096,-0.29375,0.016667,0.294222
6.4502,88.2,136.2,24.288,0,24.288,16.537,0,1,412,346,80,-228,-14,228.429,-0.35625,-0.038889,0.358366
6.5028,89.4,136.2,22.781,0,22.781,-28.603,0,1,403,340,80,-237,-20,237.842,-0.370312,-0.055556,0.374457
6.5551,90.6,136.2,22.945,0,22.945,3.126,0,1,432,372,80,-208,12,208.346,-0.325,0.033333,0.326705
6.6033,91.8,136.2,24.906,0,24.906,40.698,0,1,427,372,80,-213,12,213.338,-0.332813,0.033333,0.334478
6.6538,93,136.2,23.774,0,23.774,-22.413,0,1,416,378,80,-224,18,224.722,-0.35,0.05,0.353553
6.7032,94.2,136.2,24.301,0,24.301,10.655,0,1,407,388,80,-233,28,234.676,-0.364063,0.077778,0.372278
6.7524,95.4,136.2,24.376,0,24.376,1.532,0,1,374,387,80,-266,27,267.367,-0.415625,0.075,0.422338
6.8016,96.6,136.2,24.383,0,24.383,0.151,0,1,304,394,80,-336,34,337.716,-0.525,0.094444,0.533427
6.8513,97.8,136.2,24.158,0,24.158,-4.536,0,1,322,424,80,-318,64,324.376,-0.496875,0.177778,0.527721
6.9024,99,136.2,23.485,0,23.485,-13.166,0,1,335,356,80,-305,-4,305.026,-0.476562,-0.011111,0.476692
6.9542,100.2,136.2,23.14,0,23.14,-6.657,0,1,333,404,80,-307,44,310.137,-0.479687,0.122222,0.495014
7.0072,101.4,136.2,22.637,0,22.637,-9.489,0,1,314,399,80,-326,39,328.325,-0.509375,0.108333,0.520768
7.0601,102.6,136.2,22.701,0,22.701,1.209,0,1,325,410,80,-315,50,318.944,-0.492188,0.138889,0.511409
7.1125,103.8,136.2,22.902,0,22.902,3.828,0,1,332,407,80,-308,47,311.565,-0.48125,0.130556,0.498644
7.1634,105,136.2,23.593,0,23.593,13.59,0,1,310,437,80,-330,77,338.864,-0.515625,0.213889,0.558227
7.2133,106.2,136.2,24.028,0,24.028,8.71,0,1,277,430,80,-363,70,369.688,-0.567187,0.194444,0.599592
7.2628,107.4,136.2,24.224,0,24.224,3.955,0,1,250,432,80,-390,72,396.59,-0.609375,0.2,0.641356
7.313,108.6,136.2,23.938,0,23.938,-5.693,0,1,251,439,80,-389,79,396.941,-0.607812,0.219444,0.646214
7.3643,109.8,136.2,23.375,0,23.375,-10.973,0,1,246,429,80,-394,69,399.996,-0.615625,0.191667,0.644771
7.4139,111,136.2,24.206,0,24.206,16.768,0,1,241,432,80,-399,72,405.444,-0.623437,0.2,0.654732
7.4637,112.2,136.2,24.091,0,24.091,-2.312,0,1,260,432,80,-380,72,386.761,-0.59375,0.2,0.626529
7.5136,113.4,136.2,24.035,0,24.035,-1.127,0,1,254,397,80,-386,37,387.769,-0.603125,0.102778,0.611819
7.5631,114.6,136.2,24.231,0,24.231,3.958,0,1,229,407,80,-411,47,413.679,-0.642188,0.130556,0.655324
7.6132,115.8,136.2,23.979,0,23.979,-5.029,0,1,240,403,80,-400,43,402.305,-0.625,0.119444,0.636311
7.6629,117,136.2,24.131,0,24.131,3.049,0,1,241,413,80,-399,53,402.505,-0.623437,0.147222,0.640585
7.7178,118.2,136.2,21.864,0,21.864,-41.302,0,1,229,407,80,-411,47,413.679,-0.642188,0.130556,0.655324
7.7693,119.4,136.2,23.285,0,23.285,27.566,0,1,213,406,80,-427,46,429.471,-0.667188,0.127778,0.679313
7.8192,120.6,136.2,24.058,0,24.058,15.499,0,1,207,400,80,-433,40,434.844,-0.676562,0.111111,0.685626
7.8687,121.8,136.2,24.258,0,24.258,4.043,0,1,187,398,80,-453,38,454.591,-0.707812,0.105556,0.71564
7.9184,123,136.2,24.153,0,24.153,-2.113,0,1,177,394,80,-463,34,464.247,-0.723437,0.094444,0.729576
7.967,124.2,136.2,24.663,0,24.663,10.491,0,1,147,401,80,-493,41,494.702,-0.770312,0.113889,0.778686
8.0183,125.4,136.2,23.42,0,23.42,-24.266,0,1,164,403,80,-476,43,477.938,-0.74375,0.119444,0.75328
8.0677,126.6,136.2,24.282,0,24.282,17.452,0,1,218,379,80,-422,19,422.428,-0.659375,0.052778,0.661484
8.1181,127.8,136.2,23.779,0,23.779,-9.969,0,1,209,386,80,-431,26,431.784,-0.673438,0.072222,0.677299
8.1686,129,136.2,23.785,0,23.785,0.12,0,1,217,398,80,-423,38,424.703,-0.660937,0.105556,0.669313
8.2183,130.2,136.2,24.144,0,24.144,7.208,0,1,214,393,80,-426,33,427.276,-0.665625,0.091667,0.671907
8.2688,131.4,136.2,23.759,0,23.759,-7.611,0,1,178,402,80,-462,42,463.905,-0.721875,0.116667,0.731242
8.319,132.6,136.2,23.912,0,23.912,3.052,0,1,161,398,80,-479,38,480.505,-0.748437,0.105556,0.755844
8.3687,133.8,136.2,24.131,0,24.131,4.392,0,1,207,378,80,-433,18,433.374,-0.676562,0.05,0.678408
8.4187,135,136.2,24.007,0,24.007,-2.484,0,1,230,379,80,-410,19,410.44,-0.640625,0.052778,0.642795
8.4684,136.2,136.2,24.134,0,24.134,2.553,0,1,211,381,80,-429,21,429.514,-0.670312,0.058333,0.672846
8.5183,137.4,136.2,24.078,0,24.078,-1.121,0,1,204,371,80,-436,11,436.139,-0.68125,0.030556,0.681935
8.5686,138.6,136.2,23.835,0,23.835,-4.824,0,1,224,374,80,-416,14,416.236,-0.65,0.038889,0.651162
8.6184,139.8,136.2,24.112,0,24.112,5.561,0,1,212,385,80,-428,25,428.73,-0.66875,0.069444,0.672346
8.6689,141,136.2,23.766,0,23.766,-6.837,0,1,223,383,80,-417,23,417.634,-0.651563,0.063889,0.654687
8.7201,142.2,136.2,23.426,0,23.426,-6.651,0,1,276,383,80,-364,23,364.726,-0.56875,0.063889,0.572327
8.77,143.4,136.2,24.031,0,24.031,12.124,0,1,277,386,80,-363,26,363.93,-0.567187,0.072222,0.571767
8.8181,144.6,136.2,24.969,0,24.969,19.523,0,1,269,388,80,-371,28,372.055,-0.579688,0.077778,0.584882
8.8686,145.8,136.2,23.742,0,23.742,-24.276,0,1,308,372,80,-332,12,332.217,-0.51875,0.033333,0.51982
8.919,147,136.2,23.817,0,23.817,1.469,0,1,330,369,80,-310,9,310.131,-0.484375,0.025,0.48502
8.9692,148.2,136.2,23.89,0,23.89,1.472,0,1,360,378,80,-280,18,280.578,-0.4375,0.05,0.440348
9.019,149.4,136.2,24.101,0,24.101,4.232,0,1,370,374,80,-270,14,270.363,-0.421875,0.038889,0.423664
9.0689,150.6,136.2,24.078,0,24.078,-0.456,0,1,394,367,80,-246,7,246.1,-0.384375,0.019444,0.384867
9.1193,151.8,136.2,23.803,0,23.803,-5.46,0,1,403,365,80,-237,5,237.053,-0.370312,0.013889,0.370573
9.169,153,136.2,24.158,0,24.158,7.144,0,1,458,372,80,-182,12,182.395,-0.284375,0.033333,0.286322
9.219,154.2,136.2,23.963,0,23.963,-3.891,0,1,478,370,80,-162,10,162.308,-0.253125,0.027778,0.254645
9.2693,155.4,136.2,23.879,0,23.879,-1.676,0,1,512,363,80,-128,3,128.035,-0.2,0.008333,0.200174
9.3193,156.6,136.2,24.016,0,24.016,2.75,0,1,514,362,80,-126,2,126.016,-0.196875,0.005556,0.196953
9.3693,157.8,136.2,23.989,0,23.989,-0.538,0,1,514,366,80,-126,6,126.143,-0.196875,0.016667,0.197579
9.4196,157.8,136.2,0,0,0,-476.573,0,1,583,353,80,-57,-7,57.428,-0.089063,-0.019444,0.09116
9.4685,157.8,136.2,0,0,0,0,0,1,595,352,80,-45,-8,45.706,-0.070312,-0.022222,0.073741
9.519,157.8,136.2,0,0,0,0,0,1,599,354,80,-41,-6,41.437,-0.064062,-0.016667,0.066195
9.5696,157.8,136.2,0,0,0,0,0,1,612,365,80,-28,5,28.443,-0.04375,0.013889,0.045902
9.6183,157.8,136.2,0,0,0,0,0,1,614,366,80,-26,6,26.683,-0.040625,0.016667,0.043911
9.6677,157.8,136.2,0,0,0,0,0,1,610,356,80,-30,-4,30.265,-0.046875,-0.011111,0.048174
9.7164,157.8,136.2,0,0,0,0,0,1,604,355,80,-36,-5,36.346,-0.05625,-0.013889,0.057939
9.7655,157.8,136.2,0,0,0,0,0,1,600,360,80,-40,0,40,-0.0625,0,0.0625
9.8145,157.8,136.2,0,0,0,0,0,1,605,362,80,-35,2,35.057,-0.054688,0.005556,0.054969
9.8636,157.8,136.2,0,0,0,0,0,1,609,363,80,-31,3,31.145,-0.048438,0.008333,0.049149
9.9129,157.8,136.2,0,0,0,0,0,1,606,361,80,-34,1,34.015,-0.053125,0.002778,0.053198
9.9639,157.8,136.2,0,0,0,0,0,1,601,369,80,-39,9,40.025,-0.060937,0.025,0.065866
10.0132,157.8,136.2,0,0,0,0,0,1,595,363,80,-45,3,45.1,-0.070312,0.008333,0.070805
10.0628,157.8,136.2,0,0,0,0,0,1,591,355,80,-49,-5,49.254,-0.076563,-0.013889,0.077812
10.1119,157.8,136.2,0,0,0,0,0,1,587,359,80,-53,-1,53.009,-0.082812,-0.002778,0.082859
10.1611,157.8,136.2,0,0,0,0,0,1,595,363,80,-45,3,45.1,-0.070312,0.008333,0.070805
10.2116,157.8,136.2,0,0,0,0,0,1,594,363,80,-46,3,46.098,-0.071875,0.008333,0.072356
10.2609,157.8,136.2,0,0,0,0,0,1,591,366,80,-49,6,49.366,-0.076563,0.016667,0.078356
10.3101,157.8,136.2,0,0,0,0,0,1,594,362,80,-46,2,46.043,-0.071875,0.005556,0.072089
10.3591,157.8,136.2,0,0,0,0,0,1,602,366,80,-38,6,38.471,-0.059375,0.016667,0.06167
10.4071,157.8,136.2,0,0,0,0,0,1,608,365,80,-32,5,32.388,-0.05,0.013889,0.051893
10.4555,157.8,136.2,0,0,0,0,0,1,620,366,80,-20,6,20.881,-0.03125,0.016667,0.035417
10.5043,157.8,136.2,0,0,0,0,0,1,629,367,80,-11,7,13.038,-0.017188,0.019444,0.025952
10.5528,157.8,136.2,0,0,0,0,0,1,633,368,80,-7,8,10.63,-0.010937,0.022222,0.024768
10.6021,157.8,136.2,0,0,0,0,0,1,647,369,80,7,9,11.402,0.010937,0.025,0.027288
10.6509,157.8,136.2,0,0,0,0,0,1,642,371,80,2,11,11.18,0.003125,0.030556,0.030715
10.6999,157.8,136.2,0,0,0,0,0,1,639,372,80,-1,12,12.042,-0.001563,0.033333,0.03337
10.7487,157.8,136.2,0,0,0,0,0,1,644,373,80,4,13,13.601,0.00625,0.036111,0.036648
10.7981,157.8,136.2,0,0,0,0,0,1,658,377,80,18,17,24.759,0.028125,0.047222,0.054963
10.8476,157.8,136.2,0,0,0,0,0,1,664,374,80,24,14,27.785,0.0375,0.038889,0.054024
10.8964,157.8,136.2,0,0,0,0,0,1,668,390,80,28,30,41.037,0.04375,0.083333,0.09412
10.946,157.8,136.2,0,0,0,0,0,1,683,382,80,43,22,48.301,0.067187,0.061111,0.090823
10.9957,157.8,136.2,0,0,0,0,0,1,713,383,80,73,23,76.538,0.114062,0.063889,0.130737
11.0449,157.8,136.2,0,0,0,0,0,1,718,387,80,78,27,82.541,0.121875,0.075,0.143103
11.094,156.6,136.2,-24.446,0,24.446,-498.016,0,1,753,380,80,113,20,114.756,0.176563,0.055556,0.185097
11.1434,155.4,136.2,-24.286,0,24.286,3.249,0,1,761,383,80,121,23,123.167,0.189062,0.063889,0.199566
11.1956,154.2,136.2,-23.021,0,23.021,24.257,0,1,760,387,80,120,27,123,0.1875,0.075,0.201944
11.2458,153,136.2,-23.904,0,23.904,-17.59,0,1,769,388,80,129,28,132.004,0.201563,0.077778,0.216048
11.2957,151.8,136.2,-24.029,0,24.029,-2.491,0,1,778,388,80,138,28,140.812,0.215625,0.077778,0.229224
11.348,150.6,136.2,-22.927,0,22.927,21.046,0,1,793,395,80,153,35,156.952,0.239063,0.097222,0.258076
11.4005,149.4,136.2,-22.887,0,22.887,0.758,0,1,739,402,80,99,42,107.541,0.154688,0.116667,0.193751
11.4527,148.2,136.2,-22.998,0,22.998,-2.121,0,1,726,404,80,86,44,96.602,0.134375,0.122222,0.181645
11.5044,148.2,136.2,0,0,0,444.321,0,1,707,399,80,67,39,77.524,0.104688,0.108333,0.150651
11.5545,148.2,136.2,0,0,0,0,0,1,696,409,80,56,49,74.411,0.0875,0.136111,0.16181
11.6038,148.2,136.2,0,0,0,0,0,0,,,80,0,0,0,0,0,0
11.6481,148.2,136.2,0,0,0,0,0,0,,,80,0,0,0,0,0,0
11.6953,147,136.2,-25.387,0,25.387,-537.092,0,1,804,401,80,164,41,169.047,0.25625,0.113889,0.280419
11.748,145.8,136.2,-22.769,0,22.769,49.683,0,1,776,410,80,136,50,144.9,0.2125,0.138889,0.253863
11.8004,144.6,136.2,-22.937,0,22.937,-3.217,0,1,784,406,80,144,46,151.169,0.225,0.127778,0.258751
11.8525,144.6,136.2,0,0,0,439.85,0,0,,,80,0,0,0,0,0,0
11.9006,144.6,136.2,0,0,0,0,0,0,,,80,0,0,0,0,0,0
11.9466,143.4,136.2,-26.099,0,26.099,-567.619,0,1,742,402,80,102,42,110.309,0.159375,0.116667,0.197513
11.9964,143.4,136.2,0,0,0,523.888,0,0,,,80,0,0,0,0,0,0
12.0403,142.2,136.2,-27.304,0,27.304,-621.237,0,1,777,398,80,137,38,142.172,0.214062,0.105556,0.238673
12.0897,141,136.2,-24.295,0,24.295,60.92,0,1,780,391,80,140,31,143.391,0.21875,0.086111,0.235089
12.1395,139.8,136.2,-24.125,0,24.125,3.409,0,1,782,396,80,142,36,146.492,0.221875,0.1,0.243369
12.1888,138.6,136.2,-24.342,0,24.342,-4.395,0,1,776,424,80,136,64,150.306,0.2125,0.177778,0.277058
12.2386,137.4,136.2,-24.093,0,24.093,4.983,0,1,778,419,80,138,59,150.083,0.215625,0.163889,0.270839
12.2884,136.2,136.2,-24.091,0,24.091,0.046,0,1,748,424,80,108,64,125.539,0.16875,0.177778,0.245115
12.3385,135,136.2,-23.953,0,23.953,2.751,0,1,737,414,80,97,54,111.018,0.151562,0.15,0.21324
12.3886,133.8,136.2,-23.962,0,23.962,-0.169,0,1,736,411,80,96,51,108.706,0.15,0.141667,0.206324
12.4385,133.8,136.2,0,0,0,479.453,0,0,,,80,0,0,0,0,0,0
12.4839,132.6,136.2,-26.439,0,26.439,-582.535,0,1,764,406,80,124,46,132.257,0.19375,0.127778,0.232091
12.5374,131.4,136.2,-22.425,0,22.425,75.013,0,1,728,409,80,88,49,100.722,0.1375,0.136111,0.193475
12.588,130.2,136.2,-23.722,0,23.722,-25.638,0,1,722,412,80,82,52,97.098,0.128125,0.144444,0.193081
12.6385,129,136.2,-23.761,0,23.761,-0.774,0,1,738,408,80,98,48,109.124,0.153125,0.133333,0.20304
12.6888,127.8,136.2,-23.878,0,23.878,-2.326,0,1,744,409,80,104,49,114.965,0.1625,0.136111,0.211973
12.7411,126.6,136.2,-22.917,0,22.917,18.365,0,1,736,407,80,96,47,106.888,0.15,0.130556,0.198859
12.7934,126.6,136.2,0,0,0,438.387,0,1,689,407,80,49,47,67.897,0.076563,0.130556,0.151349
12.8448,126.6,136.2,0,0,0,0,0,1,685,401,80,45,41,60.877,0.070312,0.113889,0.133845
12.8965,126.6,136.2,0,0,0,0,0,0,,,80,0,0,0,0,0,0
12.9451,126.6,136.2,0,0,0,0,0,0,,,80,0,0,0,0,0,0
12.9933,126.6,136.2,0,0,0,0,0,1,670,384,80,30,24,38.419,0.046875,0.066667,0.081497
13.0454,126.6,136.2,0,0,0,0,0,1,709,391,80,69,31,75.644,0.107813,0.086111,0.137981
13.0969,125.4,136.2,-23.291,0,23.291,-452.076,0,1,727,392,80,87,32,92.698,0.135937,0.088889,0.16242
13.1504,124.2,136.2,-22.431,0,22.431,16.085,0,1,738,393,80,98,33,103.407,0.153125,0.091667,0.178466
13.2029,123,136.2,-22.86,0,22.86,-8.175,0,1,753,390,80,113,30,116.914,0.176563,0.083333,0.19524
13.2555,121.8,136.2,-22.819,0,22.819,0.788,0,1,754,392,80,114,32,118.406,0.178125,0.088889,0.199072
13.3078,121.8,136.2,0,0,0,436.302,0,1,717,405,80,77,45,89.185,0.120313,0.125,0.173494
13.3596,121.8,136.2,0,0,0,0,0,1,704,410,80,64,50,81.216,0.1,0.138889,0.171144
13.4135,121.8,136.2,0,0,0,0,0,1,707,410,80,67,50,83.6,0.104688,0.138889,0.173924
13.4649,121.8,136.2,0,0,0,0,0,0,,,80,0,0,0,0,0,0
13.5135,121.8,136.2,0,0,0,0,0,0,,,80,0,0,0,0,0,0
13.5622,120.6,136.2,-24.67,0,24.67,-507.182,0,1,761,397,80,121,37,126.531,0.189062,0.102778,0.215193
13.6146,119.4,136.2,-22.876,0,22.876,34.206,0,1,781,402,80,141,42,147.122,0.220312,0.116667,0.249296
13.6672,118.2,136.2,-22.822,0,22.822,1.028,0,1,795,400,80,155,40,160.078,0.242188,0.111111,0.266459
13.7207,117,136.2,-22.414,0,22.414,7.614,0,1,801,401,80,161,41,166.138,0.251563,0.113889,0.276142
13.7709,115.8,136.2,-23.915,0,23.915,-29.902,0,1,761,401,80,121,41,127.758,0.189062,0.113889,0.220715
13.8207,114.6,136.2,-24.094,0,24.094,-3.595,0,1,744,399,80,104,39,111.072,0.1625,0.108333,0.195301
13.8708,113.4,136.2,-23.956,0,23.956,2.745,0,1,731,402,80,91,42,100.225,0.142187,0.116667,0.183925
13.9209,113.4,136.2,0,0,0,478.834,0,1,715,406,80,75,46,87.983,0.117188,0.127778,0.173378
13.9703,113.4,136.2,0,0,0,0,0,1,669,404,80,29,44,52.697,0.045312,0.122222,0.130351
14.023,113.4,136.2,0,0,0,0,0,1,641,410,80,1,50,50.01,0.001563,0.138889,0.138898
14.0721,113.4,136.2,0,0,0,0,0,1,687,412,80,47,52,70.093,0.073438,0.144444,0.162041
14.1246,113.4,136.2,0,0,0,0,0,1,669,403,80,29,43,51.865,0.045312,0.119444,0.127751
14.1777,113.4,136.2,0,0,0,0,0,1,719,402,80,79,42,89.471,0.123438,0.116667,0.169847
14.2363,113.4,136.2,0,0,0,0,0,1,715,402,80,75,42,85.959,0.117188,0.116667,0.16536
14.2903,112.2,136.2,-22.232,0,22.232,-411.899,0,1,741,397,80,101,37,107.564,0.157812,0.102778,0.18833
14.3438,111,136.2,-22.452,0,22.452,-4.108,0,1,749,395,80,109,35,114.481,0.170313,0.097222,0.196108
14.3968,109.8,136.2,-22.604,0,22.604,-2.864,0,1,758,396,80,118,36,123.369,0.184375,0.1,0.209748
14.4494,108.6,136.2,-22.816,0,22.816,-4.033,0,1,744,392,80,104,32,108.812,0.1625,0.088889,0.185223
14.5026,107.4,136.2,-22.588,0,22.588,4.294,0,1,724,401,80,84,41,93.472,0.13125,0.113889,0.173774
14.5557,107.4,136.2,0,0,0,424.948,0,1,719,402,80,79,42,89.471,0.123438,0.116667,0.169847
14.6082,107.4,136.2,0,0,0,0,0,1,699,407,80,59,47,75.432,0.092188,0.130556,0.159823
14.6585,107.4,136.2,0,0,0,0,0,1,681,404,80,41,44,60.141,0.064062,0.122222,0.137994
14.7067,107.4,136.2,0,0,0,0,0,1,681,402,80,41,42,58.694,0.064062,0.116667,0.133098
14.7586,107.4,136.2,0,0,0,0,0,1,698,400,80,58,40,70.456,0.090625,0.111111,0.143383
14.8077,107.4,136.2,0,0,0,0,0,1,702,397,80,62,37,72.201,0.096875,0.102778,0.141238
14.8596,107.4,136.2,0,0,0,0,0,1,719,396,80,79,36,86.816,0.123438,0.1,0.158861
14.9085,106.2,136.2,-24.549,0,24.549,-502.207,0,1,733,391,80,93,31,98.031,0.145313,0.086111,0.168911
14.958,105,136.2,-24.218,0,24.218,6.67,0,1,750,386,80,110,26,113.031,0.171875,0.072222,0.186432
15.0077,103.8,136.2,-24.147,0,24.147,1.438,0,1,753,393,80,113,33,117.72,0.176563,0.091667,0.19894
15.0578,103.8,136.2,0,0,0,482.41,0,0,,,80,0,0,0,0,0,0
15.104,102.6,136.2,-25.964,0,25.964,-561.796,0,1,782,401,80,142,41,147.801,0.221875,0.113889,0.249398
15.1541,101.4,136.2,-23.98,0,23.98,39.65,0,1,801,402,80,161,42,166.388,0.251563,0.116667,0.277299
15.2049,100.2,136.2,-23.592,0,23.592,7.644,0,1,813,399,80,173,39,177.341,0.270313,0.108333,0.291213
15.2576,99,136.2,-22.778,0,22.778,15.444,0,1,732,393,80,92,33,97.739,0.14375,0.091667,0.17049
15.3081,97.8,136.2,-23.77,0,23.77,-19.653,0,1,722,376,80,82,16,83.546,0.128125,0.044444,0.135615
15.3596,96.6,136.2,-23.287,0,23.287,9.38,0,1,765,395,80,125,35,129.808,0.195312,0.097222,0.218172
15.4128,96.6,136.2,0,0,0,437.626,0,1,691,390,80,51,30,59.169,0.079687,0.083333,0.115302
15.4605,96.6,136.2,0,0,0,0,0,1,655,388,80,15,28,31.765,0.023438,0.077778,0.081232
15.5095,96.6,136.2,0,0,0,0,0,1,662,390,80,22,30,37.202,0.034375,0.083333,0.090145
15.5583,96.6,136.2,0,0,0,0,0,1,678,386,80,38,26,46.043,0.059375,0.072222,0.093496
15.6075,96.6,136.2,0,0,0,0,0,1,698,384,80,58,24,62.769,0.090625,0.066667,0.112505
15.6596,96.6,136.2,0,0,0,0,0,1,704,384,80,64,24,68.352,0.1,0.066667,0.120185
15.7113,96.6,136.2,0,0,0,0,0,1,705,385,80,65,25,69.642,0.101562,0.069444,0.123034
15.7601,95.4,136.2,-24.62,0,24.62,-505.115,0,1,729,383,80,89,23,91.924,0.139063,0.063889,0.153036
15.8124,94.2,136.2,-22.945,0,22.945,32.02,0,1,744,381,80,104,21,106.099,0.1625,0.058333,0.172653
15.8619,93,136.2,-24.254,0,24.254,-26.449,0,1,765,384,80,125,24,127.283,0.195312,0.066667,0.206377
15.9114,91.8,136.2,-24.232,0,24.232,0.441,0,1,774,385,80,134,25,136.312,0.209375,0.069444,0.220591
15.9607,91.8,136.2,0,0,0,491.603,0,1,713,387,80,73,27,77.833,0.114062,0.075,0.136511
16.0096,91.8,136.2,0,0,0,0,0,1,697,385,80,57,25,62.241,0.089063,0.069444,0.112937
16.0609,91.8,136.2,0,0,0,0,0,1,674,382,80,34,22,40.497,0.053125,0.061111,0.080974
16.1123,91.8,136.2,0,0,0,0,0,1,667,378,80,27,18,32.45,0.042188,0.05,0.06542
16.1645,91.8,136.2,0,0,0,0,0,1,671,375,80,31,15,34.438,0.048438,0.041667,0.063893
16.2155,91.8,136.2,0,0,0,0,0,1,675,374,80,35,14,37.696,0.054688,0.038889,0.067105
16.2678,91.8,136.2,0,0,0,0,0,1,679,375,80,39,15,41.785,0.060937,0.041667,0.073821
16.3187,91.8,136.2,0,0,0,0,0,1,690,373,80,50,13,51.662,0.078125,0.036111,0.086067
16.3692,91.8,136.2,0,0,0,0,0,1,700,375,80,60,15,61.847,0.09375,0.041667,0.102592
16.4184,91.8,136.2,0,0,0,0,0,1,703,373,80,63,13,64.327,0.098437,0.036111,0.104852
16.4675,91.8,136.2,0,0,0,0,0,1,715,365,80,75,5,75.166,0.117188,0.013889,0.118008
16.5164,91.8,136.2,0,0,0,0,0,1,715,369,80,75,9,75.538,0.117188,0.025,0.119824
16.5656,90.6,136.2,-24.417,0,24.417,-496.833,0,1,727,370,80,87,10,87.573,0.135937,0.027778,0.138747
16.615,89.4,136.2,-24.291,0,24.291,2.564,0,1,730,371,80,90,11,90.67,0.140625,0.030556,0.143906
16.6648,88.2,136.2,-24.079,0,24.079,4.239,0,1,724,365,80,84,5,84.149,0.13125,0.013889,0.131983
16.7125,87,136.2,-25.17,0,25.17,-22.873,0,1,724,368,80,84,8,84.38,0.13125,0.022222,0.133118
16.761,85.8,136.2,-24.734,0,24.734,8.979,0,1,721,370,80,81,10,81.615,0.126562,0.027778,0.129575
16.8111,85.8,136.2,0,0,0,493.546,0,1,720,362,80,80,2,80.025,0.125,0.005556,0.125123
16.8618,85.8,136.2,0,0,0,0,0,1,643,364,80,3,4,5,0.004687,0.011111,0.012059
16.9108,85.8,136.2,0,0,0,0,0,1,606,363,80,-34,3,34.132,-0.053125,0.008333,0.053775
16.9597,85.8,136.2,0,0,0,0,0,1,601,366,80,-39,6,39.459,-0.060937,0.016667,0.063176
17.0102,85.8,136.2,0,0,0,0,0,1,600,352,80,-40,-8,40.792,-0.0625,-0.022222,0.066333
17.0584,85.8,136.2,0,0,0,0,0,1,592,359,80,-48,-1,48.01,-0.075,-0.002778,0.075051
17.1104,85.8,136.2,0,0,0,0,0,1,591,351,80,-49,-9,49.82,-0.076563,-0.025,0.080541
17.158,85.8,136.2,0,0,0,0,0,1,585,365,80,-55,5,55.227,-0.085938,0.013889,0.087053
17.2077,85.8,136.2,0,0,0,0,0,1,584,368,80,-56,8,56.569,-0.0875,0.022222,0.090278
17.2567,85.8,136.2,0,0,0,0,0,1,573,388,80,-67,28,72.615,-0.104688,0.077778,0.130418
17.3061,85.8,136.2,0,0,0,0,0,1,569,381,80,-71,21,74.041,-0.110937,0.058333,0.125339
17.3552,85.8,136.2,0,0,0,0,0,1,560,374,80,-80,14,81.216,-0.125,0.038889,0.13091
17.4058,87,136.2,23.686,0,23.686,467.515,0,1,550,370,80,-90,10,90.554,-0.140625,0.027778,0.143342
17.4581,88.2,136.2,22.968,0,22.968,-13.739,0,1,529,369,80,-111,9,111.364,-0.173437,0.025,0.17523
17.5109,89.4,136.2,22.72,0,22.72,-4.69,0,1,522,371,80,-118,11,118.512,-0.184375,0.030556,0.18689
17.5599,90.6,136.2,24.498,0,24.498,36.291,0,1,499,357,80,-141,-3,141.032,-0.220312,-0.008333,0.22047
17.6105,91.8,136.2,23.69,0,23.69,-15.942,0,1,495,343,80,-145,-17,145.993,-0.226562,-0.047222,0.231431
17.6638,93,136.2,22.543,0,22.543,-21.561,0,1,547,361,80,-93,1,93.005,-0.145313,0.002778,0.145339
17.7156,94.2,136.2,23.134,0,23.134,11.398,0,1,557,365,80,-83,5,83.15,-0.129688,0.013889,0.130429
17.7673,95.4,136.2,23.249,0,23.249,2.221,0,1,537,367,80,-103,7,103.238,-0.160938,0.019444,0.162108
17.8173,96.6,136.2,23.999,0,23.999,15.016,0,1,536,370,80,-104,10,104.48,-0.1625,0.027778,0.164857
17.8716,97.8,136.2,22.082,0,22.082,-35.283,0,1,551,378,80,-89,18,90.802,-0.139063,0.05,0.147778
17.9228,97.8,136.2,0,0,0,-431.285,0,1,589,384,80,-51,24,56.365,-0.079687,0.066667,0.103897
17.9751,97.8,136.2,0,0,0,0,0,1,601,380,80,-39,20,43.829,-0.060937,0.055556,0.082461
18.0242,97.8,136.2,0,0,0,0,0,1,601,383,80,-39,23,45.277,-0.060937,0.063889,0.08829
18.0734,97.8,136.2,0,0,0,0,0,1,584,379,80,-56,19,59.135,-0.0875,0.052778,0.102185
18.1229,99,136.2,24.242,0,24.242,489.746,0,1,528,376,80,-112,16,113.137,-0.175,0.044444,0.180556
18.1727,100.2,136.2,24.115,0,24.115,-2.551,0,1,513,378,80,-127,18,128.269,-0.198437,0.05,0.20464
18.2229,101.4,136.2,23.893,0,23.893,-4.424,0,1,465,374,80,-175,14,175.559,-0.273438,0.038889,0.276189
18.2724,102.6,136.2,24.269,0,24.269,7.601,0,1,446,379,80,-194,19,194.928,-0.303125,0.052778,0.307685
18.322,103.8,136.2,24.155,0,24.155,-2.302,0,1,457,362,80,-183,2,183.011,-0.285938,0.005556,0.285991
18.3721,105,136.2,23.957,0,23.957,-3.955,0,1,462,379,80,-178,19,179.011,-0.278125,0.052778,0.283088
18.4219,106.2,136.2,24.096,0,24.096,2.805,0,1,449,381,80,-191,21,192.151,-0.298438,0.058333,0.304085
18.4721,107.4,136.2,23.902,0,23.902,-3.868,0,1,419,388,80,-221,28,222.767,-0.345313,0.077778,0.353963
18.5246,108.6,136.2,22.865,0,22.865,-19.757,0,1,464,379,80,-176,19,177.023,-0.275,0.052778,0.280019
18.5768,109.8,136.2,23,0,23,2.573,0,1,459,387,80,-181,27,183.003,-0.282813,0.075,0.292588
18.6281,111,136.2,23.389,0,23.389,7.597,0,1,415,376,80,-225,16,225.568,-0.351562,0.044444,0.354361
18.6765,112.2,136.2,24.806,0,24.806,29.294,0,1,401,378,80,-239,18,239.677,-0.373437,0.05,0.37677
18.7267,113.4,136.2,23.875,0,23.875,-18.537,0,1,399,365,80,-241,5,241.052,-0.376563,0.013889,0.376819
18.7773,114.6,136.2,23.743,0,23.743,-2.614,0,1,373,364,80,-267,4,267.03,-0.417187,0.011111,0.417335
18.8277,115.8,136.2,23.802,0,23.802,1.174,0,1,348,378,80,-292,18,292.554,-0.45625,0.05,0.458982
18.8775,117,136.2,24.09,0,24.09,5.781,0,1,349,366,80,-291,6,291.062,-0.454688,0.016667,0.454993
18.9277,118.2,136.2,23.935,0,23.935,-3.087,0,1,327,396,80,-313,36,315.063,-0.489063,0.1,0.499181
18.9776,119.4,136.2,24.028,0,24.028,1.862,0,1,337,368,80,-303,8,303.106,-0.473438,0.022222,0.473959
19.0277,120.6,136.2,23.967,0,23.967,-1.225,0,1,362,385,80,-278,25,279.122,-0.434375,0.069444,0.439891
19.0785,121.8,136.2,23.622,0,23.622,-6.786,0,1,345,394,80,-295,34,296.953,-0.460938,0.094444,0.470514
19.1282,123,136.2,24.126,0,24.126,10.135,0,1,277,398,80,-363,38,364.984,-0.567187,0.105556,0.576926
19.1779,124.2,136.2,24.156,0,24.156,0.604,0,1,237,397,80,-403,37,404.695,-0.629687,0.102778,0.63802
19.2268,125.4,136.2,24.523,0,24.523,7.497,0,1,232,398,80,-408,38,409.766,-0.6375,0.105556,0.64618
19.2769,126.6,136.2,23.963,0,23.963,-11.179,0,1,244,392,80,-396,32,397.291,-0.61875,0.088889,0.625102
19.3268,127.8,136.2,24.033,0,24.033,1.393,0,1,199,389,80,-441,29,441.952,-0.689063,0.080556,0.693755
19.3781,129,136.2,23.423,0,23.423,-11.9,0,1,183,382,80,-457,22,457.529,-0.714063,0.061111,0.716673
19.4274,130.2,136.2,24.33,0,24.33,18.385,0,1,202,379,80,-438,19,438.412,-0.684375,0.052778,0.686407
19.4778,131.4,136.2,23.809,0,23.809,-10.341,0,1,196,371,80,-444,11,444.136,-0.69375,0.030556,0.694423
19.5296,132.6,136.2,23.168,0,23.168,-12.357,0,1,213,378,80,-427,18,427.379,-0.667188,0.05,0.669058
19.5795,133.8,136.2,24.031,0,24.031,17.282,0,1,204,379,80,-436,19,436.414,-0.68125,0.052778,0.683291
19.6302,135,136.2,23.687,0,23.687,-6.804,0,1,164,377,80,-476,17,476.303,-0.74375,0.047222,0.745248
19.6795,136.2,136.2,24.315,0,24.315,12.722,0,1,154,376,80,-486,16,486.263,-0.759375,0.044444,0.760675
19.73,137.4,136.2,23.785,0,23.785,-10.495,0,1,159,365,80,-481,5,481.026,-0.751563,0.013889,0.751691
19.7807,138.6,136.2,23.657,0,23.657,-2.528,0,1,176,364,80,-464,4,464.017,-0.725,0.011111,0.725085
19.8293,139.8,136.2,24.681,0,24.681,21.055,0,1,154,362,80,-486,2,486.004,-0.759375,0.005556,0.759395
19.8791,141,136.2,24.113,0,24.113,-11.409,0,1,147,361,80,-493,1,493.001,-0.770312,0.002778,0.770318
19.9287,142.2,136.2,24.194,0,24.194,1.641,0,1,181,358,80,-459,-2,459.004,-0.717187,-0.005556,0.717209
19.9784,143.4,136.2,24.121,0,24.121,-1.466,0,1,198,359,80,-442,-1,442.001,-0.690625,-0.002778,0.690631
20.0298,144.6,136.2,23.34,0,23.34,-15.19,0,1,228,360,80,-412,0,412,-0.64375,0,0.64375
20.0824,145.8,136.2,22.853,0,22.853,-9.282,0,1,244,361,80,-396,1,396.001,-0.61875,0.002778,0.618756
20.1346,147,136.2,22.95,0,22.95,1.865,0,1,272,360,80,-368,0,368,-0.575,0,0.575
20.1867,148.2,136.2,23.072,0,23.072,2.332,0,1,303,362,80,-337,2,337.006,-0.526563,0.005556,0.526592
20.2394,149.4,136.2,22.766,0,22.766,-5.797,0,1,313,360,80,-327,0,327,-0.510938,0,0.510938
20.2917,150.6,136.2,22.914,0,22.914,2.818,0,1,324,359,80,-316,-1,316.002,-0.49375,-0.002778,0.493758
20.3431,151.8,136.2,23.369,0,23.369,8.874,0,1,336,359,80,-304,-1,304.002,-0.475,-0.002778,0.475008
20.3935,153,136.2,23.804,0,23.804,8.612,0,1,371,358,80,-269,-2,269.007,-0.420312,-0.005556,0.420349
20.4437,154.2,136.2,23.882,0,23.882,1.555,0,1,396,359,80,-244,-1,244.002,-0.38125,-0.002778,0.38126
20.4933,155.4,136.2,24.194,0,24.194,6.3,0,1,420,359,80,-220,-1,220.002,-0.34375,-0.002778,0.343761
20.5437,156.6,136.2,23.847,0,23.847,-6.893,0,1,422,360,80,-218,0,218,-0.340625,0,0.340625
20.5934,157.8,136.2,24.146,0,24.146,6.013,0,1,442,357,80,-198,-3,198.023,-0.309375,-0.008333,0.309487
20.6432,159,136.2,24.078,0,24.078,-1.377,0,1,477,355,80,-163,-5,163.077,-0.254688,-0.013889,0.255066
20.6928,160.2,136.2,24.197,0,24.197,2.406,0,1,495,350,80,-145,-10,145.344,-0.226562,-0.027778,0.228259
20.7427,161.4,136.2,24.049,0,24.049,-2.963,0,1,503,357,80,-137,-3,137.033,-0.214062,-0.008333,0.214225
20.7925,162.6,136.2,24.099,0,24.099,1.006,0,1,556,359,80,-84,-1,84.006,-0.13125,-0.002778,0.131279
20.8425,162.6,136.2,0,0,0,-481.61,0,1,571,352,80,-69,-8,69.462,-0.107813,-0.022222,0.110079
20.8926,162.6,136.2,0,0,0,0,0,1,570,350,80,-70,-10,70.711,-0.109375,-0.027778,0.112847
20.9418,162.6,136.2,0,0,0,0,0,1,571,354,80,-69,-6,69.26,-0.107813,-0.016667,0.109093
20.9917,162.6,136.2,0,0,0,0,0,1,624,353,80,-16,-7,17.464,-0.025,-0.019444,0.031672
21.0408,162.6,136.2,0,0,0,0,0,1,624,355,80,-16,-5,16.763,-0.025,-0.013889,0.028599
21.0915,162.6,136.2,0,0,0,0,0,1,631,352,80,-9,-8,12.042,-0.014063,-0.022222,0.026298
21.1428,162.6,136.2,0,0,0,0,0,1,630,354,80,-10,-6,11.662,-0.015625,-0.016667,0.022846
21.1929,162.6,136.2,0,0,0,0,0,1,634,354,80,-6,-6,8.485,-0.009375,-0.016667,0.019122
21.2421,162.6,136.2,0,0,0,0,0,1,637,354,80,-3,-6,6.708,-0.004687,-0.016667,0.017313
21.2909,162.6,136.2,0,0,0,0,0,1,638,351,80,-2,-9,9.22,-0.003125,-0.025,0.025195
21.34,162.6,136.2,0,0,0,0,0,1,639,349,80,-1,-11,11.045,-0.001563,-0.030556,0.030595
21.3897,162.6,136.2,0,0,0,0,0,1,652,353,80,12,-7,13.892,0.01875,-0.019444,0.027012
21.439,162.6,136.2,0,0,0,0,0,1,655,354,80,15,-6,16.155,0.023438,-0.016667,0.028759
21.4878,162.6,136.2,0,0,0,0,0,1,661,349,80,21,-11,23.707,0.032813,-0.030556,0.044836
21.5372,162.6,136.2,0,0,0,0,0,1,661,348,80,21,-12,24.187,0.032813,-0.033333,0.046774
21.5872,162.6,136.2,0,0,0,0,0,1,668,353,80,28,-7,28.862,0.04375,-0.019444,0.047876
21.6365,162.6,136.2,0,0,0,0,0,1,671,355,80,31,-5,31.401,0.048438,-0.013889,0.050389
21.6863,162.6,136.2,0,0,0,0,0,1,670,355,80,30,-5,30.414,0.046875,-0.013889,0.048889
21.7354,162.6,136.2,0,0,0,0,0,1,680,353,80,40,-7,40.608,0.0625,-0.019444,0.065455
21.7864,162.6,136.2,0,0,0,0,0,1,691,353,80,51,-7,51.478,0.079687,-0.019444,0.082026
21.8354,162.6,136.2,0,0,0,0,0,1,713,353,80,73,-7,73.335,0.114062,-0.019444,0.115708
21.8836,161.4,136.2,-24.924,0,24.924,-517.664,0,1,729,352,80,89,-8,89.359,0.139063,-0.022222,0.140827
21.9328,160.2,136.2,-24.397,0,24.397,10.709,0,1,751,354,80,111,-6,111.162,0.173437,-0.016667,0.174236
21.9819,159,136.2,-24.419,0,24.419,-0.441,0,1,758,357,80,118,-3,118.038,0.184375,-0.008333,0.184563
22.0312,157.8,136.2,-24.339,0,24.339,1.624,0,1,774,356,80,134,-4,134.06,0.209375,-0.011111,0.20967
22.0805,156.6,136.2,-24.361,0,24.361,-0.447,0,1,778,360,80,138,0,138,0.215625,0,0.215625
22.1298,156.6,136.2,0,0,0,494.472,0,1,716,357,80,76,-3,76.059,0.11875,-0.008333,0.119042
22.1787,156.6,136.2,0,0,0,0,0,1,692,361,80,52,1,52.01,0.08125,0.002778,0.081297
22.2281,156.6,136.2,0,0,0,0,0,1,701,357,80,61,-3,61.074,0.095312,-0.008333,0.095676
22.2772,156.6,136.2,0,0,0,0,0,1,710,358,80,70,-2,70.029,0.109375,-0.005556,0.109516
22.3264,155.4,136.2,-24.37,0,24.37,-494.901,0,1,732,362,80,92,2,92.022,0.14375,0.005556,0.143857
22.3763,154.2,136.2,-24.043,0,24.043,6.54,0,1,745,360,80,105,0,105,0.164062,0,0.164062
22.4261,153,136.2,-24.093,0,24.093,-1.003,0,1,757,362,80,117,2,117.017,0.182812,0.005556,0.182897
22.4782,151.8,136.2,-23.025,0,23.025,20.491,0,1,761,363,80,121,3,121.037,0.189062,0.008333,0.189246
22.5283,150.6,136.2,-23.993,0,23.993,-19.345,0,1,727,361,80,87,1,87.006,0.135937,0.002778,0.135966
22.5794,149.4,136.2,-23.439,0,23.439,10.824,0,1,738,360,80,98,0,98,0.153125,0,0.153125
22.6297,148.2,136.2,-23.859,0,23.859,-8.355,0,1,793,362,80,153,2,153.013,0.239063,0.005556,0.239127
22.6805,147,136.2,-23.635,0,23.635,4.415,0,1,799,361,80,159,1,159.003,0.248438,0.002778,0.248453
22.7346,145.8,136.2,-22.202,0,22.202,26.509,0,1,815,358,80,175,-2,175.011,0.273438,-0.005556,0.273494
22.7827,144.6,136.2,-24.924,0,24.924,-56.548,0,1,836,359,80,196,-1,196.003,0.30625,-0.002778,0.306263
22.835,143.4,136.2,-22.944,0,22.944,37.863,0,1,825,356,80,185,-4,185.043,0.289062,-0.011111,0.289276
22.8835,142.2,136.2,-24.743,0,24.743,-37.101,0,1,829,360,80,189,0,189,0.295312,0,0.295312
22.933,141,136.2,-24.231,0,24.231,10.357,0,1,864,364,80,224,4,224.036,0.35,0.011111,0.350176
22.9829,139.8,136.2,-24.075,0,24.075,3.114,0,1,885,379,80,245,19,245.736,0.382812,0.052778,0.386434
23.0324,138.6,136.2,-24.214,0,24.214,-2.802,0,1,939,363,80,299,3,299.015,0.467187,0.008333,0.467262
23.0819,137.4,136.2,-24.268,0,24.268,-1.081,0,1,945,366,80,305,6,305.059,0.476562,0.016667,0.476854
23.131,136.2,136.2,-24.43,0,24.43,-3.297,0,1,964,366,80,324,6,324.056,0.50625,0.016667,0.506524
23.181,135,136.2,-24.005,0,24.005,8.5,0,1,990,359,80,350,-1,350.001,0.546875,-0.002778,0.546882
23.2302,133.8,136.2,-24.402,0,24.402,-8.082,0,1,1102,360,80,462,0,462,0.721875,0,0.721875
23.2809,132.6,136.2,-23.652,0,23.652,14.792,0,1,1101,358,80,461,-2,461.004,0.720313,-0.005556,0.720334
23.3303,131.4,136.2,-24.306,0,24.306,-13.256,0,1,1092,355,80,452,-5,452.028,0.70625,-0.013889,0.706387
23.3807,130.2,136.2,-23.822,0,23.822,9.612,0,1,1079,359,80,439,-1,439.001,0.685937,-0.002778,0.685943
23.4297,129,136.2,-24.463,0,24.463,-13.072,0,1,1078,357,80,438,-3,438.01,0.684375,-0.008333,0.684426
23.4809,127.8,136.2,-23.437,0,23.437,20.037,0,1,1088,357,80,448,-3,448.01,0.7,-0.008333,0.70005
23.5302,126.6,136.2,-24.327,0,24.327,-18.031,0,1,1124,358,80,484,-2,484.004,0.75625,-0.005556,0.75627
23.5798,125.4,136.2,-24.197,0,24.197,2.622,0,1,1148,357,80,508,-3,508.009,0.79375,-0.008333,0.793794
23.6295,124.2,136.2,-24.137,0,24.137,1.195,0,1,1157,357,80,517,-3,517.009,0.807813,-0.008333,0.807855
23.6792,123,136.2,-24.166,0,24.166,-0.572,0,1,1141,358,80,501,-2,501.004,0.782813,-0.005556,0.782832
23.7294,121.8,136.2,-23.92,0,23.92,4.892,0,1,1124,360,80,484,0,484,0.75625,0,0.75625
23.779,120.6,136.2,-24.19,0,24.19,-5.437,0,1,1113,360,80,473,0,473,0.739062,0,0.739062
23.829,119.4,136.2,-23.993,0,23.993,3.94,0,1,1114,358,80,474,-2,474.004,0.740625,-0.005556,0.740646
23.8786,118.2,136.2,-24.191,0,24.191,-3.991,0,1,1113,357,80,473,-3,473.01,0.739062,-0.008333,0.739109
23.9287,117,136.2,-23.972,0,23.972,4.369,0,1,1073,359,80,433,-1,433.001,0.676562,-0.002778,0.676568
23.9787,115.8,136.2,-24,0,24,-0.562,0,1,1054,357,80,414,-3,414.011,0.646875,-0.008333,0.646929
24.0319,114.6,136.2,-22.537,0,22.537,27.488,0,1,1028,358,80,388,-2,388.005,0.60625,-0.005556,0.606275
24.0832,113.4,136.2,-23.373,0,23.373,-16.285,0,1,1020,357,80,380,-3,380.012,0.59375,-0.008333,0.593808
24.1331,112.2,136.2,-24.084,0,24.084,-14.266,0,1,985,357,80,345,-3,345.013,0.539062,-0.008333,0.539127
24.1829,111,136.2,-24.09,0,24.09,-0.134,0,1,987,360,80,347,0,347,0.542188,0,0.542188
24.2325,109.8,136.2,-24.161,0,24.161,-1.43,0,1,991,360,80,351,0,351,0.548438,0,0.548438
24.2824,108.6,136.2,-24.071,0,24.071,1.801,0,1,963,360,80,323,0,323,0.504687,0,0.504687
24.3327,107.4,136.2,-23.867,0,23.867,4.057,0,1,903,359,80,263,-1,263.002,0.410938,-0.002778,0.410947
24.3814,106.2,136.2,-24.649,0,24.649,-16.063,0,1,887,360,80,247,0,247,0.385937,0,0.385937
24.4314,105,136.2,-23.986,0,23.986,13.266,0,1,844,359,80,204,-1,204.002,0.31875,-0.002778,0.318762
24.4815,103.8,136.2,-23.96,0,23.96,0.511,0,1,831,359,80,191,-1,191.003,0.298438,-0.002778,0.29845
24.5322,102.6,136.2,-23.658,0,23.658,5.962,0,1,800,360,80,160,0,160,0.25,0,0.25
24.5824,101.4,136.2,-23.919,0,23.919,-5.21,0,1,780,360,80,140,0,140,0.21875,0,0.21875
24.6326,100.2,136.2,-23.9,0,23.9,0.373,0,1,748,357,80,108,-3,108.042,0.16875,-0.008333,0.168956
24.6823,99,136.2,-24.146,0,24.146,-4.935,0,1,738,358,80,98,-2,98.02,0.153125,-0.005556,0.153226
24.7319,99,136.2,0,0,0,486.512,0,1,699,361,80,59,1,59.008,0.092188,0.002778,0.092229
24.7813,99,136.2,0,0,0,0,0,1,683,360,80,43,0,43,0.067187,0,0.067187
24.8298,99,136.2,0,0,0,0,0,1,643,359,80,3,-1,3.162,0.004687,-0.002778,0.005449
24.8787,99,136.2,0,0,0,0,0,1,639,359,80,-1,-1,1.414,-0.001563,-0.002778,0.003187
24.9275,99,136.2,0,0,0,0,0,1,648,360,80,8,0,8,0.0125,0,0.0125
24.9772,99,136.2,0,0,0,0,0,1,650,359,80,10,-1,10.05,0.015625,-0.002778,0.01587
25.0261,99,136.2,0,0,0,0,0,1,645,360,80,5,0,5,0.007812,0,0.007812
25.0773,99,136.2,0,0,0,0,0,1,646,358,80,6,-2,6.325,0.009375,-0.005556,0.010897
25.1281,99,136.2,0,0,0,0,0,1,644,359,80,4,-1,4.123,0.00625,-0.002778,0.006839
25.1774,99,136.2,0,0,0,0,0,1,640,359,80,0,-1,1,0,-0.002778,0.002778
25.2265,99,136.2,0,0,0,0,0,1,644,359,80,4,-1,4.123,0.00625,-0.002778,0.006839
25.2757,99,136.2,0,0,0,0,0,1,637,359,80,-3,-1,3.162,-0.004687,-0.002778,0.005449
25.3243,99,136.2,0,0,0,0,0,1,629,359,80,-11,-1,11.045,-0.017188,-0.002778,0.017411
25.374,99,136.2,0,0,0,0,0,1,625,358,80,-15,-2,15.133,-0.023438,-0.005556,0.024087
25.4231,99,136.2,0,0,0,0,0,1,617,360,80,-23,0,23,-0.035937,0,0.035937
25.4718,99,136.2,0,0,0,0,0,1,616,361,80,-24,1,24.021,-0.0375,0.002778,0.037603
25.5192,99,136.2,0,0,0,0,0,1,605,359,80,-35,-1,35.014,-0.054688,-0.002778,0.054758
25.5682,99,136.2,0,0,0,0,0,1,600,359,80,-40,-1,40.012,-0.0625,-0.002778,0.062562
25.6174,99,136.2,0,0,0,0,0,1,595,358,80,-45,-2,45.044,-0.070312,-0.005556,0.070532
25.6662,99,136.2,0,0,0,0,0,1,584,360,80,-56,0,56,-0.0875,0,0.0875
25.7149,99,136.2,0,0,0,0,0,1,584,358,80,-56,-2,56.036,-0.0875,-0.005556,0.087676
25.7644,99,136.2,0,0,0,0,0,1,567,358,80,-73,-2,73.027,-0.114062,-0.005556,0.114198
25.8132,99,136.2,0,0,0,0,0,1,561,358,80,-79,-2,79.025,-0.123438,-0.005556,0.123562
25.8621,100.2,136.2,24.56,0,24.56,502.654,0,1,548,358,80,-92,-2,92.022,-0.14375,-0.005556,0.143857
25.9117,101.4,136.2,24.188,0,24.188,-7.487,0,1,539,359,80,-101,-1,101.005,-0.157812,-0.002778,0.157837
25.9613,102.6,136.2,24.19,0,24.19,0.03,0,1,520,360,80,-120,0,120,-0.1875,0,0.1875
26.0114,103.8,136.2,23.968,0,23.968,-4.436,0,1,514,359,80,-126,-1,126.004,-0.196875,-0.002778,0.196895
26.0637,105,136.2,22.928,0,22.928,-19.872,0,1,497,359,80,-143,-1,143.003,-0.223438,-0.002778,0.223455
26.116,106.2,136.2,22.958,0,22.958,0.582,0,1,496,359,80,-144,-1,144.003,-0.225,-0.002778,0.225017
26.1681,106.2,136.2,0,0,0,-440.332,0,1,580,359,80,-60,-1,60.008,-0.09375,-0.002778,0.093791
26.2195,106.2,136.2,0,0,0,0,0,1,609,359,80,-31,-1,31.016,-0.048438,-0.002778,0.048517
26.2716,106.2,136.2,0,0,0,0,0,1,618,360,80,-22,0,22,-0.034375,0,0.034375
26.3235,106.2,136.2,0,0,0,0,0,1,613,359,80,-27,-1,27.019,-0.042188,-0.002778,0.042279
26.3873,106.2,136.2,0,0,0,0,0,1,600,359,80,-40,-1,40.012,-0.0625,-0.002778,0.062562
26.4358,106.2,136.2,0,0,0,0,0,1,592,359,80,-48,-1,48.01,-0.075,-0.002778,0.075051
26.4857,106.2,136.2,0,0,0,0,0,1,577,358,80,-63,-2,63.032,-0.098437,-0.005556,0.098594
26.5349,106.2,136.2,0,0,0,0,0,1,568,359,80,-72,-1,72.007,-0.1125,-0.002778,0.112534
26.5845,106.2,136.2,0,0,0,0,0,1,560,359,80,-80,-1,80.006,-0.125,-0.002778,0.125031
26.6338,107.4,136.2,24.383,0,24.383,495.447,0,1,551,359,80,-89,-1,89.006,-0.139063,-0.002778,0.13909
26.6835,108.6,136.2,24.109,0,24.109,-5.512,0,1,529,356,80,-111,-4,111.072,-0.173437,-0.011111,0.173793
26.7391,109.8,136.2,21.608,0,21.608,-45.024,0,1,528,359,80,-112,-1,112.004,-0.175,-0.002778,0.175022
26.7912,111,136.2,23.012,0,23.012,26.91,0,1,525,359,80,-115,-1,115.004,-0.179688,-0.002778,0.179709
26.8426,111,136.2,0,0,0,-448.267,0,1,566,357,80,-74,-3,74.061,-0.115625,-0.008333,0.115925
26.8932,111,136.2,0,0,0,0,0,1,584,360,80,-56,0,56,-0.0875,0,0.0875
26.9426,111,136.2,0,0,0,0,0,1,583,361,80,-57,1,57.009,-0.089063,0.002778,0.089106
26.9932,111,136.2,0,0,0,0,0,1,596,359,80,-44,-1,44.011,-0.06875,-0.002778,0.068806
27.0438,111,136.2,0,0,0,0,0,1,614,359,80,-26,-1,26.019,-0.040625,-0.002778,0.04072
27.0949,111,136.2,0,0,0,0,0,1,601,359,80,-39,-1,39.013,-0.060937,-0.002778,0.061001
27.145,111,136.2,0,0,0,0,0,1,594,359,80,-46,-1,46.011,-0.071875,-0.002778,0.071929
27.1954,111,136.2,0,0,0,0,0,1,607,358,80,-33,-2,33.061,-0.051562,-0.005556,0.051861
27.2468,111,136.2,0,0,0,0,0,1,623,358,80,-17,-2,17.117,-0.026562,-0.005556,0.027137
27.3003,111,136.2,0,0,0,0,0,1,593,358,80,-47,-2,47.043,-0.073438,-0.005556,0.073647
27.3518,111,136.2,0,0,0,0,0,1,643,358,80,3,-2,3.606,0.004687,-0.005556,0.007269
27.4036,111,136.2,0,0,0,0,0,1,681,358,80,41,-2,41.049,0.064062,-0.005556,0.064303
27.4521,111,136.2,0,0,0,0,0,1,660,358,80,20,-2,20.1,0.03125,-0.005556,0.03174
27.5015,111,136.2,0,0,0,0,0,1,665,360,80,25,0,25,0.039062,0,0.039062
27.5503,111,136.2,0,0,0,0,0,1,668,358,80,28,-2,28.071,0.04375,-0.005556,0.044101
27.6028,111,136.2,0,0,0,0,0,1,685,358,80,45,-2,45.044,0.070312,-0.005556,0.070532
27.6522,109.8,136.2,-24.309,0,24.309,-492.456,0,1,723,356,80,83,-4,83.096,0.129688,-0.011111,0.130163
27.7065,108.6,136.2,-22.08,0,22.08,41.027,0,1,737,357,80,97,-3,97.046,0.151562,-0.008333,0.151791
27.76,107.4,136.2,-22.445,0,22.445,-6.836,0,1,772,357,80,132,-3,132.034,0.20625,-0.008333,0.206418
27.8113,106.2,136.2,-23.377,0,23.377,-18.145,0,1,797,357,80,157,-3,157.029,0.245312,-0.008333,0.245454
27.8632,105,136.2,-23.123,0,23.123,4.88,0,1,843,357,80,203,-3,203.022,0.317188,-0.008333,0.317297
27.9127,103.8,136.2,-24.266,0,24.266,-23.107,0,1,873,354,80,233,-6,233.077,0.364063,-0.016667,0.364444
27.9617,102.6,136.2,-24.465,0,24.465,-4.062,0,1,872,353,80,232,-7,232.106,0.3625,-0.019444,0.363021
28.0108,101.4,136.2,-24.44,0,24.44,0.518,0,1,844,356,80,204,-4,204.039,0.31875,-0.011111,0.318944
28.0599,100.2,136.2,-24.443,0,24.443,-0.065,0,1,822,352,80,182,-8,182.176,0.284375,-0.022222,0.285242
28.1096,99,136.2,-24.176,0,24.176,5.379,0,1,811,353,80,171,-7,171.143,0.267188,-0.019444,0.267894
28.1588,97.8,136.2,-24.393,0,24.393,-4.413,0,1,790,355,80,150,-5,150.083,0.234375,-0.013889,0.234786
28.2076,96.6,136.2,-24.563,0,24.563,-3.485,0,1,771,356,80,131,-4,131.061,0.204687,-0.011111,0.204989
28.2548,95.4,136.2,-25.401,0,25.401,-17.731,0,1,748,357,80,108,-3,108.042,0.16875,-0.008333,0.168956
28.3044,94.2,136.2,-24.224,0,24.224,23.756,0,1,734,357,80,94,-3,94.048,0.146875,-0.008333,0.147111
28.3518,93,136.2,-25.328,0,25.328,-23.301,0,1,722,356,80,82,-4,82.098,0.128125,-0.011111,0.128606
28.4017,93,136.2,0,0,0,507.2,0,1,717,355,80,77,-5,77.162,0.120313,-0.013889,0.121112
28.4509,93,136.2,0,0,0,0,0,1,680,355,80,40,-5,40.311,0.0625,-0.013889,0.064025
28.5007,93,136.2,0,0,0,0,0,1,598,356,80,-42,-4,42.19,-0.065625,-0.011111,0.066559
28.5502,93,136.2,0,0,0,0,0,1,595,356,80,-45,-4,45.177,-0.070312,-0.011111,0.071185
28.6006,93,136.2,0,0,0,0,0,1,598,357,80,-42,-3,42.107,-0.065625,-0.008333,0.066152
28.6509,93,136.2,0,0,0,0,0,1,622,357,80,-18,-3,18.248,-0.028125,-0.008333,0.029334
28.7001,93,136.2,0,0,0,0,0,1,631,356,80,-9,-4,9.849,-0.014063,-0.011111,0.017922
28.7488,93,136.2,0,0,0,0,0,1,628,357,80,-12,-3,12.369,-0.01875,-0.008333,0.020518
28.7972,93,136.2,0,0,0,0,0,1,615,356,80,-25,-4,25.318,-0.039062,-0.011111,0.040612
28.8462,93,136.2,0,0,0,0,0,1,608,356,80,-32,-4,32.249,-0.05,-0.011111,0.05122
28.8945,93,136.2,0,0,0,0,0,1,588,356,80,-52,-4,52.154,-0.08125,-0.011111,0.082006
28.9449,93,136.2,0,0,0,0,0,1,586,356,80,-54,-4,54.148,-0.084375,-0.011111,0.085103
28.9937,93,136.2,0,0,0,0,0,1,582,356,80,-58,-4,58.138,-0.090625,-0.011111,0.091304
29.043,93,136.2,0,0,0,0,0,1,582,356,80,-58,-4,58.138,-0.090625,-0.011111,0.091304
29.0933,93,136.2,0,0,0,0,0,1,582,355,80,-58,-5,58.215,-0.090625,-0.013889,0.091683
29.1413,93,136.2,0,0,0,0,0,1,582,355,80,-58,-5,58.215,-0.090625,-0.013889,0.091683
29.1923,93,136.2,0,0,0,0,0,1,584,356,80,-56,-4,56.143,-0.0875,-0.011111,0.088203
29.2413,93,136.2,0,0,0,0,0,1,583,356,80,-57,-4,57.14,-0.089063,-0.011111,0.089753
29.2911,93,136.2,0,0,0,0,0,1,582,356,80,-58,-4,58.138,-0.090625,-0.011111,0.091304
29.3383,93,136.2,0,0,0,0,0,1,588,357,80,-52,-3,52.086,-0.08125,-0.008333,0.081676
29.3878,93,136.2,0,0,0,0,0,1,586,357,80,-54,-3,54.083,-0.084375,-0.008333,0.084786
29.4368,93,136.2,0,0,0,0,0,1,592,358,80,-48,-2,48.042,-0.075,-0.005556,0.075205
29.4986,93,136.2,0,0,0,0,0,1,592,357,80,-48,-3,48.094,-0.075,-0.008333,0.075462
29.5561,93,136.2,0,0,0,0,0,1,590,356,80,-50,-4,50.16,-0.078125,-0.011111,0.078911
29.6117,93,136.2,0,0,0,0,0,1,586,355,80,-54,-5,54.231,-0.084375,-0.013889,0.08551
29.6689,93,136.2,0,0,0,0,0,1,580,359,80,-60,-1,60.008,-0.09375,-0.002778,0.093791
29.721,93,136.2,0,0,0,0,0,1,694,355,80,54,-5,54.231,0.084375,-0.013889,0.08551
29.8026,91.8,136.2,-14.701,0,14.701,-180.1,0,1,757,357,80,117,-3,117.038,0.182812,-0.008333,0.183002
29.8594,90.6,136.2,-21.116,0,21.116,-112.874,0,1,737,356,80,97,-4,97.082,0.151562,-0.011111,0.151969
29.9205,89.4,136.2,-19.64,0,19.64,24.152,0,1,757,354,80,117,-6,117.154,0.182812,-0.016667,0.183571
29.9797,89.4,136.2,0,0,0,332.011,0,1,670,353,80,30,-7,30.806,0.046875,-0.019444,0.050748
30.0307,89.4,136.2,0,0,0,0,0,1,650,352,80,10,-8,12.806,0.015625,-0.022222,0.027166
30.0806,89.4,136.2,0,0,0,0,0,1,642,355,80,2,-5,5.385,0.003125,-0.013889,0.014236
30.1309,89.4,136.2,0,0,0,0,0,1,641,353,80,1,-7,7.071,0.001563,-0.019444,0.019507
30.1796,89.4,136.2,0,0,0,0,0,1,640,353,80,0,-7,7,0,-0.019444,0.019444
30.2299,89.4,136.2,0,0,0,0,0,1,641,356,80,1,-4,4.123,0.001563,-0.011111,0.01122
30.2796,89.4,136.2,0,0,0,0,0,1,638,352,80,-2,-8,8.246,-0.003125,-0.022222,0.022441
30.3395,89.4,136.2,0,0,0,0,0,1,638,353,80,-2,-7,7.28,-0.003125,-0.019444,0.019694
30.3923,89.4,136.2,0,0,0,0,0,1,639,354,80,-1,-6,6.083,-0.001563,-0.016667,0.01674
30.4448,89.4,136.2,0,0,0,0,0,1,640,353,80,0,-7,7,0,-0.019444,0.019444
30.4935,89.4,136.2,0,0,0,0,0,1,638,354,80,-2,-6,6.325,-0.003125,-0.016667,0.016957
30.5481,89.4,136.2,0,0,0,0,0,1,632,354,80,-8,-6,10,-0.0125,-0.016667,0.020833
30.5964,89.4,136.2,0,0,0,0,0,1,636,354,80,-4,-6,7.211,-0.00625,-0.016667,0.0178
30.6461,89.4,136.2,0,0,0,0,0,1,631,354,80,-9,-6,10.817,-0.014063,-0.016667,0.021807
30.6966,89.4,136.2,0,0,0,0,0,1,631,355,80,-9,-5,10.296,-0.014063,-0.013889,0.019765
30.7467,89.4,136.2,0,0,0,0,0,1,634,354,80,-6,-6,8.485,-0.009375,-0.016667,0.019122
30.7966,89.4,136.2,0,0,0,0,0,1,635,355,80,-5,-5,7.071,-0.007812,-0.013889,0.015935
30.8463,89.4,136.2,0,0,0,0,0,1,637,354,80,-3,-6,6.708,-0.004687,-0.016667,0.017313
30.8961,89.4,136.2,0,0,0,0,0,1,633,355,80,-7,-5,8.602,-0.010937,-0.013889,0.017679
30.9478,89.4,136.2,0,0,0,0,0,1,637,354,80,-3,-6,6.708,-0.004687,-0.016667,0.017313
31.0081,89.4,136.2,0,0,0,0,0,1,635,354,80,-5,-6,7.81,-0.007812,-0.016667,0.018407
31.0587,89.4,136.2,0,0,0,0,0,1,633,355,80,-7,-5,8.602,-0.010937,-0.013889,0.017679
31.1127,89.4,136.2,0,0,0,0,0,1,632,354,80,-8,-6,10,-0.0125,-0.016667,0.020833
31.1653,89.4,136.2,0,0,0,0,0,1,634,354,80,-6,-6,8.485,-0.009375,-0.016667,0.019122
31.2165,89.4,136.2,0,0,0,0,0,1,635,354,80,-5,-6,7.81,-0.007812,-0.016667,0.018407
31.2656,89.4,136.2,0,0,0,0,0,1,628,355,80,-12,-5,13,-0.01875,-0.013889,0.023334
31.3146,89.4,136.2,0,0,0,0,0,1,635,354,80,-5,-6,7.81,-0.007812,-0.016667,0.018407
31.3659,89.4,136.2,0,0,0,0,0,1,635,354,80,-5,-6,7.81,-0.007812,-0.016667,0.018407
31.4153,89.4,136.2,0,0,0,0,0,1,634,354,80,-6,-6,8.485,-0.009375,-0.016667,0.019122
31.4667,89.4,136.2,0,0,0,0,0,1,629,355,80,-11,-5,12.083,-0.017188,-0.013889,0.022098
31.5394,89.4,136.2,0,0,0,0,0,1,624,355,80,-16,-5,16.763,-0.025,-0.013889,0.028599
31.5924,89.4,136.2,0,0,0,0,0,1,618,355,80,-22,-5,22.561,-0.034375,-0.013889,0.037075
31.6485,89.4,136.2,0,0,0,0,0,1,627,355,80,-13,-5,13.928,-0.020313,-0.013889,0.024607
31.706,89.4,136.2,0,0,0,0,0,1,617,354,80,-23,-6,23.77,-0.035937,-0.016667,0.039614
31.7558,89.4,136.2,0,0,0,0,0,1,617,355,80,-23,-5,23.537,-0.035937,-0.013889,0.038528
31.8062,89.4,136.2,0,0,0,0,0,1,624,354,80,-16,-6,17.088,-0.025,-0.016667,0.030046
31.8617,89.4,136.2,0,0,0,0,0,1,617,354,80,-23,-6,23.77,-0.035937,-0.016667,0.039614
31.9174,89.4,136.2,0,0,0,0,0,1,628,354,80,-12,-6,13.416,-0.01875,-0.016667,0.025087
31.9731,89.4,136.2,0,0,0,0,0,1,629,354,80,-11,-6,12.53,-0.017188,-0.016667,0.023941
32.0246,89.4,136.2,0,0,0,0,0,1,633,354,80,-7,-6,9.22,-0.010937,-0.016667,0.019935
32.0768,89.4,136.2,0,0,0,0,0,1,634,354,80,-6,-6,8.485,-0.009375,-0.016667,0.019122
32.1276,89.4,136.2,0,0,0,0,0,1,628,354,80,-12,-6,13.416,-0.01875,-0.016667,0.025087
32.1809,89.4,136.2,0,0,0,0,0,1,631,354,80,-9,-6,10.817,-0.014063,-0.016667,0.021807
32.2334,89.4,136.2,0,0,0,0,0,1,613,354,80,-27,-6,27.659,-0.042188,-0.016667,0.04536
32.2847,89.4,136.2,0,0,0,0,0,1,623,354,80,-17,-6,18.028,-0.026562,-0.016667,0.031358
32.3412,89.4,136.2,0,0,0,0,0,1,636,354,80,-4,-6,7.211,-0.00625,-0.016667,0.0178
32.4014,89.4,136.2,0,0,0,0,0,1,637,354,80,-3,-6,6.708,-0.004687,-0.016667,0.017313
32.4608,89.4,136.2,0,0,0,0,0,1,638,353,80,-2,-7,7.28,-0.003125,-0.019444,0.019694
32.5193,89.4,136.2,0,0,0,0,0,1,636,354,80,-4,-6,7.211,-0.00625,-0.016667,0.0178
32.5692,89.4,136.2,0,0,0,0,0,1,632,353,80,-8,-7,10.63,-0.0125,-0.019444,0.023116
32.6209,89.4,136.2,0,0,0,0,0,1,633,354,80,-7,-6,9.22,-0.010937,-0.016667,0.019935
32.6709,89.4,136.2,0,0,0,0,0,1,636,354,80,-4,-6,7.211,-0.00625,-0.016667,0.0178
32.7189,89.4,136.2,0,0,0,0,0,1,636,354,80,-4,-6,7.211,-0.00625,-0.016667,0.0178
32.7702,89.4,136.2,0,0,0,0,0,1,636,354,80,-4,-6,7.211,-0.00625,-0.016667,0.0178
32.82,89.4,136.2,0,0,0,0,0,1,637,354,80,-3,-6,6.708,-0.004687,-0.016667,0.017313
32.8689,89.4,136.2,0,0,0,0,0,1,637,354,80,-3,-6,6.708,-0.004687,-0.016667,0.017313
32.9179,89.4,136.2,0,0,0,0,0,1,634,353,80,-6,-7,9.22,-0.009375,-0.019444,0.021587
32.9745,89.4,136.2,0,0,0,0,0,1,634,354,80,-6,-6,8.485,-0.009375,-0.016667,0.019122
33.0252,89.4,136.2,0,0,0,0,0,1,629,354,80,-11,-6,12.53,-0.017188,-0.016667,0.023941
33.0795,89.4,136.2,0,0,0,0,0,1,637,354,80,-3,-6,6.708,-0.004687,-0.016667,0.017313
33.1363,89.4,136.2,0,0,0,0,0,1,636,354,80,-4,-6,7.211,-0.00625,-0.016667,0.0178
33.1928,89.4,136.2,0,0,0,0,0,1,639,353,80,-1,-7,7.071,-0.001563,-0.019444,0.019507
33.2519,89.4,136.2,0,0,0,0,0,1,640,353,80,0,-7,7,0,-0.019444,0.019444
33.3054,89.4,136.2,0,0,0,0,0,1,639,352,80,-1,-8,8.062,-0.001563,-0.022222,0.022277
33.3588,89.4,136.2,0,0,0,0,0,1,634,353,80,-6,-7,9.22,-0.009375,-0.019444,0.021587
33.4102,89.4,136.2,0,0,0,0,0,1,635,353,80,-5,-7,8.602,-0.007812,-0.019444,0.020955
33.4609,89.4,136.2,0,0,0,0,0,1,637,353,80,-3,-7,7.616,-0.004687,-0.019444,0.020001
33.5133,89.4,136.2,0,0,0,0,0,1,637,354,80,-3,-6,6.708,-0.004687,-0.016667,0.017313
33.5643,89.4,136.2,0,0,0,0,0,1,639,354,80,-1,-6,6.083,-0.001563,-0.016667,0.01674
33.6164,89.4,136.2,0,0,0,0,0,1,637,354,80,-3,-6,6.708,-0.004687,-0.016667,0.017313
33.6657,89.4,136.2,0,0,0,0,0,1,637,354,80,-3,-6,6.708,-0.004687,-0.016667,0.017313
33.7158,89.4,136.2,0,0,0,0,0,1,633,354,80,-7,-6,9.22,-0.010937,-0.016667,0.019935
33.7646,89.4,136.2,0,0,0,0,0,1,628,354,80,-12,-6,13.416,-0.01875,-0.016667,0.025087
33.8228,89.4,136.2,0,0,0,0,0,1,636,354,80,-4,-6,7.211,-0.00625,-0.016667,0.0178
33.8733,89.4,136.2,0,0,0,0,0,1,638,353,80,-2,-7,7.28,-0.003125,-0.019444,0.019694
33.9221,89.4,136.2,0,0,0,0,0,1,640,354,80,0,-6,6,0,-0.016667,0.016667
