frame_idx,t_frame_start,t_after_inference,t_first_command,human,bbox_cx,bbox_cy,diff_x,diff_y,pan_step_deg,inference_latency_ms,command_latency_ms,total_software_latency_ms
1,1542.74369,1546.154385,1546.155172,1,284,405,-356,45,-1.2,3410.695,0.787,3411.482
2,1546.264357,1546.297722,1546.298921,1,281,400,-359,40,-1.2,33.365,1.2,34.565
3,1546.323597,1546.362614,1546.363873,1,281,399,-359,39,-1.2,39.017,1.259,40.276
4,1546.374284,1546.4077,1546.409469,1,280,400,-360,40,-1.2,33.416,1.769,35.186
5,1546.436427,1546.474545,1546.475815,1,281,400,-359,40,-1.2,38.117,1.27,39.388
6,1546.485184,1546.531199,1546.532476,1,280,400,-360,40,-1.2,46.015,1.277,47.293
7,1546.551272,1546.601364,1546.602965,1,280,400,-360,40,-1.2,50.092,1.601,51.692
8,1546.61385,1546.649421,1546.65078,1,281,400,-359,40,-1.2,35.571,1.359,36.93
9,1546.667468,1546.695827,1546.697086,1,280,401,-360,41,-1.2,28.359,1.259,29.618
10,1546.707802,1546.736444,1546.737737,1,281,402,-359,42,-1.2,28.642,1.293,29.935
11,1546.754875,1546.78363,1546.784893,1,280,401,-360,41,-1.2,28.755,1.262,30.018
12,1546.794157,1546.820717,1546.821957,1,281,401,-359,41,-1.2,26.56,1.24,27.8
13,1546.8385,1546.865572,1546.866748,1,280,400,-360,40,-1.2,27.072,1.176,28.248
14,1546.877597,1546.905084,1546.906257,1,280,400,-360,40,-1.2,27.487,1.173,28.66
15,1546.923213,1546.949574,1546.950862,1,280,401,-360,41,-1.2,26.361,1.288,27.649
16,1546.959668,1546.989196,1546.990447,1,280,400,-360,40,-1.2,29.528,1.251,30.779
17,1547.009144,1547.036922,1547.038162,1,280,400,-360,40,-1.2,27.778,1.24,29.018
18,1547.04735,1547.073765,1547.074929,1,280,401,-360,41,-1.2,26.415,1.164,27.579
19,1547.091455,1547.117286,1547.118481,1,280,400,-360,40,-1.2,25.831,1.195,27.026
20,1547.129441,1547.155555,1547.156843,1,280,401,-360,41,-1.2,26.115,1.288,27.402
21,1547.173911,1547.208027,1547.209219,1,280,401,-360,41,-1.2,34.116,1.192,35.308
22,1547.21808,1547.245556,1547.246772,1,280,401,-360,41,-1.2,27.476,1.216,28.692
23,1547.265331,1547.293838,1547.295118,1,280,401,-360,41,-1.2,28.507,1.28,29.787
24,1547.304392,1547.331049,1547.332244,1,280,404,-360,44,-1.2,26.657,1.195,27.852
25,1547.34862,1547.378346,1547.379579,1,280,402,-360,42,-1.2,29.726,1.233,30.959
26,1547.391011,1547.42146,1547.422766,1,280,401,-360,41,-1.2,30.45,1.306,31.756
27,1547.439677,1547.469869,1547.471073,1,280,402,-360,42,-1.2,30.191,1.205,31.396
28,1547.480434,1547.511499,1547.5128,1,280,402,-360,42,-1.2,31.065,1.301,32.366
29,1547.529702,1547.560824,1547.562048,1,280,403,-360,43,-1.2,31.121,1.224,32.346
30,1547.573009,1547.603696,1547.604931,1,280,402,-360,42,-1.2,30.687,1.235,31.922
31,1547.623343,1547.654095,1547.655441,1,280,403,-360,43,-1.2,30.752,1.345,32.098
32,1547.664447,1547.696936,1547.698117,1,281,404,-359,44,-1.2,32.488,1.181,33.669
33,1547.717059,1547.747835,1547.749214,1,280,401,-360,41,-1.2,30.776,1.379,32.155
34,1547.758788,1547.789104,1547.79042,1,280,402,-360,42,-1.2,30.316,1.316,31.632
35,1547.807004,1547.837738,1547.838976,1,280,402,-360,42,-1.2,30.734,1.238,31.972
36,1547.850184,1547.880593,1547.881789,1,280,402,-360,42,-1.2,30.409,1.197,31.606
37,1547.898757,1547.926636,1547.92793,1,280,402,-360,42,-1.2,27.879,1.294,29.173
38,1547.9368,1547.96587,1547.967064,1,280,401,-360,41,-1.2,29.07,1.195,30.264
39,1547.985478,1548.014077,1548.015271,1,280,401,-360,41,-1.2,28.599,1.194,29.793
40,1548.024665,1548.053578,1548.054788,1,280,402,-360,42,-1.2,28.913,1.21,30.123
41,1548.071576,1548.099719,1548.100944,1,280,401,-360,41,-1.2,28.143,1.225,29.368
42,1548.111699,1548.138223,1548.139429,1,280,402,-360,42,-1.2,26.524,1.206,27.73
43,1548.15611,1548.18348,1548.184719,1,280,402,-360,42,-1.2,27.37,1.24,28.61
44,1548.193531,1548.220087,1548.22188,1,280,401,-360,41,-1.2,26.557,1.793,28.349
45,1548.240457,1548.269035,1548.270223,1,280,401,-360,41,-1.2,28.578,1.188,29.766
46,1548.279513,1548.3068,1548.307976,1,280,401,-360,41,-1.2,27.286,1.177,28.463
47,1548.324595,1548.353535,1548.354775,1,281,402,-359,42,-1.2,28.939,1.241,30.18
48,1548.365596,1548.393793,1548.395047,1,280,401,-360,41,-1.2,28.197,1.254,29.451
49,1548.411644,1548.444633,1548.446162,1,280,401,-360,41,-1.2,32.989,1.529,34.518
50,1548.454999,1548.487227,1548.488484,1,280,401,-360,41,-1.2,32.227,1.257,33.485
51,1548.507165,1548.537644,1548.53886,1,280,401,-360,41,-1.2,30.479,1.217,31.695
52,1548.548423,1548.577226,1548.578508,1,280,402,-360,42,-1.2,28.803,1.282,30.084
53,1548.595194,1548.621684,1548.622948,1,280,402,-360,42,-1.2,26.49,1.264,27.754
54,1548.633811,1548.665407,1548.666602,1,280,402,-360,42,-1.2,31.596,1.195,32.791
55,1548.683852,1548.713815,1548.715106,1,281,402,-359,42,-1.2,29.963,1.291,31.254
56,1548.724399,1548.754844,1548.756142,1,280,402,-360,42,-1.2,30.446,1.298,31.743
57,1548.774671,1548.805568,1548.806856,1,280,402,-360,42,-1.2,30.896,1.289,32.185
58,1548.816356,1548.852679,1548.853863,1,280,401,-360,41,-1.2,36.322,1.184,37.507
59,1548.870949,1548.901328,1548.902528,1,281,404,-359,44,-1.2,30.379,1.201,31.58
60,1548.913429,1548.944127,1548.945384,1,280,402,-360,42,-1.2,30.699,1.257,31.956
61,1548.962846,1548.993862,1548.995094,1,280,401,-360,41,-1.2,31.016,1.232,32.248
62,1549.003857,1549.034352,1549.035528,1,280,401,-360,41,-1.2,30.495,1.176,31.671
63,1549.054593,1549.084532,1549.085829,1,280,401,-360,41,-1.2,29.94,1.296,31.236
64,1549.095301,1549.125983,1549.12722,1,281,403,-359,43,-1.2,30.683,1.237,31.919
65,1549.143985,1549.174993,1549.176191,1,280,401,-360,41,-1.2,31.009,1.198,32.206
66,1549.187261,1549.21831,1549.219492,1,280,402,-360,42,-1.2,31.05,1.182,32.231
67,1549.236591,1549.273771,1549.275055,1,280,400,-360,40,-1.2,37.18,1.284,38.464
68,1549.28503,1549.315728,1549.317015,1,280,401,-360,41,-1.2,30.699,1.287,31.985
69,1549.333935,1549.365888,1549.367063,1,280,399,-360,39,-1.2,31.953,1.176,33.128
70,1549.378198,1549.407962,1549.409194,1,280,399,-360,39,-1.2,29.764,1.231,30.995
71,1549.426703,1549.456427,1549.457678,1,280,398,-360,38,-1.2,29.724,1.251,30.975
72,1549.466491,1549.496602,1549.497775,1,281,397,-359,37,-1.2,30.111,1.173,31.284
73,1549.516513,1549.546244,1549.547457,1,281,397,-359,37,-1.2,29.731,1.212,30.944
74,1549.557421,1549.587167,1549.588597,1,281,397,-359,37,-1.2,29.746,1.43,31.176
75,1549.605294,1549.634079,1549.635271,1,281,397,-359,37,-1.2,28.785,1.192,29.977
76,1549.646108,1549.679983,1549.681203,1,281,396,-359,36,-1.2,33.875,1.22,35.095
77,1549.698038,1549.724882,1549.726082,1,282,397,-358,37,-1.2,26.844,1.201,28.044
78,1549.735284,1549.763667,1549.764858,1,284,397,-356,37,-1.2,28.383,1.191,29.573
79,1549.78137,1549.808393,1549.809584,1,284,396,-356,36,-1.2,27.022,1.192,28.214
80,1549.82049,1549.849414,1549.85063,1,282,396,-358,36,-1.2,28.924,1.216,30.14
81,1549.86806,1549.899436,1549.900694,1,283,395,-357,35,-1.2,31.376,1.258,32.635
82,1549.909679,1549.939782,1549.941103,1,284,395,-356,35,-1.2,30.103,1.322,31.424
83,1549.96031,1549.990325,1549.991604,1,284,395,-356,35,-1.2,30.015,1.279,31.293
84,1550.000846,1550.032776,1550.033941,1,284,395,-356,35,-1.2,31.93,1.165,33.094
85,1550.050773,1550.084772,1550.085977,1,284,396,-356,36,-1.2,33.999,1.205,35.204
86,1550.096674,1550.125188,1550.126416,1,286,396,-354,36,-1.2,28.514,1.228,29.742
87,1550.144814,1550.176303,1550.177498,1,286,396,-354,36,-1.2,31.489,1.195,32.684
88,1550.186945,1550.218753,1550.219948,1,287,396,-353,36,-1.2,31.808,1.195,33.003
89,1550.236763,1550.266013,1550.267226,1,288,396,-352,36,-1.2,29.249,1.214,30.463
90,1550.278171,1550.305074,1550.306286,1,288,396,-352,36,-1.2,26.902,1.213,28.115
91,1550.323637,1550.351885,1550.353104,1,288,396,-352,36,-1.2,28.247,1.219,29.466
92,1550.361947,1550.388872,1550.390169,1,288,396,-352,36,-1.2,26.925,1.297,28.222
93,1550.408756,1550.43595,1550.437165,1,288,396,-352,36,-1.2,27.195,1.215,28.41
94,1550.446353,1550.472887,1550.474096,1,287,396,-353,36,-1.2,26.533,1.21,27.743
95,1550.4907,1550.520449,1550.521659,1,288,396,-352,36,-1.2,29.749,1.21,30.959
96,1550.532496,1550.561102,1550.562303,1,288,396,-352,36,-1.2,28.606,1.201,29.807
97,1550.579189,1550.606984,1550.608216,1,289,396,-351,36,-1.2,27.795,1.232,29.026
98,1550.617216,1550.646506,1550.647694,1,288,396,-352,36,-1.2,29.29,1.189,30.478
99,1550.667299,1550.697323,1550.698506,1,288,397,-352,37,-1.2,30.025,1.183,31.208
100,1550.707819,1550.738501,1550.739712,1,288,396,-352,36,-1.2,30.682,1.211,31.893
101,1550.756884,1550.788993,1550.790315,1,289,396,-351,36,-1.2,32.109,1.323,33.431
102,1550.801958,1550.832213,1550.833406,1,289,396,-351,36,-1.2,30.255,1.193,31.448
103,1550.850392,1550.883632,1550.884928,1,288,396,-352,36,-1.2,33.239,1.297,34.536
104,1550.893767,1550.922168,1550.923437,1,288,396,-352,36,-1.2,28.401,1.269,29.67
105,1550.942608,1550.970463,1550.97165,1,288,397,-352,37,-1.2,27.855,1.187,29.043
106,1550.980761,1551.010524,1551.011738,1,288,396,-352,36,-1.2,29.763,1.214,30.977
107,1551.028818,1551.058862,1551.060157,1,289,397,-351,37,-1.2,30.044,1.295,31.339
108,1551.071631,1551.102771,1551.103943,1,288,396,-352,36,-1.2,31.14,1.173,32.313
109,1551.121294,1551.152114,1551.153293,1,288,396,-352,36,-1.2,30.82,1.179,31.998
110,1551.162376,1551.19366,1551.194865,1,289,396,-351,36,-1.2,31.284,1.205,32.488
111,1551.214387,1551.244683,1551.245904,1,288,396,-352,36,-1.2,30.296,1.222,31.518
112,1551.255486,1551.292813,1551.294233,1,288,397,-352,37,-1.2,37.327,1.42,38.747
113,1551.310869,1551.33882,1551.340015,1,288,397,-352,37,-1.2,27.951,1.195,29.146
114,1551.351754,1551.382056,1551.383309,1,288,397,-352,37,-1.2,30.302,1.253,31.554
115,1551.400166,1551.428494,1551.429682,1,288,397,-352,37,-1.2,28.328,1.187,29.516
116,1551.438809,1551.46967,1551.47094,1,289,397,-351,37,-1.2,30.861,1.27,32.131
117,1551.487954,1551.519052,1551.52037,1,289,397,-351,37,-1.2,31.098,1.318,32.417
118,1551.532297,1551.562969,1551.564153,1,289,397,-351,37,-1.2,30.671,1.184,31.856
119,1551.581154,1551.611833,1551.613064,1,289,396,-351,36,-1.2,30.678,1.231,31.91
120,1551.622665,1551.653078,1551.654358,1,289,397,-351,37,-1.2,30.414,1.28,31.693
121,1551.671152,1551.709676,1551.71102,1,289,396,-351,36,-1.2,38.524,1.344,39.869
122,1551.7228,1551.75296,1551.75424,1,289,396,-351,36,-1.2,30.16,1.281,31.44
123,1551.771177,1551.803495,1551.804727,1,289,396,-351,36,-1.2,32.319,1.231,33.55
124,1551.814138,1551.844668,1551.845881,1,289,396,-351,36,-1.2,30.529,1.213,31.742
125,1551.862778,1551.893356,1551.894601,1,289,396,-351,36,-1.2,30.578,1.245,31.823
126,1551.905489,1551.93484,1551.936026,1,289,397,-351,37,-1.2,29.351,1.185,30.536
127,1551.953009,1551.987952,1551.989236,1,289,397,-351,37,-1.2,34.943,1.284,36.227
128,1551.99843,1552.031579,1552.032816,1,290,397,-350,37,-1.2,33.149,1.237,34.386
129,1552.049402,1552.076502,1552.077794,1,289,396,-351,36,-1.2,27.1,1.292,28.393
130,1552.088815,1552.117084,1552.118828,1,289,397,-351,37,-1.2,28.269,1.744,30.012
131,1552.135835,1552.165183,1552.166347,1,289,397,-351,37,-1.2,29.348,1.163,30.511
132,1552.175626,1552.205556,1552.206787,1,289,396,-351,36,-1.2,29.93,1.231,31.161
133,1552.226316,1552.25632,1552.25756,1,290,396,-350,36,-1.2,30.005,1.239,31.244
134,1552.266696,1552.296927,1552.298096,1,289,396,-351,36,-1.2,30.231,1.169,31.4
135,1552.316414,1552.34785,1552.34913,1,289,397,-351,37,-1.2,31.437,1.28,32.716
136,1552.360375,1552.391009,1552.392244,1,290,396,-350,36,-1.2,30.634,1.236,31.87
137,1552.409386,1552.439505,1552.440705,1,289,397,-351,37,-1.2,30.118,1.2,31.318
138,1552.450191,1552.481395,1552.482675,1,289,396,-351,36,-1.2,31.204,1.28,32.484
139,1552.499436,1552.530081,1552.531268,1,289,396,-351,36,-1.2,30.645,1.187,31.832
140,1552.542335,1552.57199,1552.573239,1,289,396,-351,36,-1.2,29.655,1.249,30.904
141,1552.59129,1552.621034,1552.622302,1,289,396,-351,36,-1.2,29.744,1.268,31.012
142,1552.631528,1552.66176,1552.662939,1,289,396,-351,36,-1.2,30.232,1.18,31.411
143,1552.679605,1552.717896,1552.719085,1,289,396,-351,36,-1.2,38.291,1.189,39.48
144,1552.730199,1552.758488,1552.759751,1,287,396,-353,36,-1.2,28.289,1.263,29.552
145,1552.776732,1552.806168,1552.807377,1,288,396,-352,36,-1.2,29.435,1.21,30.645
146,1552.816764,1552.846365,1552.847609,1,288,396,-352,36,-1.2,29.601,1.244,30.845
147,1552.864323,1552.891834,1552.893193,1,287,395,-353,35,-1.2,27.511,1.359,28.87
148,1552.904051,1552.933234,1552.9344,1,288,395,-352,35,-1.2,29.183,1.166,30.349
149,1552.951263,1552.979752,1552.981014,1,288,394,-352,34,-1.2,28.489,1.262,29.751
150,1552.990474,1553.019202,1553.02039,1,288,394,-352,34,-1.2,28.729,1.188,29.916
151,1553.037248,1553.065828,1553.067017,1,286,393,-354,33,-1.2,28.58,1.189,29.769
152,1553.078141,1553.112886,1553.114126,1,288,393,-352,33,-1.2,34.744,1.24,35.984
153,1553.131162,1553.160529,1553.161737,1,288,392,-352,32,-1.2,29.367,1.208,30.575
154,1553.170848,1553.200255,1553.20143,1,286,391,-354,31,-1.2,29.407,1.175,30.582
155,1553.217995,1553.247814,1553.249138,1,286,391,-354,31,-1.2,29.819,1.324,31.143
156,1553.26063,1553.289176,1553.290395,1,286,391,-354,31,-1.2,28.546,1.219,29.765
157,1553.307241,1553.33733,1553.338507,1,286,390,-354,30,-1.2,30.089,1.177,31.266
158,1553.347589,1553.374475,1553.375676,1,286,391,-354,31,-1.2,26.886,1.201,28.087
159,1553.392365,1553.422325,1553.42355,1,285,391,-355,31,-1.2,29.961,1.225,31.186
160,1553.434507,1553.462471,1553.463642,1,284,392,-356,32,-1.2,27.964,1.171,29.135
161,1553.480698,1553.514193,1553.515453,1,284,392,-356,32,-1.2,33.496,1.259,34.755
162,1553.524719,1553.555967,1553.557242,1,282,394,-358,34,-1.2,31.248,1.275,32.523
163,1553.57371,1553.602494,1553.603686,1,281,394,-359,34,-1.2,28.784,1.192,29.976
164,1553.614689,1553.64237,1553.643706,1,282,394,-358,34,-1.2,27.681,1.336,29.017
165,1553.660742,1553.688265,1553.689516,1,281,394,-359,34,-1.2,27.524,1.25,28.774
166,1553.698345,1553.727095,1553.728308,1,281,394,-359,34,-1.2,28.75,1.213,29.963
167,1553.746757,1553.77597,1553.777273,1,280,394,-360,34,-1.2,29.213,1.304,30.517
168,1553.786413,1553.818497,1553.819677,1,280,392,-360,32,-1.2,32.084,1.18,33.264
169,1553.836488,1553.868367,1553.869548,1,280,392,-360,32,-1.2,31.879,1.181,33.06
170,1553.880515,1553.917276,1553.91849,1,279,392,-361,32,-1.2,36.761,1.214,37.976
171,1553.936188,1553.966004,1553.967174,1,277,392,-363,32,-1.2,29.816,1.17,30.986
172,1553.976187,1554.004812,1554.00598,1,277,392,-363,32,-1.2,28.625,1.168,29.793
173,1554.024815,1554.054123,1554.055359,1,277,394,-363,34,-1.2,29.308,1.236,30.544
174,1554.064597,1554.091856,1554.09319,1,277,395,-363,35,-1.2,27.259,1.334,28.594
175,1554.109734,1554.13868,1554.139875,1,277,395,-363,35,-1.2,28.946,1.195,30.141
176,1554.1509,1554.178238,1554.179447,1,277,395,-363,35,-1.2,27.338,1.209,28.547
177,1554.196252,1554.223912,1554.225145,1,276,395,-364,35,-1.2,27.66,1.233,28.893
178,1554.234062,1554.260542,1554.261727,1,276,396,-364,36,-1.2,26.48,1.185,27.665
179,1554.280154,1554.30855,1554.310053,1,276,396,-364,36,-1.2,28.396,1.503,29.899
180,1554.319366,1554.350562,1554.351773,1,276,398,-364,38,-1.2,31.196,1.211,32.407
181,1554.368482,1554.397004,1554.398196,1,276,399,-364,39,-1.2,28.522,1.191,29.713
182,1554.40909,1554.438028,1554.439218,1,276,399,-364,39,-1.2,28.937,1.191,30.128
183,1554.456293,1554.484804,1554.485985,1,277,400,-363,40,-1.2,28.511,1.181,29.692
184,1554.494967,1554.522702,1554.523914,1,277,401,-363,41,-1.2,27.734,1.212,28.947
185,1554.542533,1554.571422,1554.572608,1,278,401,-362,41,-1.2,28.889,1.187,30.075
186,1554.5819,1554.609031,1554.610389,1,279,401,-361,41,-1.2,27.131,1.359,28.489
187,1554.627043,1554.655084,1554.65635,1,289,400,-351,40,-1.2,28.041,1.267,29.308
188,1554.66843,1554.699361,1554.700574,1,293,397,-347,37,-1.2,30.931,1.213,32.144
189,1554.718902,1554.752232,1554.753539,1,293,397,-347,37,-1.2,33.331,1.307,34.637
190,1554.762557,1554.793149,1554.794375,1,295,395,-345,35,-1.2,30.592,1.227,31.818
191,1554.813226,1554.842854,1554.84415,1,295,395,-345,35,-1.2,29.628,1.296,30.924
192,1554.85339,1554.88245,1554.88364,1,297,396,-343,36,-1.2,29.059,1.191,30.25
193,1554.900115,1554.928241,1554.929432,1,293,395,-347,35,-1.2,28.126,1.19,29.316
194,1554.940127,1554.96849,1554.969652,1,295,395,-345,35,-1.2,28.362,1.163,29.525
195,1554.986588,1555.01409,1555.015326,1,296,396,-344,36,-1.2,27.502,1.236,28.738
196,1555.024569,1555.053677,1555.05493,1,298,395,-342,35,-1.2,29.108,1.254,30.362
197,1555.071658,1555.100474,1555.101659,1,304,394,-336,34,-1.2,28.817,1.185,30.002
198,1555.112722,1555.14972,1555.151012,1,305,394,-335,34,-1.2,36.999,1.291,38.29
199,1555.168695,1555.200926,1555.202112,1,312,395,-328,35,-1.2,32.231,1.186,33.416
200,1555.21165,1555.242162,1555.243495,1,311,395,-329,35,-1.2,30.513,1.332,31.845
201,1555.260316,1555.289011,1555.290243,1,305,393,-335,33,-1.2,28.695,1.231,29.927
202,1555.301114,1555.328615,1555.329845,1,300,393,-340,33,-1.2,27.501,1.23,28.73
203,1555.346685,1555.374608,1555.375852,1,301,394,-339,34,-1.2,27.923,1.244,29.167
204,1555.385218,1555.416765,1555.418527,1,302,395,-338,35,-1.2,31.547,1.762,33.309
205,1555.43639,1555.466308,1555.467474,1,300,396,-340,36,-1.2,29.917,1.166,31.084
206,1555.478334,1555.50613,1555.507314,1,300,394,-340,34,-1.2,27.797,1.184,28.98
207,1555.524267,1555.558804,1555.560098,1,303,393,-337,33,-1.2,34.537,1.294,35.831
208,1555.569194,1555.597865,1555.599038,1,303,395,-337,35,-1.2,28.671,1.172,29.844
209,1555.615744,1555.644128,1555.645343,1,302,396,-338,36,-1.2,28.384,1.215,29.599
210,1555.656317,1555.684034,1555.685231,1,301,397,-339,37,-1.2,27.717,1.197,28.914
211,1555.702172,1555.730313,1555.731497,1,297,397,-343,37,-1.2,28.141,1.184,29.324
212,1555.740705,1555.773076,1555.774261,1,295,398,-345,38,-1.2,32.371,1.185,33.557
213,1555.790823,1555.822084,1555.823328,1,292,400,-348,40,-1.2,31.261,1.244,32.504
214,1555.834188,1555.862445,1555.863635,1,290,402,-350,42,-1.2,28.257,1.19,29.447
215,1555.880495,1555.90776,1555.909028,1,291,401,-349,41,-1.2,27.265,1.268,28.533
216,1555.917907,1555.952306,1555.953528,1,291,400,-349,40,-1.2,34.399,1.222,35.621
217,1555.971932,1556.001012,1556.002185,1,294,398,-346,38,-1.2,29.08,1.173,30.252
218,1556.011301,1556.039821,1556.041032,1,294,397,-346,37,-1.2,28.52,1.211,29.731
219,1556.05755,1556.086093,1556.087268,1,297,396,-343,36,-1.2,28.543,1.175,29.718
220,1556.097905,1556.124818,1556.12606,1,296,396,-344,36,-1.2,26.913,1.242,28.155
221,1556.143085,1556.172409,1556.173647,1,301,396,-339,36,-1.2,29.324,1.238,30.562
222,1556.182994,1556.210059,1556.211289,1,298,398,-342,38,-1.2,27.065,1.23,28.295
223,1556.227896,1556.258827,1556.260047,1,298,398,-342,38,-1.2,30.931,1.22,32.151
224,1556.270851,1556.305447,1556.306913,1,296,399,-344,39,-1.2,34.596,1.467,36.063
225,1556.323843,1556.359069,1556.360387,1,296,400,-344,40,-1.2,35.226,1.318,36.544
226,1556.369449,1556.40616,1556.407391,1,295,401,-345,41,-1.2,36.71,1.231,37.941
227,1556.423932,1556.459713,1556.460965,1,298,402,-342,42,-1.2,35.782,1.252,37.033
228,1556.47174,1556.502061,1556.50329,1,298,401,-342,41,-1.2,30.321,1.229,31.55
229,1556.520256,1556.553656,1556.554867,1,295,401,-345,41,-1.2,33.4,1.211,34.611
230,1556.563619,1556.593197,1556.594386,1,296,400,-344,40,-1.2,29.578,1.188,30.767
231,1556.613157,1556.64386,1556.645159,1,298,399,-342,39,-1.2,30.703,1.299,32.003
232,1556.656424,1556.690882,1556.692141,1,298,398,-342,38,-1.2,34.458,1.259,35.717
233,1556.710217,1556.743022,1556.74429,1,294,398,-346,38,-1.2,32.805,1.268,34.073
234,1556.755111,1556.786285,1556.787488,1,294,397,-346,37,-1.2,31.175,1.202,32.377
235,1556.804339,1556.838854,1556.841234,1,293,400,-347,40,-1.2,34.515,2.38,36.894
236,1556.850783,1556.883882,1556.885116,1,294,401,-346,41,-1.2,33.1,1.234,34.333
237,1556.903548,1556.935373,1556.936572,1,295,402,-345,42,-1.2,31.824,1.199,33.024
238,1556.945815,1556.976531,1556.977893,1,298,400,-342,40,-1.2,30.716,1.362,32.078
239,1556.994303,1557.028525,1557.029822,1,296,400,-344,40,-1.2,34.222,1.297,35.519
240,1557.040939,1557.074283,1557.075513,1,297,400,-343,40,-1.2,33.343,1.231,34.574
241,1557.092475,1557.123985,1557.125235,1,294,397,-346,37,-1.2,31.51,1.25,32.759
242,1557.134451,1557.162406,1557.163601,1,294,397,-346,37,-1.2,27.954,1.195,29.149
243,1557.180122,1557.210016,1557.211241,1,295,397,-345,37,-1.2,29.895,1.224,31.119
244,1557.222161,1557.251962,1557.253918,1,295,400,-345,40,-1.2,29.802,1.956,31.757
245,1557.27225,1557.307366,1557.308637,1,292,402,-348,42,-1.2,35.116,1.271,36.387
246,1557.319066,1557.349532,1557.350801,1,291,401,-349,41,-1.2,30.465,1.269,31.735
247,1557.369601,1557.400582,1557.40176,1,290,404,-350,44,-1.2,30.981,1.178,32.159
248,1557.410963,1557.441484,1557.442761,1,291,405,-349,45,-1.2,30.521,1.278,31.798
249,1557.459636,1557.490428,1557.49178,1,290,406,-350,46,-1.2,30.792,1.352,32.144
250,1557.502488,1557.52967,1557.530882,1,291,404,-349,44,-1.2,27.182,1.212,28.395
251,1557.547998,1557.57814,1557.579501,1,290,404,-350,44,-1.2,30.142,1.361,31.502
252,1557.588398,1557.614439,1557.615648,1,292,401,-348,41,-1.2,26.041,1.209,27.25
253,1557.634142,1557.663705,1557.664908,1,291,401,-349,41,-1.2,29.563,1.203,30.766
254,1557.674117,1557.703518,1557.704737,1,292,400,-348,40,-1.2,29.4,1.22,30.62
255,1557.721633,1557.752288,1557.753476,1,292,402,-348,42,-1.2,30.655,1.188,31.843
256,1557.764378,1557.793329,1557.794517,1,292,402,-348,42,-1.2,28.951,1.188,30.139
257,1557.811414,1557.842061,1557.84339,1,292,402,-348,42,-1.2,30.647,1.329,31.976
258,1557.852589,1557.881466,1557.882963,1,291,403,-349,43,-1.2,28.877,1.497,30.374
259,1557.901645,1557.930976,1557.932157,1,291,405,-349,45,-1.2,29.332,1.181,30.513
260,1557.941265,1557.968515,1557.969673,1,291,406,-349,46,-1.2,27.25,1.158,28.408
261,1557.986548,1558.012929,1558.014204,1,292,406,-348,46,-1.2,26.382,1.275,27.656
262,1558.025043,1558.052897,1558.054135,1,292,402,-348,42,-1.2,27.854,1.238,29.092
263,1558.070831,1558.0979,1558.099083,1,292,402,-348,42,-1.2,27.069,1.183,28.252
264,1558.108222,1558.136515,1558.13768,1,292,400,-348,40,-1.2,28.293,1.165,29.458
265,1558.154288,1558.180865,1558.182086,1,293,401,-347,41,-1.2,26.577,1.221,27.798
266,1558.193057,1558.222179,1558.223858,1,295,401,-345,41,-1.2,29.122,1.679,30.801
267,1558.241613,1558.279911,1558.281251,1,298,401,-342,41,-1.2,38.299,1.34,39.639
268,1558.29086,1558.320427,1558.32168,1,291,403,-349,43,-1.2,29.567,1.254,30.821
269,1558.340837,1558.371024,1558.372279,1,291,404,-349,44,-1.2,30.187,1.255,31.442
270,1558.381768,1558.410224,1558.411612,1,291,406,-349,46,-1.2,28.456,1.388,29.844
271,1558.430114,1558.46216,1558.463984,1,289,407,-351,47,-1.2,32.046,1.824,33.87
272,1558.477647,1558.519451,1558.521178,1,293,406,-347,46,-1.2,41.804,1.727,43.53
273,1558.539661,1558.576176,1558.57759,1,289,402,-351,42,-1.2,36.515,1.414,37.929
274,1558.588105,1558.622765,1558.624059,1,292,401,-348,41,-1.2,34.66,1.294,35.955
275,1558.643068,1558.678412,1558.67978,1,293,401,-347,41,-1.2,35.344,1.368,36.711
276,1558.693446,1558.734995,1558.736287,1,295,400,-345,40,-1.2,41.549,1.292,42.841
277,1558.753653,1558.787011,1558.788259,1,295,400,-345,40,-1.2,33.358,1.249,34.607
278,1558.797106,1558.829586,1558.830791,1,295,403,-345,43,-1.2,32.48,1.206,33.686
279,1558.849636,1558.880239,1558.881582,1,295,405,-345,45,-1.2,30.603,1.343,31.946
280,1558.890661,1558.931326,1558.932582,1,292,404,-348,44,-1.2,40.665,1.256,41.921
281,1558.94943,1558.980108,1558.981409,1,291,404,-349,44,-1.2,30.678,1.302,31.979
282,1558.992427,1559.023068,1559.024347,1,291,407,-349,47,-1.2,30.64,1.279,31.92
283,1559.04132,1559.070366,1559.071595,1,291,408,-349,48,-1.2,29.046,1.229,30.275
284,1559.081102,1559.108446,1559.109733,1,291,406,-349,46,-1.2,27.344,1.287,28.631
285,1559.126347,1559.156633,1559.157866,1,292,404,-348,44,-1.2,30.286,1.234,31.52
286,1559.168869,1559.198374,1559.199561,1,293,404,-347,44,-1.2,29.505,1.187,30.692
287,1559.216668,1559.246975,1559.248332,1,297,409,-343,49,-1.2,30.307,1.357,31.664
288,1559.257088,1559.288595,1559.290082,1,302,408,-338,48,-1.2,31.507,1.488,32.994
289,1559.308866,1559.338923,1559.340114,1,302,408,-338,48,-1.2,30.056,1.192,31.248
290,1559.349262,1559.377908,1559.379137,1,300,405,-340,45,-1.2,28.646,1.229,29.875
291,1559.397693,1559.430941,1559.432188,1,300,409,-340,49,-1.2,33.248,1.246,34.495
292,1559.444075,1559.474664,1559.476094,1,304,410,-336,50,-1.2,30.589,1.429,32.019
293,1559.493669,1559.526537,1559.527797,1,304,415,-336,55,-1.2,32.869,1.26,34.129
294,1559.537208,1559.56531,1559.566538,1,318,415,-322,55,-1.2,28.101,1.228,29.329
295,1559.587126,1559.616069,1559.617398,1,321,417,-319,57,-1.2,28.943,1.33,30.273
296,1559.627297,1559.660516,1559.661779,1,316,417,-324,57,-1.2,33.219,1.263,34.482
297,1559.678439,1559.71107,1559.712305,1,327,417,-313,57,-1.2,32.631,1.235,33.866
298,1559.724894,1559.752945,1559.75421,1,332,418,-308,58,-1.2,28.052,1.265,29.316
299,1559.771345,1559.798516,1559.799736,1,331,418,-309,58,-1.2,27.171,1.219,28.39
300,1559.808734,1559.835705,1559.836943,1,331,418,-309,58,-1.2,26.971,1.238,28.209
301,1559.855867,1559.881843,1559.883048,1,328,416,-312,56,-1.2,25.976,1.205,27.18
302,1559.89228,1559.919352,1559.920669,1,330,416,-310,56,-1.2,27.072,1.317,28.389
303,1559.937117,1559.968247,1559.969427,1,330,417,-310,57,-1.2,31.13,1.18,32.31
304,1559.980405,1560.006468,1560.00764,1,331,417,-309,57,-1.2,26.064,1.172,27.235
305,1560.024401,1560.049688,1560.050867,1,332,417,-308,57,-1.2,25.287,1.179,26.466
306,1560.059656,1560.087266,1560.088459,1,330,415,-310,55,-1.2,27.61,1.193,28.803
307,1560.107253,1560.133032,1560.13422,1,332,416,-308,56,-1.2,25.78,1.188,26.968
308,1560.143335,1560.170871,1560.172095,1,330,416,-310,56,-1.2,27.536,1.223,28.76
309,1560.188567,1560.214227,1560.21541,1,329,416,-311,56,-1.2,25.66,1.183,26.843
310,1560.226237,1560.254579,1560.255788,1,330,417,-310,57,-1.2,28.341,1.21,29.551
311,1560.273041,1560.299046,1560.300351,1,328,415,-312,55,-1.2,26.005,1.306,27.31
312,1560.309256,1560.335785,1560.336985,1,326,412,-314,52,-1.2,26.529,1.2,27.729
313,1560.3555,1560.381908,1560.383101,1,328,409,-312,49,-1.2,26.408,1.193,27.602
314,1560.392314,1560.418925,1560.420097,1,328,407,-312,47,-1.2,26.611,1.172,27.783
315,1560.436512,1560.463538,1560.464738,1,329,406,-311,46,-1.2,27.026,1.199,28.226
316,1560.475527,1560.501915,1560.50309,1,329,405,-311,45,-1.2,26.388,1.175,27.563
317,1560.519805,1560.546433,1560.547629,1,329,405,-311,45,-1.2,26.627,1.196,27.824
318,1560.55651,1560.582555,1560.583721,1,328,406,-312,46,-1.2,26.044,1.166,27.21
319,1560.602195,1560.629703,1560.630863,1,328,407,-312,47,-1.2,27.508,1.16,28.668
320,1560.639934,1560.666269,1560.667426,1,326,406,-314,46,-1.2,26.335,1.157,27.492
321,1560.68399,1560.712559,1560.713767,1,327,405,-313,45,-1.2,28.569,1.208,29.777
322,1560.724729,1560.750162,1560.751351,1,327,404,-313,44,-1.2,25.433,1.189,26.622
323,1560.768082,1560.79627,1560.797453,1,327,404,-313,44,-1.2,28.188,1.183,29.371
324,1560.806413,1560.832985,1560.834148,1,329,403,-311,43,-1.2,26.572,1.162,27.735
325,1560.852859,1560.88064,1560.881903,1,329,402,-311,42,-1.2,27.781,1.263,29.044
326,1560.891385,1560.918963,1560.920228,1,330,401,-310,41,-1.2,27.578,1.265,28.843
327,1560.936817,1560.964546,1560.965759,1,330,401,-310,41,-1.2,27.729,1.213,28.942
328,1560.976672,1561.004961,1561.00617,1,330,401,-310,41,-1.2,28.288,1.209,29.497
329,1561.023033,1561.050263,1561.051469,1,329,400,-311,40,-1.2,27.23,1.205,28.436
330,1561.060311,1561.089062,1561.090276,1,330,399,-310,39,-1.2,28.751,1.214,29.965
331,1561.109176,1561.136775,1561.137978,1,329,400,-311,40,-1.2,27.599,1.203,28.802
332,1561.147121,1561.180221,1561.181438,1,329,399,-311,39,-1.2,33.1,1.217,34.318
333,1561.197931,1561.226532,1561.227754,1,329,400,-311,40,-1.2,28.601,1.222,29.823
334,1561.2386,1561.269359,1561.270552,1,328,400,-312,40,-1.2,30.759,1.193,31.951
335,1561.287127,1561.316134,1561.317362,1,329,400,-311,40,-1.2,29.006,1.229,30.235
336,1561.326772,1561.355791,1561.357068,1,329,400,-311,40,-1.2,29.018,1.278,30.296
337,1561.375552,1561.405897,1561.407106,1,328,400,-312,40,-1.2,30.345,1.209,31.554
338,1561.416395,1561.444053,1561.445272,1,328,400,-312,40,-1.2,27.658,1.219,28.876
339,1561.461761,1561.491915,1561.493177,1,329,400,-311,40,-1.2,30.154,1.262,31.417
340,1561.503885,1561.532502,1561.533719,1,329,400,-311,40,-1.2,28.617,1.217,29.834
341,1561.550664,1561.578536,1561.579795,1,329,401,-311,41,-1.2,27.872,1.258,29.13
342,1561.588656,1561.615492,1561.61674,1,328,401,-312,41,-1.2,26.836,1.248,28.084
343,1561.635298,1561.663003,1561.664221,1,328,401,-312,41,-1.2,27.705,1.217,28.922
344,1561.673341,1561.700729,1561.701951,1,330,401,-310,41,-1.2,27.388,1.221,28.609
345,1561.718427,1561.746406,1561.747597,1,330,401,-310,41,-1.2,27.979,1.191,29.17
346,1561.758955,1561.790198,1561.791577,1,330,401,-310,41,-1.2,31.243,1.379,32.622
347,1561.823973,1561.863923,1561.865333,1,328,401,-312,41,-1.2,39.95,1.41,41.36
,,,,,,,,,,,,
,,,,,,,,,,,,
,,,,,,,,,,,,
,,,,,,,,,,,,
,,,,,,,,,,,,
,,,,,,,,,,,,#NAME?
