t,pan_deg,tilt_deg,pan_vel_deg_s,tilt_vel_deg_s,speed_deg_s,pan_acc_deg_s2,tilt_acc_deg_s2,human,cx,cy,deadzone_px,target_motion_px,target_motion_filt_px,err_x_px,err_y_px,err_mag_px,err_x_norm,err_y_norm,err_mag_norm
0.0011,134,135,0,0,0,0,0,1,934,367,20,0,0,294,7,294.083,0.459375,0.019444,0.459786
0.0099,133,135,0,0,0,0,0,1,940,357,20,11.662,3.499,300,-3,300.015,0.46875,-0.008333,0.468824
0.0627,132,135,-18.947,0,18.947,-358.987,0,1,937,354,20,4.243,3.722,297,-6,297.061,0.464062,-0.016667,0.464362
0.125,131,135,-16.028,0,16.028,46.79,0,1,938,369,20,15.033,7.115,298,9,298.136,0.465625,0.025,0.466296
0.1763,130,135,-19.514,0,19.514,-68.023,0,1,939,363,20,6.083,6.805,299,3,299.015,0.467187,0.008333,0.467262
0.2362,129,135,-16.685,0,16.685,47.201,0,1,933,355,20,10,7.764,293,-5,293.043,0.457813,-0.013889,0.458023
0.3003,128,135,-15.603,0,15.603,16.882,0,1,892,360,20,41.304,17.826,252,0,252,0.39375,0,0.39375
0.363,127,135,-15.949,0,15.949,-5.532,0,1,837,360,20,55,28.978,197,0,197,0.307812,0,0.307812
0.4206,126,135,-17.356,0,17.356,-24.417,0,1,820,355,20,17.72,25.601,180,-5,180.069,0.28125,-0.013889,0.281593
0.473,125,135,-19.089,0,19.089,-33.071,0,1,823,360,20,5.831,19.67,183,0,183,0.285938,0,0.285938
0.5236,124,135,-19.771,0,19.771,-13.5,0,1,820,356,20,5,15.269,180,-4,180.044,0.28125,-0.011111,0.281469
0.5765,123,135,-18.889,0,18.889,16.666,0,1,780,358,20,40.05,22.703,140,-2,140.014,0.21875,-0.005556,0.218821
0.628,122,135,-19.447,0,19.447,-10.855,0,1,726,360,20,54.037,32.103,86,0,86,0.134375,0,0.134375
0.6761,121,135,-20.788,0,20.788,-27.873,0,1,704,363,20,22.204,29.133,64,3,64.07,0.1,0.008333,0.100347
0.7268,120,135,-19.695,0,19.695,21.525,0,1,701,356,20,7.616,22.678,61,-4,61.131,0.095312,-0.011111,0.095958
0.7778,119,135,-19.606,0,19.606,1.76,0,1,686,356,20,15,20.375,46,-4,46.174,0.071875,-0.011111,0.072729
0.829,119,135,0,0,0,383.29,0,1,656,367,20,31.953,23.848,16,7,17.464,0.025,0.019444,0.031672
0.8789,119,135,0,0,0,0,0,1,653,364,20,4.243,17.967,13,4,13.601,0.020313,0.011111,0.023153
0.9301,119,135,0,0,0,0,0,1,655,366,20,2.828,13.425,15,6,16.155,0.023438,0.016667,0.028759
0.9794,119,135,0,0,0,0,0,1,635,362,20,20.396,15.516,-5,2,5.385,-0.007812,0.005556,0.009586
1.0291,119,135,0,0,0,0,0,1,621,364,20,14.142,15.104,-19,4,19.416,-0.029687,0.011111,0.031699
1.0765,119,135,0,0,0,0,0,1,622,360,20,4.123,11.81,-18,0,18,-0.028125,0,0.028125
1.1238,119,135,0,0,0,0,0,1,623,365,20,5.099,9.797,-17,5,17.72,-0.026562,0.013889,0.029974
1.1734,119,135,0,0,0,0,0,1,621,363,22.939,2.828,7.706,-19,3,19.235,-0.029687,0.008333,0.030835
1.2233,119,135,0,0,0,0,0,1,622,359,33.688,4.123,6.631,-18,-1,18.028,-0.028125,-0.002778,0.028262
1.2753,119,135,0,0,0,0,0,1,623,364,38.284,5.099,6.172,-17,4,17.464,-0.026562,0.011111,0.028793
1.3237,119,135,0,0,0,0,0,1,626,359,39.306,5.831,6.069,-14,-1,14.036,-0.021875,-0.002778,0.022051
1.373,119,135,0,0,0,0,0,1,621,358,42.217,5.099,5.778,-19,-2,19.105,-0.029687,-0.005556,0.030203
1.4214,119,135,0,0,0,0,0,1,621,359,56.552,1,4.345,-19,-1,19.026,-0.029687,-0.002778,0.029817
1.4734,119,135,0,0,0,0,0,1,623,361,61.101,2.828,3.89,-17,1,17.029,-0.026562,0.002778,0.026707
1.5246,119,135,0,0,0,0,0,1,621,363,64.286,2.828,3.571,-19,3,19.235,-0.029687,0.008333,0.030835
1.5726,119,135,0,0,0,0,0,1,622,365,68.292,2.236,3.171,-18,5,18.682,-0.028125,0.013889,0.031367
1.6267,119,135,0,0,0,0,0,1,625,362,65.076,4.243,3.492,-15,2,15.133,-0.023438,0.005556,0.024087
1.6755,119,135,0,0,0,0,0,1,623,361,68.845,2.236,3.115,-17,1,17.029,-0.026562,0.002778,0.026707
1.7238,119,135,0,0,0,0,0,1,622,358,68.705,3.162,3.13,-18,-2,18.111,-0.028125,-0.005556,0.028668
1.7745,119,135,0,0,0,0,0,1,620,359,71.385,2.236,2.861,-20,-1,20.025,-0.03125,-0.002778,0.031373
1.8223,119,135,0,0,0,0,0,1,620,360,76.97,1,2.303,-20,0,20,-0.03125,0,0.03125
1.8754,119,135,0,0,0,0,0,1,622,363,73.062,3.606,2.694,-18,3,18.248,-0.028125,0.008333,0.029334
1.9249,119,135,0,0,0,0,0,1,623,360,71.657,3.162,2.834,-17,0,17,-0.026562,0,0.026562
1.9745,119,135,0,0,0,0,0,1,622,359,75.917,1.414,2.408,-18,-1,18.028,-0.028125,-0.002778,0.028262
2.0276,119,135,0,0,0,0,0,1,628,362,63.017,6.708,3.698,-12,2,12.166,-0.01875,0.005556,0.019556
2.0765,119,135,0,0,0,0,0,1,627,364,67.404,2.236,3.26,-13,4,13.601,-0.020313,0.011111,0.023153
2.1266,119,135,0,0,0,0,0,1,622,360,57.973,6.403,4.203,-18,0,18,-0.028125,0,0.028125
2.1753,119,135,0,0,0,0,0,1,623,362,63.873,2.236,3.613,-17,2,17.117,-0.026562,0.005556,0.027137
2.2274,119,135,0,0,0,0,0,1,622,358,62.342,4.123,3.766,-18,-2,18.111,-0.028125,-0.005556,0.028668
2.2762,119,135,0,0,0,0,0,1,623,358,70.639,1,2.936,-17,-2,17.117,-0.026562,-0.005556,0.027137
2.3276,119,135,0,0,0,0,0,1,620,358,70.448,3,2.955,-20,-2,20.1,-0.03125,-0.005556,0.03174
2.3755,119,135,0,0,0,0,0,1,620,359,76.313,1,2.369,-20,-1,20.025,-0.03125,-0.002778,0.031373
2.4249,119,135,0,0,0,0,0,1,617,358,73.932,3.162,2.607,-23,-2,23.087,-0.035937,-0.005556,0.036364
2.4742,119,135,0,0,0,0,0,1,616,359,77.51,1.414,2.249,-24,-1,24.021,-0.0375,-0.002778,0.037603
2.5225,119,135,0,0,0,0,0,1,614,363,70.841,4.472,2.916,-26,3,26.173,-0.040625,0.008333,0.041471
2.5742,119,135,0,0,0,0,0,1,618,366,64.588,5,3.541,-22,6,22.804,-0.034375,0.016667,0.038202
2.6252,119,135,0,0,0,0,0,1,619,365,70.969,1.414,2.903,-21,5,21.587,-0.032813,0.013889,0.035631
2.6753,119,135,0,0,0,0,0,1,633,367,71.935,14.142,6.275,-7,7,9.899,-0.010937,0.019444,0.02231
2.7233,119,135,0,0,0,0,0,1,644,365,69.352,11.18,7.746,4,5,6.403,0.00625,0.013889,0.01523
2.7768,119,135,0,0,0,0,0,1,651,368,22.927,7.616,7.707,11,8,13.601,0.017188,0.022222,0.028093
2.8263,118.203,135,-16.093,0,16.093,-324.987,0,1,674,366,20,23.087,12.321,34,6,34.525,0.053125,0.016667,0.055678
2.8759,117.203,135,-20.185,0,20.185,-82.611,0,1,684,366,20,10,11.625,44,6,44.407,0.06875,0.016667,0.070741
2.9291,116.203,135,-18.777,0,18.777,26.439,0,1,705,357,20,22.847,14.992,65,-3,65.069,0.101562,-0.008333,0.101904
2.9819,115.203,135,-18.951,0,18.951,-3.285,0,1,710,366,20,10.296,13.583,70,6,70.257,0.109375,0.016667,0.110638
3.0349,114.203,135,-18.864,0,18.864,1.643,0,1,691,367,20,19.026,15.216,51,7,51.478,0.079687,0.019444,0.082026
3.0894,114.203,135,-16.847,0,0,345.88,0,1,642,372,20,49.254,25.427,2,12,12.166,0.003125,0.033333,0.033479
3.1447,114.203,135.917,-15.453,16.577,16.577,0,299.764,1,632,382,20,14.142,22.042,-8,22,23.409,-0.0125,0.061111,0.062376
3.1941,114.203,136.917,-15.283,20.274,20.274,0,74.968,1,619,389,20,14.765,19.859,-21,29,35.805,-0.032813,0.080556,0.086982
3.2431,114.203,137.917,-17.353,20.369,20.369,0,1.923,1,620,390,20,1.414,14.325,-20,30,36.056,-0.03125,0.083333,0.089
3.2935,114.203,138.917,-17.72,19.872,19.872,0,-9.861,1,655,388,20,35.057,20.545,15,28,31.765,0.023438,0.077778,0.081232
3.3458,113.406,139.917,-15.227,19.109,24.434,-290.978,-14.591,1,674,394,20,19.925,20.359,34,34,48.083,0.053125,0.094444,0.108361
3.3997,112.406,139.917,-18.551,0,18.551,-61.652,-354.485,1,711,380,20,39.56,26.119,71,20,73.763,0.110937,0.055556,0.124071
3.4558,111.406,139.917,-17.827,0,17.827,12.909,0,1,746,358,20,41.34,30.685,106,-2,106.019,0.165625,-0.005556,0.165718
3.5089,110.406,139.917,-18.838,0,18.838,-19.048,0,1,768,352,20,22.804,28.321,128,-8,128.25,0.2,-0.022222,0.201231
3.5564,109.406,138.917,-21.028,-21.028,29.738,-46.056,-442.18,1,748,334,20,26.907,27.897,108,-26,111.086,0.16875,-0.072222,0.183555
3.6103,108.406,137.958,-18.57,-17.797,25.721,45.641,60.01,1,753,337,20,5.831,21.277,113,-23,115.317,0.176563,-0.063889,0.187766
3.6604,107.406,137.958,-19.941,0,19.941,-27.337,354.887,1,776,340,20,23.195,21.852,136,-20,137.463,0.2125,-0.055556,0.219642
3.7102,106.406,136.958,-20.081,-20.081,28.399,-2.803,-403.24,1,790,332,20,16.125,20.134,150,-28,152.591,0.234375,-0.077778,0.246943
3.7624,105.406,136,-19.159,-18.361,26.537,17.657,32.952,1,805,337,20,15.811,18.837,165,-23,166.595,0.257812,-0.063889,0.265611
3.8119,104.406,135,-20.229,-20.229,28.609,-21.649,-37.798,1,798,332,20,8.602,15.767,158,-28,160.462,0.246875,-0.077778,0.258837
3.8632,103.406,135,-19.479,0,19.479,14.623,394.042,1,735,340,20,63.506,30.089,95,-20,97.082,0.148438,-0.055556,0.158493
3.9124,102.406,135,-20.307,0,20.307,-16.824,0,1,729,343,20,6.708,23.074,89,-17,90.609,0.139063,-0.047222,0.146862
3.9629,101.406,135,-19.817,0,19.817,9.714,0,1,717,364,20,24.187,23.408,77,4,77.104,0.120313,0.011111,0.120824
4.0112,100.406,135,-20.704,0,20.704,-18.37,0,1,723,366,20,6.325,18.283,83,6,83.217,0.129688,0.016667,0.130754
4.0619,99.406,135,-19.71,0,19.71,19.588,0,1,721,361,20,5.385,14.414,81,1,81.006,0.126562,0.002778,0.126593
4.1132,98.406,135,-19.511,0,19.511,3.882,0,1,773,364,20,52.086,25.716,133,4,133.06,0.207813,0.011111,0.208109
4.1671,97.406,135,-18.553,0,18.553,17.779,0,1,764,358,20,10.817,21.246,124,-2,124.016,0.19375,-0.005556,0.19383
4.2195,96.406,135,-19.095,0,19.095,-10.353,0,1,782,360,20,18.111,20.305,142,0,142,0.221875,0,0.221875
4.2737,95.406,135,-18.452,0,18.452,11.875,0,1,739,369,20,43.932,27.393,99,9,99.408,0.154688,0.025,0.156695
4.3261,94.406,135,-19.057,0,19.057,-11.535,0,1,752,373,20,13.601,23.256,112,13,112.752,0.175,0.036111,0.178687
4.3756,93.406,135.917,-20.199,18.516,27.402,-23.075,374.018,1,744,382,20,12.042,19.891,104,22,106.301,0.1625,0.061111,0.173611
4.4268,92.406,135.917,-19.536,0,19.536,12.957,-361.738,1,690,377,20,54.231,30.193,50,17,52.811,0.078125,0.047222,0.091288
4.4807,91.406,136.792,-18.569,16.248,24.674,17.965,301.701,1,687,381,20,5,22.635,47,21,51.478,0.073438,0.058333,0.093786
4.5378,90.406,136.792,-17.516,0,17.516,18.433,-284.603,1,705,374,20,19.313,21.639,65,14,66.491,0.101562,0.038889,0.108753
4.5951,89.406,136.792,-17.453,0,17.453,1.113,0,1,696,369,20,10.296,18.236,56,9,56.719,0.0875,0.025,0.091001
4.6476,88.406,136.792,-19.04,0,19.04,-30.217,0,1,696,367,20,2,13.365,56,7,56.436,0.0875,0.019444,0.089634
4.6982,87.445,136.792,-19.003,0,19.003,0.732,0,1,681,364,20,15.297,13.945,41,4,41.195,0.064062,0.011111,0.065019
4.7481,86.461,136.792,-19.725,0,19.725,-14.464,0,1,682,366,20,2.236,10.432,42,6,42.426,0.065625,0.016667,0.067708
4.8004,85.461,136.792,-19.105,0,19.105,11.831,0,1,708,361,20,26.476,15.245,68,1,68.007,0.10625,0.002778,0.106286
4.8516,84.461,136.792,-19.54,0,19.54,-8.491,0,1,724,359,20,16.125,15.509,84,-1,84.006,0.13125,-0.002778,0.131279
4.9061,83.461,136.792,-18.354,0,18.354,21.761,0,1,683,361,20,41.049,23.171,43,1,43.012,0.067187,0.002778,0.067245
4.9615,82.828,136.792,-11.421,0,11.421,125.131,0,1,667,375,20,21.26,22.598,27,15,30.887,0.042188,0.041667,0.059295
5.0145,82.102,136.792,-13.692,0,13.692,-42.798,0,1,671,373,20,4.472,17.16,31,13,33.615,0.048438,0.036111,0.060417
5.0646,82.102,136.792,0,0,0,273.525,0,1,645,372,20,26.019,19.818,5,12,13,0.007812,0.033333,0.034237
5.1192,82.102,136.792,0,0,0,0,0,1,629,377,20,16.763,18.901,-11,17,20.248,-0.017188,0.047222,0.050253
5.1729,82.102,136.792,0,0,0,0,0,1,632,371,20,6.708,15.243,-8,11,13.601,-0.0125,0.030556,0.033014
5.2304,82.102,136.792,0,0,0,0,0,1,639,366,20,8.602,13.251,-1,6,6.083,-0.001563,0.016667,0.01674
5.2843,82.102,136.792,0,0,0,0,0,1,644,358,20,9.434,12.106,4,-2,4.472,0.00625,-0.005556,0.008362
5.341,82.102,136.792,0,0,0,0,0,1,644,359,20,1,8.774,4,-1,4.123,0.00625,-0.002778,0.006839
5.3982,82.102,136.792,0,0,0,0,0,1,655,359,20,11,9.442,15,-1,15.033,0.023438,-0.002778,0.023602
5.4518,82.102,136.792,0,0,0,0,0,1,661,368,20,10.817,9.854,21,8,22.472,0.032813,0.022222,0.039629
5.5064,81.469,136.792,0,0,11.585,-212.106,0,1,667,367,20,6.083,8.723,27,7,27.893,0.042188,0.019444,0.046453
5.5591,81.469,136.792,0,0,0,219.67,0,1,669,366,32.232,2.236,6.777,29,6,29.614,0.045312,0.016667,0.04828
5.6153,81.469,136.792,0,0,0,0,0,1,664,367,37.265,5.099,6.273,24,7,25,0.0375,0.019444,0.042241
5.6653,80.695,136.792,0,0,15.477,-309.715,0,1,673,363,26.539,9.849,7.346,33,3,33.136,0.051562,0.008333,0.052232
5.7188,80.695,136.792,0,0,0,289.526,0,1,670,360,35.849,4.243,6.415,30,0,30,0.046875,0,0.046875
5.773,80.695,136.792,0,0,0,0,0,1,672,353,33.254,7.28,6.675,32,-7,32.757,0.05,-0.019444,0.053648
5.828,79.781,136.792,0,0,16.605,-301.666,0,1,679,360,23.579,9.899,7.642,39,0,39,0.060937,0,0.060937
5.8748,78.984,136.792,0,0,17.024,-8.935,0,1,674,360,31.506,5,6.849,34,0,34,0.053125,0,0.053125
5.9276,78.984,136.792,0,0,0,322.911,0,1,674,360,52.054,0,4.795,34,0,34,0.053125,0,0.053125
5.9765,78.984,136.792,0,0,0,0,0,1,672,361,59.73,2.236,4.027,32,1,32.016,0.05,0.002778,0.050077
6.0299,78.984,136.792,0,0,0,0,0,1,671,360,67.568,1.414,3.243,31,0,31,0.048438,0,0.048438
6.0785,78.984,136.792,0,0,0,0,0,1,674,362,66.481,3.606,3.352,34,2,34.059,0.053125,0.005556,0.053415
6.1281,78.984,136.792,0,0,0,0,0,1,677,365,63.809,4.243,3.619,37,5,37.336,0.057813,0.013889,0.059457
6.1749,78.984,136.792,0,0,0,0,0,1,676,360,59.369,5.099,4.063,36,0,36,0.05625,0,0.05625
6.2296,78.984,136.792,0,0,0,0,0,1,677,362,64.85,2.236,3.515,37,2,37.054,0.057813,0.005556,0.058079
6.2784,78.984,136.792,0,0,0,0,0,1,677,362,75.395,0,2.46,37,2,37.054,0.057813,0.005556,0.058079
6.3279,78.984,136.792,0,0,0,0,0,1,676,363,78.534,1.414,2.147,36,3,36.125,0.05625,0.008333,0.056864
6.3792,78.984,136.792,0,0,0,0,0,1,676,363,84.974,0,1.503,36,3,36.125,0.05625,0.008333,0.056864
6.4307,78.984,136.792,0,0,0,0,0,1,676,364,86.482,1,1.352,36,4,36.222,0.05625,0.011111,0.057337
6.4793,78.984,136.792,0,0,0,0,0,1,677,363,86.294,1.414,1.371,37,3,37.121,0.057813,0.008333,0.05841
6.5282,78.984,136.792,0,0,0,0,0,1,680,359,75.406,5,2.459,40,-1,40.012,0.0625,-0.002778,0.062562
6.5761,78.984,136.792,0,0,0,0,0,1,682,361,74.299,2.828,2.57,42,1,42.012,0.065625,0.002778,0.065684
6.6278,78.984,136.792,0,0,0,0,0,1,680,359,73.524,2.828,2.648,40,-1,40.012,0.0625,-0.002778,0.062562
6.6764,78.984,136.792,0,0,0,0,0,1,680,359,81.467,0,1.853,40,-1,40.012,0.0625,-0.002778,0.062562
6.727,78.984,136.792,0,0,0,0,0,1,676,362,72.027,5,2.797,36,2,36.056,0.05625,0.005556,0.056524
6.7771,78.984,136.792,0,0,0,0,0,1,679,361,70.932,3.162,2.907,39,1,39.013,0.060937,0.002778,0.061001
6.8354,78.984,136.792,0,0,0,0,0,1,679,364,70.652,3,2.935,39,4,39.205,0.060937,0.011111,0.061942
6.8906,78.984,136.792,0,0,0,0,0,1,682,362,68.64,3.606,3.136,42,2,42.048,0.065625,0.005556,0.06586
6.9433,78.984,136.792,0,0,0,0,0,1,679,364,67.231,3.606,3.277,39,4,39.205,0.060937,0.011111,0.061942
6.9965,78.984,136.792,0,0,0,0,0,1,678,360,64.693,4.123,3.531,38,0,38,0.059375,0,0.059375
7.0482,78.984,136.792,0,0,0,0,0,1,680,362,66.8,2.828,3.32,40,2,40.05,0.0625,0.005556,0.062746
7.0969,78.984,136.792,0,0,0,0,0,1,678,359,65.943,3.606,3.406,38,-1,38.013,0.059375,-0.002778,0.05944
7.1458,78.984,136.792,0,0,0,0,0,1,681,359,67.16,3,3.284,41,-1,41.012,0.064062,-0.002778,0.064123
7.1956,78.984,136.792,0,0,0,0,0,1,679,358,70.304,2.236,2.97,39,-2,39.051,0.060937,-0.005556,0.06119
7.2471,78.984,136.792,0,0,0,0,0,1,680,358,76.213,1,2.379,40,-2,40.05,0.0625,-0.005556,0.062746
7.2958,78.984,136.792,0,0,0,0,0,1,679,361,73.862,3.162,2.614,39,1,39.013,0.060937,0.002778,0.061001
7.3448,78.984,136.792,0,0,0,0,0,1,680,361,78.703,1,2.13,40,1,40.012,0.0625,0.002778,0.062562
7.3936,78.984,136.792,0,0,0,0,0,1,680,360,82.092,1,1.791,40,0,40,0.0625,0,0.0625
7.4456,78.984,136.792,0,0,0,0,0,1,679,360,84.465,1,1.554,39,0,39,0.060937,0,0.060937
7.4935,78.984,136.792,0,0,0,0,0,1,681,362,80.64,2.828,1.936,41,2,41.049,0.064062,0.005556,0.064303
7.5452,78.984,136.792,0,0,0,0,0,1,678,362,77.448,3,2.255,38,2,38.053,0.059375,0.005556,0.059634
7.5954,78.984,136.792,0,0,0,0,0,1,680,363,77.505,2.236,2.249,40,3,40.112,0.0625,0.008333,0.063053
7.6486,78.984,136.792,0,0,0,0,0,1,680,365,78.254,2,2.175,40,5,40.311,0.0625,0.013889,0.064025
7.6973,78.984,136.792,0,0,0,0,0,1,678,364,78.069,2.236,2.193,38,4,38.21,0.059375,0.011111,0.060406
7.7447,78.984,136.792,0,0,0,0,0,1,677,368,72.279,4.123,2.772,37,8,37.855,0.057813,0.022222,0.061936
7.7931,78.984,136.792,0,0,0,0,0,1,673,370,67.179,4.472,3.282,33,10,34.482,0.051562,0.027778,0.058569
7.8493,78.984,136.792,0,0,0,0,0,1,669,366,70.055,5.657,3.995,29,6,29.614,0.045312,0.016667,0.04828
7.9005,78.984,136.792,0,0,0,0,0,1,663,368,73.065,6.325,4.694,23,8,24.352,0.035937,0.022222,0.042253
7.9504,78.984,136.792,0,0,0,0,0,1,660,370,76.329,3.606,4.367,20,10,22.361,0.03125,0.027778,0.041811
8.0006,78.984,136.792,0,0,0,0,0,1,652,367,73.798,8.544,5.62,12,7,13.892,0.01875,0.019444,0.027012
8.0502,78.984,136.792,0,0,0,0,0,1,649,368,71.172,3.162,4.883,9,8,12.042,0.014063,0.022222,0.026298
8.0971,78.984,136.792,0,0,0,0,0,1,639,373,72.279,11.18,6.772,-1,13,13.038,-0.001563,0.036111,0.036145
8.146,78.984,136.792,0,0,0,0,0,1,630,372,75.429,9.055,7.457,-10,12,15.62,-0.015625,0.033333,0.036814
8.1949,78.984,136.792,0,0,0,0,0,1,635,378,74.37,7.81,7.563,-5,18,18.682,-0.007812,0.05,0.050607
8.2461,78.984,136.792,0,0,0,0,0,1,631,376,33.642,4.472,6.636,-9,16,18.358,-0.014063,0.044444,0.046616
8.2944,79.641,136.792,13.568,0,13.568,280.53,0,1,612,377,20,19.026,10.353,-28,17,32.757,-0.04375,0.047222,0.064374
8.3467,80.641,137.708,19.126,17.532,25.945,106.288,335.307,1,596,382,20,16.763,12.276,-44,22,49.193,-0.06875,0.061111,0.091984
8.3948,81.641,137.708,20.782,0,20.782,34.423,-364.346,1,567,380,20,29.069,17.314,-73,20,75.69,-0.114062,0.055556,0.126873
8.448,82.641,137.708,18.802,0,18.802,-37.22,0,1,549,379,20,18.028,17.528,-91,19,92.962,-0.142187,0.052778,0.151667
8.5047,83.641,137.708,17.652,0,17.652,-20.315,0,1,516,372,20,33.734,22.39,-124,12,124.579,-0.19375,0.033333,0.196596
8.5568,84.641,137.708,19.18,0,19.18,29.308,0,1,497,371,20,19.026,21.381,-143,11,143.422,-0.223438,0.030556,0.225517
8.6092,85.641,137.708,19.102,0,19.102,-1.492,0,1,490,375,20,8.062,17.385,-150,15,150.748,-0.234375,0.041667,0.23805
8.6636,86.641,137.708,18.368,0,18.368,-13.476,0,1,465,371,20,25.318,19.765,-175,11,175.345,-0.273438,0.030556,0.275139
8.713,87.641,137.708,20.249,0,20.249,38.09,0,1,455,372,20,10.05,16.851,-185,12,185.389,-0.289062,0.033333,0.290978
8.7629,88.641,137.708,20.013,0,20.013,-4.724,0,1,462,376,20,8.062,14.214,-178,16,178.718,-0.278125,0.044444,0.281654
8.8129,89.641,137.708,20.02,0,20.02,0.145,0,1,509,377,20,47.011,24.053,-131,17,132.098,-0.204687,0.047222,0.210064
8.8656,90.641,137.708,18.966,0,18.966,-19.994,0,1,532,380,20,23.195,23.796,-108,20,109.836,-0.16875,0.055556,0.17766
8.9149,91.641,138.583,20.292,17.755,26.963,26.898,360.279,1,523,381,20,9.055,19.374,-117,21,118.87,-0.182812,0.058333,0.191894
8.963,92.641,138.583,20.801,0,20.801,10.592,-369.319,1,523,378,20,3,14.461,-117,18,118.377,-0.182812,0.05,0.189527
9.0119,93.641,139.542,20.421,19.57,28.284,-7.755,399.64,1,524,383,20,5.099,11.653,-116,23,118.258,-0.18125,0.063889,0.192181
9.0654,94.641,139.542,18.724,0,18.724,-31.769,-366.437,1,536,369,20,18.439,13.689,-104,9,104.389,-0.1625,0.025,0.164412
9.115,95.641,139.542,20.152,0,20.152,28.763,0,1,486,374,20,50.249,24.657,-154,14,154.635,-0.240625,0.038889,0.243747
9.1643,96.641,139.542,20.262,0,20.262,2.239,0,1,516,374,20,30,26.26,-124,14,124.788,-0.19375,0.038889,0.197614
9.2142,97.641,139.542,20.048,0,20.048,-4.293,0,1,527,361,20,17.029,23.491,-113,1,113.004,-0.176563,0.002778,0.176584
9.2643,98.641,139.542,19.969,0,19.969,-1.576,0,1,514,355,20,14.318,20.739,-126,-5,126.099,-0.196875,-0.013889,0.197364
9.3142,99.641,139.542,20.055,0,20.055,1.729,0,1,497,373,20,24.759,21.945,-143,13,143.59,-0.223438,0.036111,0.226337
9.3638,100.641,139.542,20.134,0,20.134,1.591,0,1,479,363,20,20.591,21.539,-161,3,161.028,-0.251563,0.008333,0.2517
9.4109,101.641,139.542,21.236,0,21.236,23.386,0,1,475,365,20,4.472,16.419,-165,5,165.076,-0.257812,0.013889,0.258186
9.4621,102.641,139.542,19.538,0,19.538,-33.174,0,1,549,361,20,74.108,33.726,-91,1,91.005,-0.142187,0.002778,0.142215
9.5134,103.641,140.5,19.484,18.672,26.987,-1.042,363.816,1,570,383,20,30.414,32.732,-70,23,73.682,-0.109375,0.063889,0.126668
9.5645,104.641,140.5,19.584,0,19.584,1.953,-365.678,1,555,375,20,17,28.012,-85,15,86.313,-0.132812,0.041667,0.139195
9.615,105.641,140.5,19.811,0,19.811,4.489,0,1,565,380,20,11.18,22.963,-75,20,77.621,-0.117188,0.055556,0.129689
9.6672,106.641,140.5,19.127,0,19.127,-13.078,0,1,561,378,20,4.472,17.416,-79,18,81.025,-0.123438,0.05,0.13318
9.7145,107.641,140.5,21.162,0,21.162,43.065,0,1,547,342,20,38.626,23.779,-93,-18,94.726,-0.145313,-0.05,0.153674
9.7684,108.641,140.5,18.566,0,18.566,-48.194,0,1,543,374,20,32.249,26.32,-97,14,98.005,-0.151562,0.038889,0.156472
9.8162,109.641,140.5,20.91,0,20.91,49.006,0,1,551,350,20,25.298,26.013,-89,-10,89.56,-0.139063,-0.027778,0.14181
9.8672,110.641,140.5,19.619,0,19.619,-25.313,0,1,534,359,20,19.235,23.98,-106,-1,106.005,-0.165625,-0.002778,0.165648
9.9153,111.641,140.5,20.752,0,20.752,23.504,0,1,522,359,20,12,20.386,-118,-1,118.004,-0.184375,-0.002778,0.184396
9.9659,112.641,140.5,19.766,0,19.766,-19.499,0,1,530,372,20,15.264,18.849,-110,12,110.653,-0.171875,0.033333,0.175077
10.0155,113.641,140.5,20.159,0,20.159,7.932,0,1,532,369,20,3.606,14.276,-108,9,108.374,-0.16875,0.025,0.170592
10.0676,114.641,140.5,19.216,0,19.216,-18.123,0,1,537,379,20,11.18,13.348,-103,19,104.738,-0.160938,0.052778,0.169371
10.1152,115.641,141.5,20.983,20.983,29.675,37.084,440.293,1,551,393,20,19.799,15.283,-89,33,94.921,-0.139063,0.091667,0.166557
10.1688,116.641,142.5,18.685,18.685,26.425,-42.935,-42.935,1,553,384,20,9.22,13.464,-87,24,90.25,-0.135937,0.066667,0.151405
10.2217,117.641,143.5,18.896,18.896,26.723,3.986,3.986,1,546,384,20,7,11.525,-94,24,97.015,-0.146875,0.066667,0.161297
10.2744,118.641,143.5,18.948,0,18.948,0.983,-358.052,1,522,377,20,25,15.567,-118,17,119.218,-0.184375,0.047222,0.190326
10.3271,119.641,143.5,18.995,0,18.995,0.885,0,1,513,365,20,15,15.397,-127,5,127.098,-0.198437,0.013889,0.198923
10.3803,120.641,143.5,18.795,0,18.795,-3.761,0,1,522,359,20,10.817,14.023,-118,-1,118.004,-0.184375,-0.002778,0.184396
10.4318,121.641,142.5,19.414,-19.414,27.455,12.022,-376.901,1,485,311,20,60.605,27.998,-155,-49,162.561,-0.242188,-0.136111,0.277815
10.482,122.641,141.5,19.905,-19.905,28.15,9.782,-9.782,1,477,316,20,9.434,22.429,-163,-44,168.834,-0.254688,-0.122222,0.282496
10.5323,123.641,140.5,19.919,-19.919,28.17,0.269,-0.269,1,504,309,20,27.893,24.068,-136,-51,145.248,-0.2125,-0.141667,0.255393
10.5847,124.641,140.5,19.082,0,19.082,-15.966,380.096,1,524,345,20,41.183,29.202,-116,-15,116.966,-0.18125,-0.041667,0.185978
10.6331,125.641,139.625,20.651,-18.069,27.44,32.389,-373.142,1,531,339,20,9.22,23.207,-109,-21,111.005,-0.170313,-0.058333,0.180025
10.6971,126.641,139.625,15.609,0,15.609,-78.695,282.043,1,499,348,20,33.242,26.218,-141,-12,141.51,-0.220312,-0.033333,0.22282
10.7444,127.641,139.625,21.154,0,21.154,117.302,0,1,465,350,20,34.059,28.57,-175,-10,175.285,-0.273438,-0.027778,0.274845
10.7956,128.641,138.625,19.555,-19.555,27.655,-31.267,-382.404,1,492,322,20,38.897,31.668,-148,-38,152.801,-0.23125,-0.105556,0.254202
10.8448,129.641,138.625,20.315,0,20.315,15.437,397.263,1,464,344,20,35.609,32.85,-176,-16,176.726,-0.275,-0.044444,0.278568
10.8976,130.641,138.625,18.918,0,18.918,-26.421,0,1,447,347,20,17.263,28.174,-193,-13,193.437,-0.301563,-0.036111,0.303717
10.9494,131.641,138.625,19.31,0,19.31,7.553,0,1,434,347,20,13,23.622,-206,-13,206.41,-0.321875,-0.036111,0.323894
10.9979,132.641,138.625,20.627,0,20.627,27.177,0,1,458,353,20,24.739,23.957,-182,-7,182.135,-0.284375,-0.019444,0.285039
11.0504,133.641,138.625,19.047,0,19.047,-30.091,0,1,481,364,20,25.495,24.418,-159,4,159.05,-0.248438,0.011111,0.248686
11.1023,134.641,138.625,19.264,0,19.264,4.169,0,1,486,366,20,5.385,18.708,-154,6,154.117,-0.240625,0.016667,0.241202
11.1552,135.641,138.625,18.905,0,18.905,-6.778,0,1,450,349,20,39.812,25.039,-190,-11,190.318,-0.296875,-0.030556,0.298443
11.3628,138.641,138.625,20.278,0,20.278,34.345,0,1,422,345,20,22,9.417,-218,-15,218.515,-0.340625,-0.041667,0.343164
11.4141,139.641,138.625,19.487,0,19.487,-15.409,0,1,416,353,20,10,9.592,-224,-7,224.109,-0.35,-0.019444,0.35054
11.4683,140.641,138.625,18.449,0,18.449,-19.158,0,1,381,351,20,35.057,17.232,-259,-9,259.156,-0.404687,-0.025,0.405459
11.5163,141.641,138.625,20.834,0,20.834,49.704,0,1,373,344,20,10.63,15.251,-267,-16,267.479,-0.417187,-0.044444,0.419548
11.5648,142.641,138.625,20.609,0,20.609,-4.637,0,1,424,343,20,51.01,25.979,-216,-17,216.668,-0.3375,-0.047222,0.340788
11.6157,143.641,138.625,19.661,0,19.661,-18.64,0,1,432,349,20,10,21.185,-208,-11,208.291,-0.325,-0.030556,0.326433
11.6658,144.641,138.625,19.941,0,19.941,5.571,0,1,458,348,20,26.019,22.635,-182,-12,182.395,-0.284375,-0.033333,0.286322
11.718,145.641,138.625,19.147,0,19.147,-15.207,0,1,472,351,20,14.318,20.14,-168,-9,168.241,-0.2625,-0.025,0.263688
11.7685,146.641,138.625,19.808,0,19.808,13.098,0,1,495,351,20,23,20.998,-145,-9,145.279,-0.226562,-0.025,0.227938
11.8166,147.641,138.625,20.804,0,20.804,20.735,0,1,511,353,20,16.125,19.536,-129,-7,129.19,-0.201563,-0.019444,0.202498
11.8668,148.641,137.708,19.897,-18.239,26.991,-18.058,-362.896,1,507,338,20,15.524,18.332,-133,-22,134.807,-0.207813,-0.061111,0.216612
11.9195,149.641,136.792,19.003,-17.419,25.779,-16.988,15.572,1,493,338,20,14,17.033,-147,-22,148.637,-0.229687,-0.061111,0.237678
11.97,150.641,135.792,19.798,-19.798,27.999,15.749,-47.101,1,507,336,20,14.142,16.166,-133,-24,135.148,-0.207813,-0.066667,0.218244
12.0228,151.641,134.792,18.939,-18.939,26.784,-16.277,16.277,1,551,335,20,44.011,24.519,-89,-25,92.445,-0.139063,-0.069444,0.155438
12.0758,152.641,133.792,18.875,-18.875,26.693,-1.21,1.21,1,575,335,20,24,24.364,-65,-25,69.642,-0.101562,-0.069444,0.123034
12.1295,153.578,133.792,17.431,0,17.431,-26.848,350.936,1,600,354,20,31.401,26.475,-40,-6,40.447,-0.0625,-0.016667,0.064684
12.1816,154.445,133.792,16.659,0,16.659,-14.829,0,1,603,365,20,11.402,21.953,-37,5,37.336,-0.057813,0.013889,0.059457
12.2334,155.242,134.792,15.379,19.299,24.677,-24.704,372.447,1,606,387,20,22.204,22.028,-34,27,43.417,-0.053125,0.075,0.091909
12.2825,156.133,135.792,18.148,20.377,27.286,56.423,21.959,1,602,390,20,5,16.92,-38,30,48.415,-0.059375,0.083333,0.102322
12.336,157,136.792,16.208,18.69,24.739,-36.259,-31.519,1,603,394,20,4.123,13.081,-37,34,50.249,-0.057813,0.094444,0.110734
12.3874,156,136.792,19.457,0,19.457,-693.905,-363.645,1,687,379,20,85.329,34.755,47,19,50.695,0.073438,0.052778,0.090435
12.4401,155,137.792,18.962,18.962,26.816,9.375,359.561,1,693,388,20,10.817,27.574,53,28,59.942,0.082812,0.077778,0.11361
12.4965,154,137.792,17.751,0,17.751,21.505,-336.589,1,697,379,20,9.849,22.256,57,19,60.083,0.089063,0.052778,0.103526
12.5526,153,137.792,17.816,0,17.816,-1.163,0,1,693,359,20,20.396,21.698,53,-1,53.009,0.082812,-0.002778,0.082859
12.6019,152,137.792,20.294,0,20.294,-50.302,0,1,688,348,20,12.083,18.814,48,-12,49.477,0.075,-0.033333,0.082074
12.6503,152,137.792,0,0,0,419.205,0,1,656,351,20,32.14,22.812,16,-9,18.358,0.025,-0.025,0.035355
12.6993,152,137.792,0,0,0,0,0,1,631,353,20,25.08,23.492,-9,-7,11.402,-0.014063,-0.019444,0.023997
12.7539,152,137.792,0,0,0,0,0,1,629,347,20,6.325,18.342,-11,-13,17.029,-0.017188,-0.036111,0.039993
12.801,152,137.792,0,0,0,0,0,1,630,355,20,8.062,15.258,-10,-5,11.18,-0.015625,-0.013889,0.020906
12.8509,152,137.792,0,0,0,0,0,1,629,356,20,1.414,11.105,-11,-4,11.705,-0.017188,-0.011111,0.020466
12.9011,152,137.792,0,0,0,0,0,1,626,352,20,5,9.273,-14,-8,16.125,-0.021875,-0.022222,0.031182
12.9533,152,137.792,0,0,0,0,0,1,625,347,20,5.099,8.021,-15,-13,19.849,-0.023438,-0.036111,0.04305
13.0059,152,137.792,0,0,0,0,0,1,624,349,37.144,2.236,6.286,-16,-11,19.416,-0.025,-0.030556,0.03948
13.0572,152,137.792,0,0,0,0,0,1,625,355,37.753,6.083,6.225,-15,-5,15.811,-0.023438,-0.013889,0.027244
13.1094,152,137.792,0,0,0,0,0,1,622,355,47.427,3,5.257,-18,-5,18.682,-0.028125,-0.013889,0.031367
13.1629,152,137.792,0,0,0,0,0,1,623,355,60.199,1,3.98,-17,-5,17.72,-0.026562,-0.013889,0.029974
13.2142,152,137.792,0,0,0,0,0,1,625,354,65.431,2.236,3.457,-15,-6,16.155,-0.023438,-0.016667,0.028759
13.2656,152,137.792,0,0,0,0,0,1,624,353,71.559,1.414,2.844,-16,-7,17.464,-0.025,-0.019444,0.031672
13.3168,152,137.792,0,0,0,0,0,1,622,347,61.118,6.325,3.888,-18,-13,22.204,-0.028125,-0.036111,0.045771
13.3707,152,137.792,0,0,0,0,0,1,623,346,68.54,1.414,3.146,-17,-14,22.023,-0.026562,-0.038889,0.047095
13.4179,152,137.792,0,0,0,0,0,1,627,355,68.431,9.849,5.157,-13,-5,13.928,-0.020313,-0.013889,0.024607
13.4667,152,137.792,0,0,0,0,0,1,631,358,68.902,5,5.11,-9,-2,9.22,-0.014063,-0.005556,0.01512
13.5182,152,137.792,0,0,0,0,0,1,625,353,60.801,7.81,5.92,-15,-7,16.553,-0.023438,-0.019444,0.030453
13.5711,152,137.792,0,0,0,0,0,1,621,348,59.351,6.403,6.065,-19,-12,22.472,-0.029687,-0.033333,0.044637
13.618,152,137.792,0,0,0,0,0,1,621,350,51.546,2,4.845,-19,-10,21.471,-0.029687,-0.027778,0.040657
13.6688,152,137.792,0,0,0,0,0,1,622,350,63.082,1,3.692,-18,-10,20.591,-0.028125,-0.027778,0.03953
13.7162,152,137.792,0,0,0,0,0,1,620,353,63.341,3.606,3.666,-20,-7,21.19,-0.03125,-0.019444,0.036806
13.7707,152,137.792,0,0,0,0,0,1,623,353,65.339,3,3.466,-17,-7,18.385,-0.026562,-0.019444,0.032919
13.8216,152,137.792,0,0,0,0,0,1,625,355,67.252,2.828,3.275,-15,-5,15.811,-0.023438,-0.013889,0.027244
13.8739,152,137.792,0,0,0,0,0,1,626,355,74.076,1,2.592,-14,-5,14.866,-0.021875,-0.013889,0.025912
13.9269,152,137.792,0,0,0,0,0,1,619,356,60.64,7.071,3.936,-21,-4,21.378,-0.032813,-0.011111,0.034643
13.9826,152,137.792,0,0,0,0,0,1,620,356,69.448,1,3.055,-20,-4,20.396,-0.03125,-0.011111,0.033167
14.0329,152,137.792,0,0,0,0,0,1,623,357,69.127,3.162,3.087,-17,-3,17.263,-0.026562,-0.008333,0.027839
14.0812,152,137.792,0,0,0,0,0,1,624,359,71.681,2.236,2.832,-16,-1,16.031,-0.025,-0.002778,0.025154
14.133,152,137.792,0,0,0,0,0,1,625,350,53.01,9.055,4.699,-15,-10,18.028,-0.023438,-0.027778,0.036344
14.1835,152,137.792,0,0,0,0,0,1,623,354,53.691,4.472,4.631,-17,-6,18.028,-0.026562,-0.016667,0.031358
14.2341,152,137.792,0,0,0,0,0,1,625,355,60.875,2.236,3.912,-15,-5,15.811,-0.023438,-0.013889,0.027244
14.2845,152,137.792,0,0,0,0,0,1,625,357,66.613,2,3.339,-15,-3,15.297,-0.023438,-0.008333,0.024875
14.3348,152,137.792,0,0,0,0,0,1,622,353,61.629,5,3.837,-18,-7,19.313,-0.028125,-0.019444,0.034192
14.3885,152,137.792,0,0,0,0,0,1,619,360,50.293,7.616,4.971,-21,0,21,-0.032813,0,0.032813
14.4352,152,137.792,0,0,0,0,0,1,626,363,52.358,7.616,5.764,-14,3,14.318,-0.021875,0.008333,0.023409
14.4837,152,137.792,0,0,0,0,0,1,627,365,52.942,2.236,4.706,-13,5,13.928,-0.020313,0.013889,0.024607
14.5377,152,137.792,0,0,0,0,0,1,626,369,54.69,4.123,4.531,-14,9,16.643,-0.021875,0.025,0.033219
14.5894,152,137.792,0,0,0,0,0,1,626,366,59.283,3,4.072,-14,6,15.232,-0.021875,0.016667,0.027501
14.642,152,137.792,0,0,0,0,0,1,628,370,58.082,4.472,4.192,-12,10,15.62,-0.01875,0.027778,0.033514
14.6938,152,137.792,0,0,0,0,0,1,633,373,53.164,5.831,4.684,-7,13,14.765,-0.010937,0.036111,0.037731
14.7454,152,137.792,0,0,0,0,0,1,637,373,55.215,4,4.478,-3,13,13.342,-0.004687,0.036111,0.036414
14.7993,152,137.792,0,0,0,0,0,1,653,372,20.557,16.031,7.944,13,12,17.692,0.020313,0.033333,0.039035
14.8478,152,137.792,0,0,0,0,0,1,659,369,24.265,6.708,7.573,19,9,21.024,0.029687,0.025,0.038812
14.8985,151,137.792,-19.731,0,19.731,-389.321,0,1,683,372,20,24.187,12.557,43,12,44.643,0.067187,0.033333,0.075002
14.9501,150.016,137.792,-19.071,0,19.071,12.792,0,1,682,379,20,7.071,10.912,42,19,46.098,0.065625,0.052778,0.084215
15.0045,149.016,138.792,-18.401,18.401,26.022,12.337,338.579,1,685,387,20,8.544,10.201,45,27,52.479,0.070312,0.075,0.102805
15.0532,148.016,139.792,-20.503,20.503,28.995,-43.103,43.103,1,692,390,20,7.616,9.426,52,30,60.033,0.08125,0.083333,0.116387
15.1019,147.016,140.792,-20.557,20.557,29.072,-1.111,1.111,1,702,395,20,11.18,9.952,62,35,71.197,0.096875,0.097222,0.137248
15.1543,146.266,141.792,-14.311,19.081,23.851,119.185,-28.166,1,672,402,20,30.806,16.208,32,42,52.802,0.05,0.116667,0.12693
15.2073,145.562,142.792,-13.275,18.881,23.081,19.544,-3.779,1,670,395,20,7.28,13.53,30,35,46.098,0.046875,0.097222,0.107933
15.2622,144.562,142.792,-18.19,0,18.19,-89.391,-343.433,1,752,369,20,86.023,35.278,112,9,112.361,0.175,0.025,0.176777
15.3145,144.562,142.792,-18.324,0,0,348.063,0,0,,,20,0,0,0,0,0,0,0,0
15.3617,144.562,142.792,-18.952,0,0,0,0,1,718,349,20,0,0,78,-11,78.772,0.121875,-0.030556,0.125647
15.4164,143.562,142.792,-18.293,0,18.293,-334.63,0,1,727,344,20,10.296,3.089,87,-16,88.459,0.135937,-0.044444,0.143019
15.4692,142.562,142.792,-18.947,0,18.947,-12.402,0,1,718,337,20,11.402,5.583,78,-23,81.32,0.121875,-0.063889,0.137606
15.5201,142.562,142.792,-20.024,0,0,371.913,0,0,,,20,0,0,0,0,0,0,0,0
15.5665,141.562,142.792,-21.571,0,21.571,-465.302,0,1,827,335,20,0,0,187,-25,188.664,0.292187,-0.069444,0.300327
15.6211,140.562,141.792,-18.309,-18.309,25.893,59.72,-335.223,1,860,316,20,38.079,11.424,220,-44,224.357,0.34375,-0.122222,0.364832
15.673,139.562,140.792,-19.257,-19.257,27.233,-18.253,-18.253,1,856,320,20,5.657,9.694,216,-40,219.672,0.3375,-0.111111,0.355319
15.7234,138.562,139.792,-19.874,-19.874,28.106,-12.26,-12.26,1,874,325,20,18.682,12.39,234,-35,236.603,0.365625,-0.097222,0.37833
15.7763,137.562,138.792,-18.898,-18.898,26.726,18.437,18.437,1,880,328,20,6.708,10.685,240,-32,242.124,0.375,-0.088889,0.385391
15.8315,136.562,137.792,-18.105,-18.105,25.605,14.356,14.356,1,926,312,20,48.703,22.091,286,-48,290,0.446875,-0.133333,0.466342
15.885,135.562,136.792,-18.702,-18.702,26.449,-11.159,-11.159,1,911,320,20,17,20.564,271,-40,273.936,0.423438,-0.111111,0.437773
15.938,134.562,135.792,-18.849,-18.849,26.656,-2.768,-2.768,1,900,334,20,17.804,19.736,260,-26,261.297,0.40625,-0.072222,0.41262
15.9875,133.562,135.792,-20.194,0,20.194,-27.173,380.642,1,944,342,20,44.721,27.231,304,-18,304.532,0.475,-0.05,0.477624
16.0406,132.562,135.792,-18.858,0,18.858,25.198,0,1,969,358,20,29.682,27.967,329,-2,329.006,0.514062,-0.005556,0.514093
16.0931,131.562,135.792,-19.023,0,19.023,-3.135,0,1,1038,362,20,69.116,40.311,398,2,398.005,0.621875,0.005556,0.6219
16.1459,130.562,135.792,-18.954,0,18.954,1.307,0,1,1044,365,20,6.708,30.23,404,5,404.031,0.63125,0.013889,0.631403
16.1985,129.562,135.792,-19,0,19,-0.871,0,1,1021,373,20,24.352,28.467,381,13,381.222,0.595313,0.036111,0.596407
16.2513,128.562,135.792,-18.94,0,18.94,1.139,0,1,1063,367,20,42.426,32.655,423,7,423.058,0.660937,0.019444,0.661223
16.3059,127.562,135.792,-18.334,0,18.334,11.105,0,1,1079,370,20,16.279,27.742,439,10,439.114,0.685937,0.027778,0.6865
16.359,126.562,135.792,-18.834,0,18.834,-9.423,0,1,1124,378,20,45.706,33.131,484,18,484.335,0.75625,0.05,0.757901
16.4109,125.562,135.792,-19.248,0,19.248,-7.954,0,1,1094,376,20,30.067,32.212,454,16,454.282,0.709375,0.044444,0.710766
16.4623,124.562,135.792,-19.473,0,19.473,-4.39,0,1,1092,379,20,3.606,23.63,452,19,452.399,0.70625,0.052778,0.708219
16.515,123.562,135.792,-18.979,0,18.979,9.383,0,1,1095,378,20,3.162,17.49,455,18,455.356,0.710938,0.05,0.712694
16.5699,122.562,135.792,-18.205,0,18.205,14.09,0,1,1108,369,20,15.811,16.986,468,9,468.087,0.73125,0.025,0.731677
16.6205,121.562,135.792,-19.764,0,19.764,-30.818,0,1,1098,359,20,14.142,16.133,458,-1,458.001,0.715625,-0.002778,0.71563
16.6728,120.562,135.792,-19.109,0,19.109,12.516,0,1,1097,365,20,6.083,13.118,457,5,457.027,0.714063,0.013889,0.714198
16.7211,119.562,135.792,-20.708,0,20.708,-33.118,0,1,1114,369,20,17.464,14.422,474,9,474.085,0.740625,0.025,0.741047
16.7705,118.562,135.792,-20.252,0,20.252,9.246,0,1,1087,373,20,27.295,18.284,447,13,447.189,0.698438,0.036111,0.69937
16.8203,117.562,135.792,-20.086,0,20.086,3.337,0,1,1047,377,20,40.2,24.858,407,17,407.355,0.635938,0.047222,0.637688
16.8741,116.562,135.792,-18.569,0,18.569,28.17,0,1,1053,375,20,6.325,19.298,413,15,413.272,0.645312,0.041667,0.646656
16.9221,115.562,135.792,-20.845,0,20.845,-47.459,0,1,1044,376,20,9.055,16.225,404,16,404.317,0.63125,0.044444,0.632813
16.9736,114.562,135.792,-19.423,0,19.423,27.627,0,1,1036,373,20,8.544,13.921,396,13,396.213,0.61875,0.036111,0.619803
17.021,113.562,135.792,-21.071,0,21.071,-34.733,0,1,1004,377,20,32.249,19.419,364,17,364.397,0.56875,0.047222,0.570707
17.075,112.562,135.792,-18.527,0,18.527,47.132,0,1,978,376,20,26.019,21.399,338,16,338.378,0.528125,0.044444,0.529992
17.1285,111.562,135.792,-18.693,0,18.693,-3.09,0,1,962,367,20,18.358,20.487,322,7,322.076,0.503125,0.019444,0.503501
17.1835,110.562,135.792,-18.179,0,18.179,9.346,0,1,933,367,20,29,23.041,293,7,293.084,0.457813,0.019444,0.458225
17.2362,109.562,135.792,-18.992,0,18.992,-15.447,0,1,924,368,20,9.055,18.845,284,8,284.113,0.44375,0.022222,0.444306
17.2904,108.562,135.792,-18.447,0,18.447,10.058,0,1,906,374,20,18.974,18.884,266,14,266.368,0.415625,0.038889,0.41744
17.3416,107.562,135.792,-19.528,0,19.528,-21.115,0,1,892,373,20,14.036,17.429,252,13,252.335,0.39375,0.036111,0.395402
17.3947,106.562,135.792,-18.85,0,18.85,12.783,0,1,892,373,20,0,12.201,252,13,252.335,0.39375,0.036111,0.395402
17.4507,105.562,135.792,-17.849,0,17.849,17.859,0,1,891,378,20,5.099,10.07,251,18,251.645,0.392188,0.05,0.395362
17.5075,104.562,135.792,-17.613,0,17.613,4.168,0,1,886,374,20,6.403,8.97,246,14,246.398,0.384375,0.038889,0.386337
17.5593,103.562,135.792,-19.294,0,19.294,-32.435,0,1,815,374,20,71,27.579,175,14,175.559,0.273438,0.038889,0.276189
17.6185,102.562,135.792,-16.895,0,16.895,40.533,0,1,805,374,20,10,22.305,165,14,165.593,0.257812,0.038889,0.260729
17.6707,101.562,135.792,-19.14,0,19.14,-42.979,0,1,786,377,20,19.235,21.384,146,17,146.986,0.228125,0.047222,0.232961
17.7238,100.562,135.792,-18.856,0,18.856,5.364,0,1,748,376,20,38.013,26.373,108,16,109.179,0.16875,0.044444,0.174505
17.7718,99.562,135.792,-20.801,0,20.801,-40.471,0,1,744,375,20,4.123,19.698,104,15,105.076,0.1625,0.041667,0.167757
17.8302,98.562,135.792,-17.137,0,17.137,62.794,0,1,744,376,20,1,14.089,104,16,105.224,0.1625,0.044444,0.168468
17.8834,97.562,135.792,-18.805,0,18.805,-31.365,0,1,739,378,20,5.385,11.478,99,18,100.623,0.154688,0.05,0.162568
17.9386,96.562,135.792,-18.113,0,18.113,12.535,0,1,700,378,20,39,19.734,60,18,62.642,0.09375,0.05,0.10625
17.9892,96.562,135.792,0,0,0,358.096,0,1,644,378,20,56,30.614,4,18,18.439,0.00625,0.05,0.050389
18.0397,96.562,135.792,0,0,0,0,0,1,642,379,20,2.236,22.101,2,19,19.105,0.003125,0.052778,0.05287
18.0891,96.562,136.75,0,19.411,19.411,0,393.167,1,645,383,20,5,16.97,5,23,23.537,0.007812,0.063889,0.064365
18.1399,96.562,137.625,0,17.217,17.217,0,-43.17,1,643,381,20,2.828,12.728,3,21,21.213,0.004687,0.058333,0.058521
18.1918,96.562,138.625,0,19.243,19.243,0,38.997,1,643,386,20,5,10.409,3,26,26.173,0.004687,0.072222,0.072374
18.2413,96.562,139.583,0,19.374,19.374,0,2.645,1,645,383,20,3.606,8.368,5,23,23.537,0.007812,0.063889,0.064365
18.2936,96.562,139.583,0,0,0,0,-370.182,1,643,379,28.005,4.472,7.199,3,19,19.235,0.004687,0.052778,0.052986
18.3477,96.562,139.583,0,0,0,0,0,1,646,375,34.604,5,6.54,6,15,16.155,0.009375,0.041667,0.042708
18.3992,96.562,139.583,0,0,0,0,0,1,643,367,28.591,8.544,7.141,3,7,7.616,0.004687,0.019444,0.020001
18.4502,96.562,139.583,0,0,0,0,0,1,645,361,31.04,6.325,6.896,5,1,5.099,0.007812,0.002778,0.008292
18.5018,96.562,139.583,0,0,0,0,0,1,644,361,48.728,1,5.127,4,1,4.123,0.00625,0.002778,0.006839
18.5525,96.562,139.583,0,0,0,0,0,1,642,359,55.624,2.828,4.438,2,-1,2.236,0.003125,-0.002778,0.004181
18.6039,96.562,139.583,0,0,0,0,0,1,645,359,59.937,3,4.006,5,-1,5.099,0.007812,-0.002778,0.008292
18.6569,96.562,139.583,0,0,0,0,0,1,643,360,65.248,2.236,3.475,3,0,3,0.004687,0,0.004687
18.7069,96.562,139.583,0,0,0,0,0,1,644,360,72.673,1,2.733,4,0,4,0.00625,0,0.00625
18.755,96.562,139.583,0,0,0,0,0,1,645,359,76.629,1.414,2.337,5,-1,5.099,0.007812,-0.002778,0.008292
18.8056,96.562,139.583,0,0,0,0,0,1,644,360,79.397,1.414,2.06,4,0,4,0.00625,0,0.00625
18.8557,96.562,139.583,0,0,0,0,0,1,644,362,79.578,2,2.042,4,2,4.472,0.00625,0.005556,0.008362
18.9078,96.562,139.583,0,0,0,0,0,1,643,363,81.462,1.414,1.854,3,3,4.243,0.004687,0.008333,0.009561
18.9549,96.562,139.583,0,0,0,0,0,1,642,360,77.537,3.162,2.246,2,0,2,0.003125,0,0.003125
19.0046,96.562,139.583,0,0,0,0,0,1,644,359,77.567,2.236,2.243,4,-1,4.123,0.00625,-0.002778,0.006839
19.0566,96.562,139.583,0,0,0,0,0,1,642,361,75.812,2.828,2.419,2,1,2.236,0.003125,0.002778,0.004181
19.1069,96.562,139.583,0,0,0,0,0,1,643,360,78.826,1.414,2.117,3,0,3,0.004687,0,0.004687
19.1537,96.562,139.583,0,0,0,0,0,1,645,362,76.693,2.828,2.331,5,2,5.385,0.007812,0.005556,0.009586
19.2053,96.562,139.583,0,0,0,0,0,1,642,362,74.685,3,2.532,2,2,2.828,0.003125,0.005556,0.006374
19.2572,96.562,139.583,0,0,0,0,0,1,643,360,75.571,2.236,2.443,3,0,3,0.004687,0,0.004687
19.307,96.562,139.583,0,0,0,0,0,1,643,360,82.9,0,1.71,3,0,3,0.004687,0,0.004687
19.3566,96.562,139.583,0,0,0,0,0,1,642,361,83.787,1.414,1.621,2,1,2.236,0.003125,0.002778,0.004181
19.4041,96.562,139.583,0,0,0,0,0,1,641,360,84.408,1.414,1.559,1,0,1,0.001563,0,0.001563
19.4606,96.562,139.583,0,0,0,0,0,1,642,360,86.086,1,1.391,2,0,2,0.003125,0,0.003125
19.516,96.562,139.583,0,0,0,0,0,1,641,360,87.26,1,1.274,1,0,1,0.001563,0,0.001563
19.568,96.562,139.583,0,0,0,0,0,1,640,362,84.374,2.236,1.563,0,2,2,0,0.005556,0.005556
19.5739,96.953,133.875,18.344,0,18.344,-12.651,0,1,402,360,20,49.041,35.059,-238,0,238,-0.371875,0,0.371875
19.6264,97.953,133.875,19.058,0,19.058,13.605,0,1,377,359,20,25.02,32.048,-263,-1,263.002,-0.410938,-0.002778,0.410947
19.6774,98.953,133.875,19.61,0,19.61,10.81,0,1,402,361,20,25.08,29.957,-238,1,238.002,-0.371875,0.002778,0.371885
19.7324,99.953,133.875,18.176,0,18.176,-26.061,0,1,398,361,20,4,22.17,-242,1,242.002,-0.378125,0.002778,0.378135
19.7869,100.953,133.875,18.344,0,18.344,3.084,0,1,348,361,20,50,30.519,-292,1,292.002,-0.45625,0.002778,0.456258
19.8405,101.953,133.875,18.67,0,18.67,6.087,0,1,265,360,20,83.006,46.265,-375,0,375,-0.585938,0,0.585938
19.8916,102.953,133.875,19.57,0,19.57,17.619,0,1,254,360,20,11,35.686,-386,0,386,-0.603125,0,0.603125
19.9422,103.953,133.875,19.746,0,19.746,3.48,0,1,210,360,20,44,38.18,-430,0,430,-0.671875,0,0.671875
19.9933,104.953,133.875,19.594,0,19.594,-2.984,0,1,192,359,20,18.028,32.134,-448,-1,448.001,-0.7,-0.002778,0.700006
20.0463,105.953,133.875,18.855,0,18.855,-13.933,0,1,167,359,20,25,29.994,-473,-1,473.001,-0.739062,-0.002778,0.739068
20.0999,106.953,133.875,18.668,0,18.668,-3.495,0,1,163,359,20,4,22.196,-477,-1,477.001,-0.745313,-0.002778,0.745318
20.154,107.953,133.875,18.462,0,18.462,-3.806,0,1,148,358,20,15.033,20.047,-492,-2,492.004,-0.76875,-0.005556,0.76877
20.2085,108.953,133.875,18.357,0,18.357,-1.919,0,1,149,358,20,1,14.333,-491,-2,491.004,-0.767188,-0.005556,0.767208
20.2613,109.953,133.875,18.941,0,18.941,11.066,0,1,127,362,20,22.361,16.741,-513,2,513.004,-0.801562,0.005556,0.801582
20.3523,112.953,133.875,19.894,0,19.894,-30.31,0,1,96,359,20,26.019,8.745,-544,-1,544.001,-0.85,-0.002778,0.850005
20.4035,113.953,133.875,19.526,0,19.526,-7.194,0,1,110,358,20,14.036,10.332,-530,-2,530.004,-0.828125,-0.005556,0.828144
20.4581,114.953,133.875,18.317,0,18.317,-22.141,0,1,131,358,20,21,13.532,-509,-2,509.004,-0.795312,-0.005556,0.795332
20.5069,115.953,133.875,20.515,0,20.515,45.099,0,1,166,357,20,35.014,19.977,-474,-3,474.009,-0.740625,-0.008333,0.740672
20.5544,116.953,133.875,21.045,0,21.045,11.141,0,1,170,358,20,4.123,15.221,-470,-2,470.004,-0.734375,-0.005556,0.734396
20.6016,117.953,133.875,21.163,0,21.163,2.492,0,1,167,357,20,3.162,11.603,-473,-3,473.01,-0.739062,-0.008333,0.739109
20.6514,118.953,133.875,20.073,0,20.073,-21.871,0,1,187,361,20,20.396,14.241,-453,1,453.001,-0.707812,0.002778,0.707818
20.7007,119.953,133.875,20.32,0,20.32,5.019,0,1,209,358,20,22.204,16.63,-431,-2,431.005,-0.673438,-0.005556,0.67346
20.7507,120.953,133.875,19.995,0,19.995,-6.498,0,1,214,360,20,5.385,13.256,-426,0,426,-0.665625,0,0.665625
20.8004,121.953,133.875,20.086,0,20.086,1.829,0,1,235,359,20,21.024,15.587,-405,-1,405.001,-0.632812,-0.002778,0.632819
20.8514,122.953,133.875,19.629,0,19.629,-8.975,0,1,249,359,20,14,15.111,-391,-1,391.001,-0.610938,-0.002778,0.610944
20.9006,123.953,133.875,20.321,0,20.321,14.061,0,1,283,358,20,34.015,20.782,-357,-2,357.006,-0.557813,-0.005556,0.55784
20.9506,124.953,133.875,20.002,0,20.002,-6.372,0,1,285,357,20,2.236,15.218,-355,-3,355.013,-0.554688,-0.008333,0.55475
21.0012,125.953,133.875,19.76,0,19.76,-4.778,0,1,286,356,20,1.414,11.077,-354,-4,354.023,-0.553125,-0.011111,0.553237
21.0513,126.953,133.875,19.964,0,19.964,4.069,0,1,315,357,20,29.017,16.459,-325,-3,325.014,-0.507812,-0.008333,0.507881
21.101,127.953,133.875,20.114,0,20.114,3.002,0,1,353,359,20,38.053,22.937,-287,-1,287.002,-0.448437,-0.002778,0.448446
21.1521,128.953,133.875,19.568,0,19.568,-10.671,0,1,360,359,20,7,18.156,-280,-1,280.002,-0.4375,-0.002778,0.437509
21.2019,129.953,133.875,20.084,0,20.084,10.364,0,1,352,357,20,8.246,15.183,-288,-3,288.016,-0.45,-0.008333,0.450077
21.2524,130.953,133.875,19.789,0,19.789,-5.841,0,1,351,358,20,1.414,11.052,-289,-2,289.007,-0.451562,-0.005556,0.451597
21.3015,131.953,133.875,20.37,0,20.37,11.828,0,1,390,359,20,39.013,19.441,-250,-1,250.002,-0.390625,-0.002778,0.390635
21.3511,132.953,133.875,20.175,0,20.175,-3.936,0,1,444,356,20,54.083,29.833,-196,-4,196.041,-0.30625,-0.011111,0.306451
21.4012,133.953,133.875,19.965,0,19.965,-4.191,0,1,491,358,20,47.043,34.996,-149,-2,149.013,-0.232813,-0.005556,0.232879
21.4512,134.953,133.875,19.988,0,19.988,0.456,0,1,497,358,20,6,26.297,-143,-2,143.014,-0.223438,-0.005556,0.223507
21.5018,135.953,133.875,19.759,0,19.759,-4.51,0,1,500,357,20,3.162,19.357,-140,-3,140.032,-0.21875,-0.008333,0.218909
21.5517,136.953,133.875,20.068,0,20.068,6.195,0,1,500,357,20,0,13.55,-140,-3,140.032,-0.21875,-0.008333,0.218909
21.6015,137.953,133.875,20.063,0,20.063,-0.1,0,1,548,357,20,48,23.885,-92,-3,92.049,-0.14375,-0.008333,0.143991
21.6518,138.953,133.875,19.881,0,19.881,-3.624,0,1,555,357,20,7,18.819,-85,-3,85.053,-0.132812,-0.008333,0.133074
21.7021,139.953,133.875,19.865,0,19.865,-0.32,0,1,589,357,20,34,23.374,-51,-3,51.088,-0.079687,-0.008333,0.080122
21.7523,140.953,133.875,19.924,0,19.924,1.184,0,1,590,358,20,1.414,16.786,-50,-2,50.04,-0.078125,-0.005556,0.078322
21.8015,141.953,133.875,20.325,0,20.325,8.144,0,1,596,357,20,6.083,13.575,-44,-3,44.102,-0.06875,-0.008333,0.069253
21.8523,141.953,133.875,17.132,0,0,-400.409,0,1,626,360,20,30.15,18.547,-14,0,14,-0.021875,0,0.021875
21.9009,141.32,133.875,13.01,0,13.01,-267.47,0,1,667,359,20,41.012,25.287,27,-1,27.019,0.042188,-0.002778,0.042279
21.9471,140.711,133.875,13.205,0,13.205,-4.236,0,1,666,360,20,1.414,18.125,26,0,26,0.040625,0,0.040625
21.9966,140.172,133.875,10.888,0,10.888,46.808,0,1,663,359,20,3.162,13.636,23,-1,23.022,0.035937,-0.002778,0.036045
22.0461,139.562,133.875,12.303,0,12.303,-28.58,0,1,666,360,20,3.162,10.494,26,0,26,0.040625,0,0.040625
22.0958,139.562,133.875,0,0,0,247.672,0,1,666,360,26.542,0,7.346,26,0,26,0.040625,0,0.040625
22.1454,139.562,133.875,0,0,0,0,0,1,667,359,44.337,1.414,5.566,27,-1,27.019,0.042188,-0.002778,0.042279
22.1969,139.562,133.875,0,0,0,0,0,1,665,360,54.327,2.236,4.567,25,0,25,0.039062,0,0.039062
22.2454,139.562,133.875,0,0,0,0,0,1,667,360,62.029,2,3.797,27,0,27,0.042188,0,0.042188
22.2944,139.562,133.875,0,0,0,0,0,1,666,359,69.178,1.414,3.082,26,-1,26.019,0.040625,-0.002778,0.04072
22.3451,139.562,133.875,0,0,0,0,0,1,666,359,78.424,0,2.158,26,-1,26.019,0.040625,-0.002778,0.04072
22.396,139.562,133.875,0,0,0,0,0,1,667,359,81.897,1,1.81,27,-1,27.019,0.042188,-0.002778,0.042279
22.448,139.562,133.875,0,0,0,0,0,1,664,359,78.328,3,2.167,24,-1,24.021,0.0375,-0.002778,0.037603
22.5001,139.562,133.875,0,0,0,0,0,1,660,359,72.83,4,2.717,20,-1,20.025,0.03125,-0.002778,0.031373
22.5523,139.562,133.875,0,0,0,0,0,1,659,359,77.981,1,2.202,19,-1,19.026,0.029687,-0.002778,0.029817
22.6024,139.562,133.875,0,0,0,0,0,1,662,359,75.587,3,2.441,22,-1,22.023,0.034375,-0.002778,0.034487
22.6518,139.562,133.875,0,0,0,0,0,1,664,359,76.911,2,2.309,24,-1,24.021,0.0375,-0.002778,0.037603
22.7012,139.562,133.875,0,0,0,0,0,1,661,360,74.351,3.162,2.565,21,0,21,0.032813,0,0.032813
22.7385,139.562,133.875,0,0,0,0,0,1,661,359,79.045,1,2.095,21,-1,21.024,0.032813,-0.002778,0.03293
22.7917,139.562,133.875,0,0,0,0,0,1,662,359,82.332,1,1.767,22,-1,22.023,0.034375,-0.002778,0.034487
22.8475,139.562,133.875,0,0,0,0,0,1,663,359,84.632,1,1.537,23,-1,23.022,0.035937,-0.002778,0.036045
22.9048,139.562,133.875,0,0,0,0,0,1,661,359,83.243,2,1.676,21,-1,21.024,0.032813,-0.002778,0.03293
22.9575,139.562,133.875,0,0,0,0,0,1,662,359,85.27,1,1.473,22,-1,22.023,0.034375,-0.002778,0.034487
23.0108,139.562,133.875,0,0,0,0,0,1,663,359,86.689,1,1.331,23,-1,23.022,0.035937,-0.002778,0.036045
23.065,139.562,133.875,0,0,0,0,0,1,657,359,72.682,6,2.732,17,-1,17.029,0.026562,-0.002778,0.026707
23.1198,139.562,133.875,0,0,0,0,0,1,657,359,80.878,0,1.912,17,-1,17.029,0.026562,-0.002778,0.026707
23.1721,139.562,133.875,0,0,0,0,0,1,659,360,79.906,2.236,2.009,19,0,19,0.029687,0,0.029687
23.2227,139.562,133.875,0,0,0,0,0,1,658,359,81.692,1.414,1.831,18,-1,18.028,0.028125,-0.002778,0.028262
23.2747,139.562,133.875,0,0,0,0,0,1,660,359,81.184,2,1.882,20,-1,20.025,0.03125,-0.002778,0.031373
23.33,139.562,133.875,0,0,0,0,0,1,663,359,77.829,3,2.217,23,-1,23.022,0.035937,-0.002778,0.036045
23.3818,139.562,133.875,0,0,0,0,0,1,662,359,81.48,1,1.852,22,-1,22.023,0.034375,-0.002778,0.034487
23.4347,139.562,133.875,0,0,0,0,0,1,664,359,81.036,2,1.896,24,-1,24.021,0.0375,-0.002778,0.037603
23.488,139.562,133.875,0,0,0,0,0,1,663,359,83.725,1,1.627,23,-1,23.022,0.035937,-0.002778,0.036045
23.5409,139.562,133.875,0,0,0,0,0,1,662,359,85.608,1,1.439,22,-1,22.023,0.034375,-0.002778,0.034487
23.5948,139.562,133.875,0,0,0,0,0,1,661,358,85.683,1.414,1.432,21,-2,21.095,0.032813,-0.005556,0.033279
23.6486,139.562,133.875,0,0,0,0,0,1,664,359,80.491,3.162,1.951,24,-1,24.021,0.0375,-0.002778,0.037603
23.7026,139.562,133.875,0,0,0,0,0,1,663,359,83.344,1,1.666,23,-1,23.022,0.035937,-0.002778,0.036045
23.7556,139.562,133.875,0,0,0,0,0,1,664,359,85.341,1,1.466,24,-1,24.021,0.0375,-0.002778,0.037603
23.8077,139.562,133.875,0,0,0,0,0,1,665,359,86.738,1,1.326,25,-1,25.02,0.039062,-0.002778,0.039161
23.8604,139.562,133.875,0,0,0,0,0,1,664,359,87.717,1,1.228,24,-1,24.021,0.0375,-0.002778,0.037603
23.9156,139.562,133.875,0,0,0,0,0,1,662,359,85.402,2,1.46,22,-1,22.023,0.034375,-0.002778,0.034487
23.9706,139.562,133.875,0,0,0,0,0,1,662,360,86.781,1,1.322,22,0,22,0.034375,0,0.034375
24.0215,139.562,133.875,0,0,0,0,0,1,667,359,75.45,5.099,2.455,27,-1,27.019,0.042188,-0.002778,0.042279
24.073,139.562,133.875,0,0,0,0,0,1,667,359,82.815,0,1.719,27,-1,27.019,0.042188,-0.002778,0.042279
