t,pan_deg,tilt_deg,pan_vel_deg_s,tilt_vel_deg_s,pan_acc_deg_s2,tilt_acc_deg_s2,human,cx,cy
0.0016,135,135,0,0,0,0,0,,
2.9413,135,135,0,0,0,0,0,,
2.987,135,135,0,0,0,0,1,641,349
3.2348,135,135,0,0,0,0,0,,
3.2875,135,135,0,0,0,0,0,,
3.3435,135,135,0,0,0,0,1,641,349
3.3948,135,135,0,0,0,0,0,,
3.4427,135,135,0,0,0,0,0,,
3.4915,135,135,0,0,0,0,1,642,349
3.5445,135,135,0,0,0,0,0,,
3.591,135,135,0,0,0,0,0,,
3.6395,135,135,0,0,0,0,0,,
3.6887,135,135,0,0,0,0,0,,
3.7367,135,135,0,0,0,0,1,642,350
3.7866,135,135,0,0,0,0,1,642,350
3.8382,135,135,0,0,0,0,0,,
3.8859,135,135,0,0,0,0,1,641,349
3.9394,135,135,0,0,0,0,1,641,349
3.9931,135,135,0,0,0,0,0,,
4.0402,135,135,0,0,0,0,1,642,350
4.0956,135,135,0,0,0,0,0,,
4.1411,135,135,0,0,0,0,0,,
4.1893,135,135,0,0,0,0,0,,
4.2386,135,135,0,0,0,0,0,,
4.2884,135,135,0,0,0,0,0,,
4.338,135,135,0,0,0,0,0,,
4.3873,135,135,0,0,0,0,0,,
4.4364,135,135,0,0,0,0,0,,
4.4835,135,135,0,0,0,0,0,,
4.5272,135,135,0,0,0,0,0,,
4.5732,135,135,0,0,0,0,0,,
4.6211,135,135,0,0,0,0,1,642,350
4.6716,135,135,0,0,0,0,0,,
4.7187,135,135,0,0,0,0,1,641,350
4.7689,135,135,0,0,0,0,0,,
4.809,135,135,0,0,0,0,0,,
4.8558,135,135,0,0,0,0,0,,
4.9018,135,135,0,0,0,0,0,,
4.9428,135,135,0,0,0,0,0,,
4.9901,135,135,0,0,0,0,0,,
5.0364,135,135,0,0,0,0,0,,
5.0785,135,135,0,0,0,0,0,,
5.1236,135,135,0,0,0,0,0,,
5.17,135,135,0,0,0,0,0,,
5.2157,135,135,0,0,0,0,0,,
5.2589,135,135,0,0,0,0,0,,
5.3067,135,135,0,0,0,0,0,,
5.3528,135,135,0,0,0,0,0,,
5.3941,135,135,0,0,0,0,0,,
5.4372,135,135,0,0,0,0,0,,
5.4786,135,135,0,0,0,0,0,,
5.5235,135,135,0,0,0,0,0,,
5.5694,135,135,0,0,0,0,0,,
5.6107,135,135,0,0,0,0,0,,
5.6572,135,135,0,0,0,0,0,,
5.7029,135,135,0,0,0,0,0,,
5.744,135,135,0,0,0,0,0,,
5.7896,135,135,0,0,0,0,0,,
5.8354,135,135,0,0,0,0,0,,
5.8772,135,135,0,0,0,0,0,,
5.9221,135,135,0,0,0,0,0,,
5.9691,135,135,0,0,0,0,0,,
6.0104,135,135,0,0,0,0,0,,
6.0546,135,135,0,0,0,0,0,,
6.1018,135,135,0,0,0,0,0,,
6.1436,135,135,0,0,0,0,0,,
6.1913,135,135,0,0,0,0,0,,
6.2378,135,135,0,0,0,0,0,,
6.2788,135,135,0,0,0,0,1,642,351
6.3291,135,135,0,0,0,0,0,,
6.3747,135,135,0,0,0,0,1,642,351
6.4263,135,135,0,0,0,0,1,641,351
6.4783,135,135,0,0,0,0,1,641,352
6.5293,135,135,0,0,0,0,1,641,352
6.5791,135,135,0,0,0,0,1,641,352
6.6285,135,135,0,0,0,0,1,642,352
6.6781,133.8,136.2,-24.222,24.222,-488.936,488.936,1,1041,571
6.7296,132.6,137.4,-23.28,23.28,18.289,-18.289,1,1026,570
6.7804,131.4,138.6,-23.629,23.629,-6.871,6.871,1,1015,568
6.8303,131.4,138.6,0,0,473.914,-473.914,1,641,353
6.8789,130.2,139.8,-24.689,24.689,-507.949,507.949,1,977,567
6.9279,129,141,-24.459,24.459,4.69,-4.69,1,912,566
6.9803,127.8,142.2,-22.942,22.942,29.002,-29.002,1,889,562
7.0299,126.6,143.4,-24.183,24.183,-25.02,25.02,1,852,556
7.0803,125.4,144.6,-23.812,23.812,7.374,-7.374,1,822,555
7.13,124.2,145.8,-24.105,24.105,-5.901,5.901,1,770,549
7.1804,123,147,-23.822,23.822,5.624,-5.624,1,730,549
7.2299,123,148.2,0,24.238,481.174,8.407,1,697,542
7.2798,123,149.4,0,24.042,0,-3.927,1,693,536
7.3293,123,150.6,0,24.248,0,4.152,1,677,534
7.3792,123,151.8,0,24.058,0,-3.799,1,665,527
7.4297,123,153,0,23.779,0,-5.527,1,663,520
7.4796,123,154.2,0,24.045,0,5.331,1,667,517
7.5281,123,155.4,0,24.72,0,13.901,1,671,505
7.5792,123,156.6,0,23.474,0,-24.388,1,669,502
7.629,123,157.8,0,24.103,0,12.635,1,666,487
7.6796,123,159,0,23.718,0,-7.603,1,668,484
7.7276,123,160.2,0,25.025,0,27.253,1,671,476
7.7799,123,161.4,0,22.943,0,-39.798,1,669,474
7.8293,123,162.6,0,24.275,0,26.949,1,669,464
7.8806,123,163.8,0,23.395,0,-17.169,1,669,451
7.93,123,163.8,0,0,0,-473.57,1,672,438
7.9798,123,163.8,0,0,0,0,1,670,429
8.0297,123,163.8,0,0,0,0,1,672,419
8.0803,123,163.8,0,0,0,0,1,671,412
8.1302,123,163.8,0,0,0,0,1,670,405
8.1795,123,163.8,0,0,0,0,1,666,400
8.2293,123,163.8,0,0,0,0,1,666,389
8.2766,123,163.8,0,0,0,0,1,664,390
8.329,123,163.8,0,0,0,0,1,662,394
8.3793,123,163.8,0,0,0,0,1,661,393
8.4277,123,163.8,0,0,0,0,1,654,394
8.4796,123,163.8,0,0,0,0,1,653,393
8.5268,123,163.8,0,0,0,0,1,654,390
8.5771,123,163.8,0,0,0,0,1,654,390
8.6271,123,163.8,0,0,0,0,1,655,392
8.6771,123,163.8,0,0,0,0,1,655,394
8.7273,123,163.8,0,0,0,0,1,657,396
8.7772,123,163.8,0,0,0,0,1,656,395
8.8269,123,163.8,0,0,0,0,1,655,391
8.8769,123,163.8,0,0,0,0,1,654,389
8.9273,123,163.8,0,0,0,0,1,656,390
8.98,123,163.8,0,0,0,0,1,661,391
9.0285,123,163.8,0,0,0,0,1,669,395
9.0797,123,163.8,0,0,0,0,1,676,393
9.1283,123,163.8,0,0,0,0,1,689,390
9.179,123,163.8,0,0,0,0,1,693,388
9.2275,123,163.8,0,0,0,0,1,699,388
9.2794,123,163.8,0,0,0,0,1,707,392
9.3279,123,163.8,0,0,0,0,1,716,391
9.3807,123,163.8,0,0,0,0,1,716,391
9.4308,123,163.8,0,0,0,0,1,720,392
9.4812,121.8,163.8,-23.772,0,-470.922,0,1,725,389
9.5322,120.6,163.8,-23.547,0,4.41,0,1,730,385
9.5818,119.4,163.8,-24.2,0,-13.155,0,1,731,383
9.6354,118.2,163.8,-22.368,0,34.141,0,1,792,383
9.6886,118.2,163.8,0,0,421.021,0,1,692,392
9.7383,117,163.8,-24.117,0,-484.695,0,1,724,390
9.7899,117,163.8,0,0,467.822,0,1,680,386
9.838,117,163.8,0,0,0,0,1,684,380
9.8856,117,163.8,0,0,0,0,1,661,363
9.931,117,163.8,0,0,0,0,1,687,378
9.9793,117,163.8,0,0,0,0,1,691,385
10.0315,117,163.8,0,0,0,0,1,698,392
10.0811,117,163.8,0,0,0,0,1,698,390
10.132,117,163.8,0,0,0,0,1,708,388
10.1819,117,163.8,0,0,0,0,1,713,384
10.2317,117,163.8,0,0,0,0,1,711,375
10.2816,117,163.8,0,0,0,0,1,713,389
10.3311,117,163.8,0,0,0,0,1,716,394
10.3815,117,163.8,0,0,0,0,1,716,399
10.4317,117,163.8,0,0,0,0,1,719,395
10.4812,115.8,163.8,-24.239,0,-489.591,0,1,725,394
10.5331,114.6,163.8,-23.11,0,21.743,0,1,740,390
10.5825,113.4,163.8,-24.28,0,-23.692,0,1,747,382
10.6343,112.2,163.8,-23.175,0,21.349,0,1,742,385
10.6859,112.2,163.8,0,0,448.935,0,1,702,395
10.7371,112.2,163.8,0,0,0,0,1,712,395
10.7902,112.2,163.8,0,0,0,0,1,692,396
10.8397,112.2,163.8,0,0,0,0,1,703,391
10.8882,112.2,163.8,0,0,0,0,1,710,384
10.9394,111,163.8,-23.465,0,-458.837,0,1,727,385
10.9889,109.8,163.8,-24.2,0,-14.823,0,1,743,397
11.0339,108.6,163.8,-26.662,0,-54.704,0,1,751,399
11.0833,107.4,163.8,-24.316,0,47.538,0,1,730,400
11.1334,107.4,163.8,0,0,485.662,0,1,703,405
11.1822,107.4,163.8,0,0,0,0,1,689,406
11.2322,107.4,163.8,0,0,0,0,1,674,397
11.2823,107.4,163.8,0,0,0,0,1,679,396
11.3321,107.4,163.8,0,0,0,0,1,686,400
11.3823,107.4,163.8,0,0,0,0,1,651,398
11.4365,107.4,163.8,0,0,0,0,1,710,412
11.4871,106.2,163.8,-23.753,0,-470.18,0,1,732,404
11.5376,105,163.8,-23.722,0,0.622,0,1,742,392
11.5877,103.8,163.8,-23.979,0,-5.133,0,1,754,391
11.6328,102.6,163.8,-26.605,0,-58.226,0,1,747,400
11.6832,102.6,163.8,0,0,527.219,0,1,716,404
11.7297,102.6,163.8,0,0,0,0,1,699,409
11.7838,102.6,163.8,0,0,0,0,1,686,408
11.8336,102.6,163.8,0,0,0,0,1,680,407
11.8828,102.6,163.8,0,0,0,0,1,678,403
11.9328,102.6,163.8,0,0,0,0,1,680,405
11.9827,102.6,163.8,0,0,0,0,1,694,417
12.0328,102.6,163.8,0,0,0,0,1,696,418
12.0824,102.6,163.8,0,0,0,0,1,697,416
12.1329,102.6,163.8,0,0,0,0,1,698,415
12.183,102.6,163.8,0,0,0,0,1,700,403
12.2324,102.6,163.8,0,0,0,0,1,703,403
12.2832,102.6,163.8,0,0,0,0,1,719,411
12.3297,101.4,163.8,-25.771,0,-553.467,0,1,728,416
12.383,100.2,163.8,-22.519,0,61.04,0,1,738,411
12.4326,99,163.8,-24.186,0,-33.616,0,1,797,406
12.4867,97.8,163.8,-22.209,0,36.595,0,1,810,413
12.5407,96.6,163.8,-22.199,0,0.192,0,1,770,414
12.5908,95.4,163.8,-23.989,0,-35.78,0,1,728,419
12.6409,95.4,163.8,0,0,478.579,0,1,711,425
12.6891,95.4,163.8,0,0,0,0,1,697,422
12.7389,95.4,163.8,0,0,0,0,1,690,425
12.7902,95.4,163.8,0,0,0,0,1,696,422
12.8416,95.4,163.8,0,0,0,0,1,702,420
12.8911,95.4,163.8,0,0,0,0,1,706,418
12.9446,95.4,163.8,0,0,0,0,1,709,418
12.9951,95.4,163.8,0,0,0,0,1,713,427
13.0474,95.4,163.8,0,0,0,0,1,717,425
13.1015,95.4,163.8,0,0,0,0,1,716,422
13.1537,95.4,163.8,0,0,0,0,1,720,416
13.2051,94.2,163.8,-23.335,0,-453.763,0,1,722,415
13.258,93,163.8,-22.684,0,12.302,0,1,732,420
13.3094,91.8,163.8,-23.337,0,-12.696,0,1,738,420
13.3628,90.6,163.8,-22.498,0,15.737,0,1,741,425
13.4148,90.6,163.8,0,0,432.222,0,1,698,423
13.467,90.6,163.8,0,0,0,0,1,693,421
13.5182,90.6,163.8,0,0,0,0,1,675,422
13.5686,90.6,163.8,0,0,0,0,1,678,422
13.6164,90.6,163.8,0,0,0,0,1,688,427
13.6651,90.6,163.8,0,0,0,0,1,692,429
13.7166,90.6,163.8,0,0,0,0,1,699,430
13.7662,90.6,163.8,0,0,0,0,1,711,428
13.8171,90.6,163.8,0,0,0,0,1,715,427
13.8684,89.4,163.8,-23.403,0,-456.413,0,1,722,422
13.9196,88.2,163.8,-23.426,0,-0.444,0,1,727,423
13.9729,87,163.8,-22.533,0,16.757,0,1,732,424
14.0265,85.8,163.8,-22.394,0,2.591,0,1,733,433
14.0745,85.8,163.8,0,0,466.179,0,1,706,435
14.1269,85.8,163.8,0,0,0,0,1,658,439
14.1762,85.8,163.8,0,0,0,0,1,652,436
14.2276,85.8,163.8,0,0,0,0,1,653,429
14.2777,85.8,163.8,0,0,0,0,1,658,439
14.3273,85.8,165,0,24.212,0,488.503,1,671,443
14.3783,85.8,166.2,0,23.509,0,-13.759,1,678,444
14.4292,85.8,167.4,0,23.592,0,1.616,1,687,442
14.4799,85.8,167.4,0,0,0,-465.101,1,695,439
14.5318,85.8,167.4,0,0,0,0,1,716,429
14.5816,85.8,167.4,0,0,0,0,1,719,425
14.6314,84.6,167.4,-24.107,0,-484.291,0,1,741,414
14.6848,83.4,167.4,-22.458,0,30.864,0,1,752,411
14.7362,82.2,167.4,-23.366,0,-17.678,0,1,759,412
14.7886,81,167.4,-22.885,0,9.162,0,1,772,408
14.841,79.8,167.4,-22.92,0,-0.655,0,1,755,409
14.8918,79.8,167.4,0,0,450.673,0,1,713,413
14.9439,79.8,167.4,0,0,0,0,1,699,415
14.9937,79.8,167.4,0,0,0,0,1,672,418
15.0433,79.8,167.4,0,0,0,0,1,671,420
15.0939,79.8,167.4,0,0,0,0,1,673,421
15.146,79.8,167.4,0,0,0,0,1,674,424
15.1979,79.8,167.4,0,0,0,0,1,681,432
15.2481,79.8,167.4,0,0,0,0,1,685,435
15.3006,79.8,167.4,0,0,0,0,1,698,436
15.3549,79.8,167.4,0,0,0,0,1,705,435
15.4063,79.8,167.4,0,0,0,0,1,714,436
15.4578,78.6,167.4,-23.29,0,-452.001,0,1,735,437
15.5105,77.4,167.4,-22.783,0,9.625,0,1,750,431
15.5658,76.2,167.4,-21.699,0,19.587,0,1,765,435
15.6193,75,167.4,-22.438,0,-13.81,0,1,771,433
15.6674,73.8,167.4,-24.918,0,-51.499,0,1,774,429
15.7226,72.6,167.4,-21.761,0,57.254,0,1,745,433
15.769,72.6,167.4,0,0,468.518,0,1,712,437
15.8172,72.6,168.6,0,24.913,0,517.208,1,689,441
15.8665,72.6,169.8,0,24.333,0,-11.75,1,681,444
15.9123,72.6,171,0,26.212,0,41.034,1,663,446
15.9597,72.6,172.2,0,25.301,0,-19.216,1,676,454
16.0083,72.6,173.4,0,24.682,0,-12.724,1,679,449
16.0584,72.6,173.4,0,0,0,-493.127,1,679,435
16.1079,72.6,173.4,0,0,0,0,1,682,427
16.1573,72.6,173.4,0,0,0,0,1,688,413
16.2073,72.6,173.4,0,0,0,0,1,690,409
16.2563,72.6,173.4,0,0,0,0,1,711,402
16.3052,72.6,173.4,0,0,0,0,1,715,398
16.3551,72.6,173.4,0,0,0,0,0,,
16.399,71.4,173.4,-27.365,0,-624.037,0,1,742,396
16.4451,71.4,173.4,0,0,592.726,0,0,,
16.4852,71.4,173.4,0,0,0,0,0,,
16.5253,70.2,173.4,-29.876,0,-743.8,0,1,761,397
16.5743,70.2,173.4,0,0,610.886,0,0,,
16.6182,70.2,173.4,0,0,0,0,0,,
16.6581,70.2,173.4,0,0,0,0,0,,
16.7016,70.2,173.4,0,0,0,0,0,,
16.7417,70.2,173.4,0,0,0,0,0,,
16.7848,70.2,173.4,0,0,0,0,0,,
16.8249,70.2,173.4,0,0,0,0,0,,
16.871,70.2,173.4,0,0,0,0,0,,
16.9132,70.2,173.4,0,0,0,0,0,,
16.9553,70.2,173.4,0,0,0,0,0,,
16.9997,70.2,173.4,0,0,0,0,0,,
17.0406,70.2,173.4,0,0,0,0,0,,
17.0838,69,173.4,-27.78,0,-643.089,0,1,830,407
17.129,67.8,173.4,-26.596,0,26.223,0,1,842,404
17.1757,66.6,173.4,-25.656,0,20.104,0,1,850,403
17.2253,65.4,173.4,-24.226,0,28.865,0,1,860,401
17.2757,64.2,173.4,-23.776,0,8.927,0,1,819,409
17.3253,63,173.4,-24.2,0,-8.56,0,1,779,412
17.375,61.8,173.4,-24.141,0,1.191,0,1,758,408
17.4245,60.6,173.4,-24.276,0,-2.737,0,1,731,415
17.4751,60.6,173.4,0,0,479.232,0,0,,
17.5184,60.6,173.4,0,0,0,0,0,,
17.5588,60.6,173.4,0,0,0,0,0,,
17.6023,60.6,173.4,0,0,0,0,0,,
17.6427,60.6,173.4,0,0,0,0,0,,
17.6856,60.6,173.4,0,0,0,0,0,,
17.7258,60.6,173.4,0,0,0,0,0,,
17.7686,60.6,173.4,0,0,0,0,0,,
17.8088,60.6,173.4,0,0,0,0,0,,
17.8523,60.6,173.4,0,0,0,0,0,,
17.8928,60.6,173.4,0,0,0,0,0,,
17.9356,60.6,173.4,0,0,0,0,0,,
17.9756,60.6,173.4,0,0,0,0,0,,
18.0192,60.6,173.4,0,0,0,0,0,,
18.0599,60.6,173.4,0,0,0,0,0,,
18.1024,60.6,173.4,0,0,0,0,0,,
18.1419,60.6,173.4,0,0,0,0,0,,
18.1858,60.6,173.4,0,0,0,0,0,,
18.226,59.4,173.4,-29.889,0,-744.453,0,1,758,429
18.276,58.2,173.4,-24,0,117.775,0,1,760,428
18.3262,58.2,173.4,0,0,477.879,0,0,,
18.3696,58.2,173.4,0,0,0,0,0,,
18.4097,58.2,173.4,0,0,0,0,0,,
18.4533,58.2,173.4,0,0,0,0,0,,
18.494,58.2,173.4,0,0,0,0,0,,
18.5387,58.2,173.4,0,0,0,0,0,,
18.5807,58.2,173.4,0,0,0,0,0,,
18.6226,58.2,173.4,0,0,0,0,0,,
18.6646,58.2,173.4,0,0,0,0,0,,
18.7064,58.2,173.4,0,0,0,0,0,,
18.7509,58.2,173.4,0,0,0,0,0,,
18.7923,58.2,173.4,0,0,0,0,0,,
18.8369,58.2,173.4,0,0,0,0,0,,
18.8774,58.2,173.4,0,0,0,0,0,,
18.9221,58.2,173.4,0,0,0,0,0,,
18.963,58.2,173.4,0,0,0,0,0,,
19.0068,58.2,173.4,0,0,0,0,0,,
19.0486,58.2,173.4,0,0,0,0,0,,
19.0903,58.2,173.4,0,0,0,0,0,,
19.1343,58.2,173.4,0,0,0,0,0,,
19.176,58.2,173.4,0,0,0,0,0,,
19.2191,58.2,173.4,0,0,0,0,0,,
19.2594,58.2,173.4,0,0,0,0,0,,
19.3034,58.2,173.4,0,0,0,0,0,,
19.3436,58.2,173.4,0,0,0,0,0,,
19.3863,58.2,173.4,0,0,0,0,0,,
19.4267,58.2,173.4,0,0,0,0,0,,
19.4705,58.2,173.4,0,0,0,0,0,,
19.5107,58.2,173.4,0,0,0,0,0,,
19.5558,58.2,173.4,0,0,0,0,0,,
19.5959,58.2,173.4,0,0,0,0,0,,
19.6391,58.2,173.4,0,0,0,0,0,,
19.6795,58.2,173.4,0,0,0,0,0,,
19.7233,58.2,173.4,0,0,0,0,0,,
19.7652,58.2,173.4,0,0,0,0,0,,
19.8073,58.2,173.4,0,0,0,0,0,,
19.8515,58.2,173.4,0,0,0,0,0,,
19.8926,58.2,173.4,0,0,0,0,0,,
19.9366,58.2,173.4,0,0,0,0,0,,
19.9771,58.2,173.4,0,0,0,0,0,,
20.0207,58.2,173.4,0,0,0,0,0,,
20.0614,58.2,173.4,0,0,0,0,0,,
20.1081,58.2,173.4,0,0,0,0,0,,
20.1543,58.2,173.4,0,0,0,0,0,,
20.1995,58.2,173.4,0,0,0,0,0,,
20.2441,58.2,173.4,0,0,0,0,0,,
20.2894,58.2,173.4,0,0,0,0,0,,
20.3288,58.2,173.4,0,0,0,0,0,,
20.3727,58.2,173.4,0,0,0,0,0,,
20.4129,58.2,173.4,0,0,0,0,0,,
20.4561,58.2,173.4,0,0,0,0,0,,
20.4964,58.2,173.4,0,0,0,0,0,,
20.5395,58.2,173.4,0,0,0,0,0,,
20.5837,58.2,173.4,0,0,0,0,0,,
20.6249,58.2,173.4,0,0,0,0,0,,
20.6682,58.2,173.4,0,0,0,0,0,,
20.7094,58.2,173.4,0,0,0,0,0,,
20.7527,58.2,173.4,0,0,0,0,0,,
20.7927,58.2,173.4,0,0,0,0,0,,
20.8355,58.2,173.4,0,0,0,0,0,,
20.8761,58.2,173.4,0,0,0,0,0,,
20.9198,58.2,173.4,0,0,0,0,0,,
20.9594,58.2,173.4,0,0,0,0,0,,
21.0059,57,173.4,-25.809,0,-555.075,0,1,781,431
21.0516,57,173.4,0,0,564.78,0,0,,
21.0936,55.8,173.4,-28.525,0,-678.051,0,1,776,434
21.1434,54.6,173.4,-24.113,0,88.644,0,1,769,439
21.1934,53.4,173.4,-23.998,0,2.313,0,1,754,438
21.2422,52.2,173.4,-24.612,0,-12.597,0,1,751,437
21.2902,52.2,173.4,0,0,512.559,0,0,,
21.3337,52.2,174.6,0,27.598,0,634.689,1,684,447
21.3801,52.2,175.8,0,25.817,0,-38.317,1,663,446
21.4283,52.2,177,0,24.938,0,-18.267,1,642,441
21.4782,52.2,177,0,0,0,-499.823,1,639,440
21.5269,52.2,177,0,0,0,0,1,642,435
21.5752,52.2,177,0,0,0,0,1,644,429
21.6228,52.2,177,0,0,0,0,1,639,416
21.6694,52.2,177,0,0,0,0,1,634,409
21.7186,52.2,177,0,0,0,0,1,630,408
21.7679,52.2,177,0,0,0,0,1,630,408
21.8185,52.2,177,0,0,0,0,0,,
21.8635,52.2,177,0,0,0,0,0,,
21.9079,52.2,177,0,0,0,0,0,,
21.9483,52.2,177,0,0,0,0,0,,
21.9916,52.2,177,0,0,0,0,0,,
22.0361,52.2,177,0,0,0,0,0,,
22.0768,52.2,177,0,0,0,0,0,,
22.1209,52.2,177,0,0,0,0,0,,
22.1614,52.2,177,0,0,0,0,0,,
22.2073,52.2,177,0,0,0,0,0,,
22.2475,52.2,177,0,0,0,0,0,,
22.2908,52.2,177,0,0,0,0,0,,
22.3313,52.2,177,0,0,0,0,0,,
22.375,52.2,177,0,0,0,0,0,,
22.4146,52.2,177,0,0,0,0,0,,
22.4582,52.2,177,0,0,0,0,0,,
22.5023,52.2,177,0,0,0,0,0,,
22.5465,52.2,177,0,0,0,0,0,,
22.5929,52.2,177,0,0,0,0,0,,
22.6395,52.2,177,0,0,0,0,0,,
22.6831,52.2,177,0,0,0,0,0,,
22.7275,52.2,177,0,0,0,0,0,,
22.7758,52.2,177,0,0,0,0,0,,
22.8199,52.2,177,0,0,0,0,0,,
22.8643,52.2,177,0,0,0,0,0,,
22.9092,52.2,177,0,0,0,0,0,,
22.9561,52.2,177,0,0,0,0,0,,
22.9966,52.2,177,0,0,0,0,0,,
23.0411,52.2,177,0,0,0,0,0,,
23.0818,52.2,177,0,0,0,0,0,,
23.1251,52.2,177,0,0,0,0,0,,
23.1689,52.2,177,0,0,0,0,0,,
23.2099,52.2,177,0,0,0,0,0,,
23.253,52.2,177,0,0,0,0,0,,
23.2947,52.2,177,0,0,0,0,0,,
23.3388,52.2,177,0,0,0,0,0,,
23.3791,52.2,177,0,0,0,0,0,,
23.4219,52.2,177,0,0,0,0,0,,
23.462,52.2,177,0,0,0,0,0,,
23.5056,52.2,177,0,0,0,0,0,,
23.5454,52.2,177,0,0,0,0,0,,
23.5903,52.2,177,0,0,0,0,0,,
23.6297,52.2,177,0,0,0,0,0,,
23.6726,52.2,177,0,0,0,0,0,,
23.7126,52.2,177,0,0,0,0,0,,
23.7563,52.2,177,0,0,0,0,0,,
23.7971,52.2,177,0,0,0,0,0,,
23.84,52.2,177,0,0,0,0,0,,
23.8804,52.2,177,0,0,0,0,0,,
23.9234,52.2,177,0,0,0,0,0,,
23.9643,52.2,177,0,0,0,0,0,,
24.0073,52.2,177,0,0,0,0,0,,
24.0479,52.2,177,0,0,0,0,0,,
24.0898,52.2,177,0,0,0,0,0,,
24.1292,53.4,177,30.454,0,772.891,0,1,359,384
24.1787,54.6,177,24.261,0,-125.213,0,1,357,384
24.227,55.8,177,24.826,0,11.68,0,1,351,384
24.2751,57,177,24.99,0,3.414,0,1,349,377
24.3202,57,177,0,0,-553.819,0,0,,
24.3617,57,177,0,0,0,0,0,,
24.4048,58.2,177,27.834,0,645.609,0,1,371,374
24.4507,58.2,177,0,0,-605.598,0,0,,
24.4932,58.2,177,0,0,0,0,0,,
24.5376,58.2,177,0,0,0,0,0,,
24.5787,58.2,177,0,0,0,0,0,,
24.622,58.2,177,0,0,0,0,0,,
24.6629,59.4,177,29.326,0,716.696,0,1,389,364
24.7131,60.6,177,23.885,0,-108.307,0,1,387,365
24.7643,61.8,177,23.453,0,-8.444,0,1,385,362
24.8157,63,177,23.328,0,-2.436,0,1,378,362
24.8652,64.2,177,24.262,0,18.888,0,1,412,353
24.9131,64.2,177,0,0,-506.148,0,0,,
24.9568,64.2,177,0,0,0,0,0,,
24.9971,64.2,177,0,0,0,0,0,,
25.0399,65.4,177,28.011,0,653.827,0,1,461,367
25.0883,66.6,177,24.801,0,-66.338,0,1,452,344
25.1342,67.8,177,26.179,0,30.076,0,1,450,346
25.1806,69,177,25.833,0,-7.451,0,1,452,332
25.2298,70.2,177,24.368,0,-29.745,0,1,471,356
25.2789,71.4,177,24.488,0,2.434,0,1,522,341
25.3279,72.6,177,24.447,0,-0.821,0,1,535,340
25.3759,72.6,177,0,0,-510.162,0,1,571,339
25.4212,72.6,177,0,0,0,0,1,574,340
25.4673,72.6,177,0,0,0,0,1,567,341
25.5132,72.6,177,0,0,0,0,0,,
25.5562,72.6,177,0,0,0,0,0,,
25.5962,72.6,177,0,0,0,0,0,,
25.6392,72.6,177,0,0,0,0,0,,
25.6789,73.8,177,30.269,0,763.521,0,1,534,331
25.7281,75,177,24.37,0,-119.807,0,1,530,328
25.7781,76.2,177,23.99,0,-7.596,0,1,509,325
25.8264,77.4,177,24.846,0,17.723,0,1,500,321
25.8744,78.6,177,25.003,0,3.279,0,1,529,319
25.9204,78.6,177,0,0,-543.677,0,1,577,320
25.9653,78.6,177,0,0,0,0,1,586,322
26.0131,78.6,177,0,0,0,0,1,583,324
26.0624,78.6,177,0,0,0,0,1,579,325
26.1114,78.6,177,0,0,0,0,1,573,319
26.159,78.6,177,0,0,0,0,1,571,317
26.204,78.6,177,0,0,0,0,1,567,315
26.2485,78.6,177,0,0,0,0,1,560,313
26.2964,79.8,177,25.04,0,522.501,0,1,557,314
26.3452,81,177,24.593,0,-9.157,0,1,550,315
26.3933,82.2,177,24.965,0,7.743,0,1,545,315
26.4428,83.4,177,24.249,0,-14.474,0,1,537,305
26.4875,83.4,177,0,0,-542.385,0,1,573,294
26.5328,83.4,177,0,0,0,0,0,,
26.5746,83.4,177,0,0,0,0,0,,
26.6145,83.4,177,0,0,0,0,1,627,306
26.6627,83.4,177,0,0,0,0,1,623,305
26.7114,83.4,177,0,0,0,0,1,606,314
26.7592,83.4,177,0,0,0,0,1,596,296
26.8041,83.4,177,0,0,0,0,1,590,294
26.8489,83.4,177,0,0,0,0,1,579,285
26.8971,83.4,177,0,0,0,0,1,574,287
26.9475,83.4,177,0,0,0,0,1,574,295
26.9961,83.4,177,0,0,0,0,1,575,297
27.045,83.4,177,0,0,0,0,1,572,299
27.0937,83.4,177,0,0,0,0,1,567,298
27.1391,84.6,177,26.471,0,583.909,0,1,559,291
27.1847,85.8,175.8,26.288,-26.288,-4.004,-575.873,1,540,273
27.2325,87,174.6,25.084,-25.084,-25.17,25.17,1,536,272
27.2819,88.2,174.6,24.31,0,-15.676,508.151,1,533,283
27.3321,89.4,174.6,23.923,0,-7.721,0,1,531,284
27.3815,89.4,174.6,0,0,-484.313,0,1,572,281
27.4312,89.4,173.4,0,-24.107,0,-484.273,1,596,278
27.4813,89.4,172.2,0,-23.991,0,2.311,1,622,274
27.5314,89.4,172.2,0,0,0,478.964,1,612,280
27.5806,89.4,172.2,0,0,0,0,1,598,291
27.6299,89.4,172.2,0,0,0,0,1,585,300
27.6788,89.4,172.2,0,0,0,0,1,581,317
27.7268,89.4,172.2,0,0,0,0,1,591,326
27.7731,89.4,172.2,0,0,0,0,1,603,328
27.8186,89.4,172.2,0,0,0,0,1,601,318
27.8653,89.4,172.2,0,0,0,0,1,597,319
27.9146,89.4,172.2,0,0,0,0,1,567,319
27.9659,89.4,172.2,0,0,0,0,1,566,321
28.0149,89.4,172.2,0,0,0,0,1,562,324
28.0653,90.6,172.2,23.813,0,472.558,0,1,554,320
28.1153,91.8,172.2,24.02,0,4.147,0,1,539,322
28.1652,93,172.2,24.052,0,0.635,0,1,532,321
28.2157,94.2,172.2,23.741,0,-6.161,0,1,519,324
28.2659,95.4,172.2,23.934,0,3.855,0,1,519,315
28.3163,95.4,172.2,0,0,-474.178,0,1,569,309
28.3651,95.4,172.2,0,0,0,0,1,583,314
28.4149,95.4,172.2,0,0,0,0,1,595,325
28.4654,95.4,172.2,0,0,0,0,1,598,326
28.5152,95.4,172.2,0,0,0,0,1,574,310
28.5648,95.4,172.2,0,0,0,0,1,568,311
28.6151,95.4,172.2,0,0,0,0,1,562,310
28.6654,95.4,172.2,0,0,0,0,1,560,310
28.7152,96.6,172.2,24.094,0,483.781,0,1,559,313
28.7653,97.8,172.2,23.964,0,-2.603,0,1,557,311
28.8147,99,172.2,24.268,0,6.148,0,1,557,316
28.8648,100.2,172.2,23.976,0,-5.839,0,1,556,316
28.9154,101.4,172.2,23.677,0,-5.897,0,1,548,303
28.9647,101.4,172.2,0,0,-481.058,0,1,571,306
29.0178,101.4,172.2,0,0,0,0,1,626,295
29.0702,101.4,172.2,0,0,0,0,1,640,300
29.1198,101.4,172.2,0,0,0,0,1,643,302
29.1694,101.4,172.2,0,0,0,0,1,640,307
29.2193,101.4,172.2,0,0,0,0,1,627,304
29.2703,101.4,172.2,0,0,0,0,1,622,297
29.3221,101.4,171,0,-23.202,0,-448.611,1,603,279
29.3766,101.4,169.8,0,-22.02,0,21.691,1,580,275
29.4258,101.4,169.8,0,0,0,447.031,1,576,281
29.4803,101.4,169.8,0,0,0,0,1,572,286
29.5247,101.4,169.8,0,0,0,0,1,572,307
29.569,101.4,169.8,0,0,0,0,1,573,312
29.6163,101.4,169.8,0,0,0,0,1,563,311
29.6697,102.6,169.8,22.473,0,420.874,0,1,559,312
29.7169,103.8,169.8,25.457,0,63.286,0,1,557,314
29.7668,105,169.8,24.021,0,-28.734,0,1,558,316
29.8163,106.2,169.8,24.27,0,5.042,0,1,552,322
29.8659,106.2,169.8,0,0,-488.506,0,0,,
29.9088,107.4,168.6,28.036,-28.036,655,-655,1,556,269
29.9544,107.4,167.4,0,-26.302,-614.497,37.998,1,586,266
30.0026,107.4,167.4,0,0,0,545.129,0,,
30.0466,107.4,167.4,0,0,0,0,0,,
30.0866,108.6,166.2,30.002,-30.002,750.1,-750.1,1,559,278
30.1344,109.8,166.2,25.09,0,-102.707,627.284,1,549,333
30.1833,111,166.2,24.554,0,-10.955,0,1,549,357
30.2334,112.2,166.2,23.928,0,-12.49,0,1,549,358
30.2811,112.2,166.2,0,0,-502.051,0,1,623,351
30.3301,112.2,166.2,0,0,0,0,1,632,354
30.3749,112.2,166.2,0,0,0,0,1,644,365
30.4195,112.2,166.2,0,0,0,0,1,644,368
30.4677,112.2,166.2,0,0,0,0,1,644,368
30.5164,112.2,166.2,0,0,0,0,1,639,361
30.5649,112.2,166.2,0,0,0,0,1,632,354
30.6137,112.2,166.2,0,0,0,0,1,617,341
30.6621,112.2,166.2,0,0,0,0,1,614,340
30.7071,112.2,166.2,0,0,0,0,1,604,356
30.7525,112.2,166.2,0,0,0,0,1,601,359
30.8008,112.2,166.2,0,0,0,0,1,602,356
30.8502,112.2,166.2,0,0,0,0,1,596,361
30.8996,112.2,166.2,0,0,0,0,1,578,358
30.9474,112.2,166.2,0,0,0,0,1,571,341
30.9957,113.4,166.2,24.867,0,515.298,0,1,541,338
31.0408,114.6,166.2,26.612,0,38.714,0,1,543,341
31.0873,115.8,166.2,25.777,0,-17.947,0,1,531,350
31.1354,117,166.2,24.978,0,-16.626,0,1,538,355
31.1845,117,166.2,0,0,-508.328,0,1,569,356
31.2335,117,166.2,0,0,0,0,1,579,357
31.2822,117,166.2,0,0,0,0,1,602,355
31.331,117,166.2,0,0,0,0,1,598,354
31.3796,117,166.2,0,0,0,0,1,593,355
31.4244,117,166.2,0,0,0,0,1,586,356
31.4691,117,166.2,0,0,0,0,1,587,361
31.5184,117,166.2,0,0,0,0,1,565,363
31.5666,117,166.2,0,0,0,0,1,560,358
31.6168,118.2,166.2,23.904,0,476.174,0,1,540,352
31.6664,119.4,166.2,24.225,0,6.48,0,1,538,356
31.7154,120.6,166.2,24.458,0,4.739,0,1,528,358
31.7653,121.8,166.2,24.087,0,-7.436,0,1,528,357
31.8153,123,166.2,24.002,0,-1.696,0,1,557,348
31.8653,123,166.2,0,0,-479.521,0,1,575,352
31.913,123,166.2,0,0,0,0,1,609,352
31.957,123,166.2,0,0,0,0,1,629,352
32.0028,123,166.2,0,0,0,0,1,636,356
32.0513,123,166.2,0,0,0,0,1,633,355
32.1001,123,166.2,0,0,0,0,1,624,356
32.1494,123,166.2,0,0,0,0,1,603,351
32.1981,123,166.2,0,0,0,0,1,599,350
32.2441,123,166.2,0,0,0,0,1,591,346
32.2893,123,166.2,0,0,0,0,1,586,350
32.3358,123,166.2,0,0,0,0,1,582,357
32.3844,123,166.2,0,0,0,0,1,578,359
32.4345,123,166.2,0,0,0,0,1,575,356
32.483,123,166.2,0,0,0,0,1,572,350
32.5319,123,166.2,0,0,0,0,1,571,348
32.58,123,166.2,0,0,0,0,1,571,345
32.6242,123,166.2,0,0,0,0,1,570,350
32.67,123,166.2,0,0,0,0,1,568,352
32.7196,123,166.2,0,0,0,0,1,571,356
32.7679,123,166.2,0,0,0,0,1,569,355
32.817,123,166.2,0,0,0,0,1,563,352
32.8655,123,166.2,0,0,0,0,1,561,348
32.9122,123,166.2,0,0,0,0,1,560,347
32.9608,123,166.2,0,0,0,0,1,564,350
33.0099,123,166.2,0,0,0,0,1,566,357
33.0592,123,166.2,0,0,0,0,1,568,354
33.1051,123,166.2,0,0,0,0,1,571,353
33.153,123,166.2,0,0,0,0,1,577,351
33.197,123,166.2,0,0,0,0,1,581,353
33.2443,123,166.2,0,0,0,0,1,593,346
33.2932,123,166.2,0,0,0,0,1,601,346
33.3434,123,166.2,0,0,0,0,1,611,350
33.3922,123,166.2,0,0,0,0,1,612,354
33.4368,123,166.2,0,0,0,0,1,617,354
33.4807,123,166.2,0,0,0,0,1,617,351
33.5304,123,166.2,0,0,0,0,1,621,351
33.5815,123,166.2,0,0,0,0,1,629,351
33.6313,123,166.2,0,0,0,0,1,630,351
33.6811,123,166.2,0,0,0,0,1,634,352
33.7308,123,166.2,0,0,0,0,1,633,355
33.7787,123,166.2,0,0,0,0,1,655,355
33.8276,123,166.2,0,0,0,0,1,657,354
33.877,123,166.2,0,0,0,0,1,660,351
33.9264,123,166.2,0,0,0,0,1,664,349
33.9724,123,166.2,0,0,0,0,1,668,345
34.0175,123,166.2,0,0,0,0,1,700,349
34.0635,123,166.2,0,0,0,0,1,700,348
34.1117,123,166.2,0,0,0,0,1,699,348
34.1606,123,166.2,0,0,0,0,1,701,349
34.2106,121.8,166.2,-24.021,0,-480.844,0,1,723,345
34.2579,120.6,166.2,-25.352,0,-28.11,0,1,722,343
34.3044,119.4,166.2,-25.837,0,-10.446,0,1,774,346
34.3526,118.2,166.2,-24.878,0,19.875,0,1,777,346
34.4025,117,166.2,-24.048,0,16.632,0,1,743,347
34.4502,115.8,166.2,-25.189,0,-23.944,0,1,736,343
34.4979,115.8,166.2,0,0,528.054,0,1,682,355
34.5457,115.8,166.2,0,0,0,0,1,649,353
34.5943,115.8,166.2,0,0,0,0,1,647,350
34.6436,115.8,166.2,0,0,0,0,1,637,336
34.6908,115.8,166.2,0,0,0,0,1,640,330
34.7366,115.8,166.2,0,0,0,0,1,645,335
34.783,115.8,166.2,0,0,0,0,1,665,356
34.8303,115.8,166.2,0,0,0,0,1,678,359
34.8788,115.8,166.2,0,0,0,0,0,,
34.9239,115.8,166.2,0,0,0,0,1,691,358
34.9694,115.8,166.2,0,0,0,0,1,696,352
35.0167,115.8,166.2,0,0,0,0,1,711,343
35.0641,115.8,166.2,0,0,0,0,1,717,335
35.1123,114.6,166.2,-24.866,0,-515.268,0,1,739,346
35.1618,113.4,166.2,-24.251,0,12.424,0,1,749,358
35.2109,112.2,166.2,-24.468,0,-4.416,0,1,757,355
35.2569,111,166.2,-26.091,0,-35.291,0,1,762,356
35.3037,109.8,166.2,-25.618,0,10.098,0,1,764,349
35.3508,108.6,166.2,-25.46,0,3.354,0,1,730,354
35.3985,108.6,166.2,0,0,533.973,0,1,689,359
35.447,108.6,166.2,0,0,0,0,1,668,357
35.4952,108.6,166.2,0,0,0,0,1,664,349
35.5442,108.6,166.2,0,0,0,0,1,672,362
35.5903,108.6,166.2,0,0,0,0,0,,
35.6304,108.6,166.2,0,0,0,0,0,,
35.6746,108.6,166.2,0,0,0,0,0,,
35.7151,107.4,166.2,-29.597,0,-729.99,0,1,760,363
35.7627,106.2,166.2,-25.218,0,92.024,0,1,771,368
35.8124,105,166.2,-24.133,0,21.82,0,1,786,341
35.8613,103.8,166.2,-24.576,0,-9.074,0,1,767,368
35.9084,102.6,166.2,-25.446,0,-18.437,0,1,743,374
35.9552,101.4,166.2,-25.639,0,-4.129,0,1,734,381
36.001,100.2,166.2,-26.184,0,-11.895,0,1,724,385
36.049,100.2,166.2,0,0,545.802,0,1,697,377
36.0968,100.2,166.2,0,0,0,0,1,674,385
36.1457,100.2,166.2,0,0,0,0,1,651,380
36.1946,100.2,166.2,0,0,0,0,1,651,384
36.2392,100.2,166.2,0,0,0,0,1,654,383
36.2853,100.2,166.2,0,0,0,0,1,663,382
36.3322,100.2,166.2,0,0,0,0,1,669,383
36.3795,100.2,166.2,0,0,0,0,1,685,389
36.4283,100.2,166.2,0,0,0,0,1,699,388
36.4739,99,166.2,-26.308,0,-576.764,0,1,729,384
36.5207,97.8,166.2,-25.653,0,14.003,0,1,740,387
36.5682,96.6,166.2,-25.246,0,8.557,0,1,749,384
36.6155,95.4,166.2,-25.348,0,-2.146,0,1,779,383
36.6641,94.2,166.2,-24.682,0,13.692,0,1,781,388
36.7139,93,166.2,-24.14,0,10.905,0,1,784,388
36.7633,91.8,166.2,-24.283,0,-2.899,0,1,732,392
36.8132,91.8,166.2,0,0,486.552,0,1,702,392
36.863,91.8,166.2,0,0,0,0,1,675,391
36.9127,91.8,166.2,0,0,0,0,1,650,397
36.9606,91.8,166.2,0,0,0,0,1,653,391
37.0054,91.8,166.2,0,0,0,0,1,661,395
37.0514,91.8,166.2,0,0,0,0,1,676,398
37.099,91.8,166.2,0,0,0,0,1,686,396
37.1494,91.8,166.2,0,0,0,0,1,712,394
37.1968,90.6,166.2,-25.333,0,-534.791,0,1,724,392
37.2478,89.4,166.2,-23.544,0,35.1,0,1,748,385
37.297,88.2,166.2,-24.357,0,-16.515,0,1,752,388
37.3457,87,166.2,-24.68,0,-6.635,0,1,748,400
37.3922,85.8,166.2,-25.81,0,-24.294,0,1,747,403
37.4391,84.6,166.2,-25.571,0,5.085,0,1,756,404
37.4856,83.4,166.2,-25.819,0,-5.34,0,1,727,411
37.5337,83.4,166.2,0,0,536.739,0,1,712,414
37.5815,83.4,166.2,0,0,0,0,1,666,409
37.6296,83.4,166.2,0,0,0,0,1,665,411
37.6783,83.4,166.2,0,0,0,0,1,667,413
37.7254,83.4,166.2,0,0,0,0,1,671,414
37.7709,83.4,166.2,0,0,0,0,1,686,419
37.8183,83.4,166.2,0,0,0,0,1,694,422
37.8652,83.4,166.2,0,0,0,0,0,,
37.9091,82.2,166.2,-27.379,0,-624.695,0,1,725,420
37.955,81,166.2,-26.118,0,27.451,0,1,740,414
38.0039,79.8,166.2,-24.558,0,31.923,0,1,755,416
38.0507,78.6,166.2,-25.636,0,-23.013,0,1,766,417
38.099,77.4,166.2,-24.849,0,16.286,0,1,773,421
38.1451,76.2,166.2,-26.017,0,-25.311,0,1,741,426
38.1927,76.2,166.2,0,0,546.12,0,1,715,436
38.239,76.2,166.2,0,0,0,0,1,675,431
38.2854,76.2,166.2,0,0,0,0,1,673,433
38.3333,76.2,166.2,0,0,0,0,1,674,433
38.3811,76.2,166.2,0,0,0,0,1,690,440
38.4296,76.2,167.4,0,24.754,0,510.651,1,695,449
38.4794,76.2,168.6,0,24.1,0,-13.138,1,705,447
38.5265,76.2,169.8,0,25.432,0,28.233,1,712,451
38.5722,76.2,171,0,26.302,0,19.072,1,719,449
38.6194,75,172.2,-25.387,25.387,-537.086,-19.366,1,745,441
38.6682,73.8,173.4,-24.588,24.588,16.368,-16.368,1,755,442
38.7166,72.6,173.4,-24.797,0,-4.316,-508.097,1,767,438
38.7652,71.4,173.4,-24.708,0,1.832,0,1,770,433
38.8141,70.2,173.4,-24.515,0,3.939,0,1,731,422
38.8632,69,173.4,-24.453,0,1.279,0,1,728,412
38.9105,69,173.4,0,0,517.569,0,1,694,404
38.9562,69,173.4,0,0,0,0,1,693,394
39.0023,69,173.4,0,0,0,0,0,,
39.0453,69,173.4,0,0,0,0,1,692,414
39.0913,69,173.4,0,0,0,0,1,683,422
39.1359,69,173.4,0,0,0,0,1,688,420
39.1833,69,173.4,0,0,0,0,0,,
39.2278,69,173.4,0,0,0,0,0,,
39.2688,69,173.4,0,0,0,0,0,,
39.3119,69,173.4,0,0,0,0,0,,
39.3523,69,173.4,0,0,0,0,0,,
39.3953,69,173.4,0,0,0,0,0,,
39.4359,67.8,173.4,-29.6,0,-730.136,0,1,766,422
39.4834,66.6,173.4,-25.257,0,91.413,0,1,775,416
39.5301,65.4,173.4,-25.673,0,-8.9,0,1,780,416
39.5774,65.4,173.4,0,0,543.763,0,0,,
39.6191,64.2,173.4,-28.742,0,-688.398,0,1,755,415
39.6684,63,173.4,-24.355,0,89.03,0,1,741,417
39.7173,61.8,173.4,-24.525,0,-3.476,0,1,736,422
39.7662,60.6,173.4,-24.544,0,-0.394,0,1,740,422
39.8168,60.6,173.4,0,0,485.274,0,0,,
39.8619,60.6,173.4,0,0,0,0,0,,
39.9032,60.6,173.4,0,0,0,0,0,,
39.9473,60.6,173.4,0,0,0,0,0,,
39.9901,60.6,173.4,0,0,0,0,0,,
40.0315,60.6,173.4,0,0,0,0,0,,
40.0757,60.6,173.4,0,0,0,0,0,,
40.1165,60.6,173.4,0,0,0,0,0,,
40.1583,60.6,173.4,0,0,0,0,0,,
40.1998,59.4,173.4,-28.975,0,-699.643,0,1,778,425
40.2484,59.4,173.4,0,0,595.772,0,0,,
40.2929,59.4,173.4,0,0,0,0,0,,
40.3345,59.4,173.4,0,0,0,0,0,,
40.3804,59.4,173.4,0,0,0,0,0,,
40.4252,59.4,173.4,0,0,0,0,0,,
40.4699,59.4,173.4,0,0,0,0,0,,
40.5153,59.4,173.4,0,0,0,0,0,,
40.5628,59.4,173.4,0,0,0,0,0,,
40.6037,59.4,173.4,0,0,0,0,0,,
40.6466,59.4,173.4,0,0,0,0,0,,
40.6872,59.4,173.4,0,0,0,0,0,,
40.7309,59.4,173.4,0,0,0,0,0,,
40.7757,59.4,173.4,0,0,0,0,0,,
40.8163,59.4,173.4,0,0,0,0,0,,
40.8612,59.4,173.4,0,0,0,0,0,,
40.903,59.4,173.4,0,0,0,0,0,,
40.9461,59.4,173.4,0,0,0,0,0,,
40.9872,59.4,173.4,0,0,0,0,0,,
41.031,59.4,173.4,0,0,0,0,0,,
41.072,59.4,173.4,0,0,0,0,0,,
41.1154,59.4,173.4,0,0,0,0,0,,
41.1559,59.4,173.4,0,0,0,0,0,,
41.1984,59.4,173.4,0,0,0,0,0,,
41.2384,59.4,173.4,0,0,0,0,0,,
41.2819,59.4,173.4,0,0,0,0,0,,
41.3222,59.4,173.4,0,0,0,0,0,,
41.365,59.4,173.4,0,0,0,0,0,,
41.4064,59.4,173.4,0,0,0,0,0,,
41.4487,59.4,173.4,0,0,0,0,0,,
41.4891,59.4,173.4,0,0,0,0,0,,
41.5314,59.4,173.4,0,0,0,0,0,,
41.5722,59.4,173.4,0,0,0,0,0,,
41.6146,59.4,173.4,0,0,0,0,0,,
41.656,59.4,173.4,0,0,0,0,0,,
41.6987,59.4,173.4,0,0,0,0,0,,
41.7398,59.4,173.4,0,0,0,0,0,,
41.7823,59.4,173.4,0,0,0,0,0,,
41.8271,59.4,173.4,0,0,0,0,0,,
41.8685,58.2,173.4,-28.957,0,-698.766,0,1,814,429
41.9175,57,173.4,-24.506,0,90.901,0,1,810,436
41.9638,55.8,173.4,-25.92,0,-30.545,0,1,807,438
42.0114,54.6,173.4,-25.205,0,15.025,0,1,769,437
42.0579,53.4,173.4,-25.815,0,-13.132,0,1,751,434
42.1049,52.2,173.4,-25.51,0,6.481,0,1,733,433
42.1563,52.2,173.4,0,0,496.576,0,1,718,432
42.2043,52.2,173.4,0,0,0,0,0,,
42.2475,52.2,173.4,0,0,0,0,0,,
42.288,52.2,173.4,0,0,0,0,0,,
42.3311,52.2,173.4,0,0,0,0,0,,
42.3727,52.2,173.4,0,0,0,0,0,,
42.4161,52.2,173.4,0,0,0,0,0,,
42.4565,52.2,173.4,0,0,0,0,0,,
42.4997,52.2,173.4,0,0,0,0,0,,
42.5452,52.2,173.4,0,0,0,0,0,,
42.5874,52.2,173.4,0,0,0,0,0,,
42.6322,52.2,173.4,0,0,0,0,0,,
42.6726,52.2,173.4,0,0,0,0,0,,
42.7164,52.2,173.4,0,0,0,0,0,,
42.7565,52.2,173.4,0,0,0,0,0,,
42.7995,52.2,173.4,0,0,0,0,0,,
42.8392,52.2,173.4,0,0,0,0,0,,
42.8828,52.2,173.4,0,0,0,0,0,,
42.9285,52.2,173.4,0,0,0,0,0,,
42.9729,52.2,173.4,0,0,0,0,0,,
43.0135,52.2,173.4,0,0,0,0,0,,
43.059,52.2,173.4,0,0,0,0,0,,
43.0994,52.2,173.4,0,0,0,0,0,,
43.1448,52.2,173.4,0,0,0,0,0,,
43.1877,52.2,173.4,0,0,0,0,0,,
43.2296,52.2,173.4,0,0,0,0,0,,
43.2722,52.2,173.4,0,0,0,0,0,,
43.3128,52.2,173.4,0,0,0,0,0,,
43.3553,53.4,173.4,28.227,0,663.979,0,1,456,437
43.4012,54.6,173.4,26.134,0,-45.59,0,1,448,432
43.4503,54.6,173.4,0,0,-531.705,0,0,,
43.4948,54.6,173.4,0,0,0,0,0,,
43.5345,54.6,173.4,0,0,0,0,0,,
43.5782,54.6,173.4,0,0,0,0,0,,
43.6212,55.8,173.4,27.91,0,649.144,0,1,404,420
43.6678,57,173.4,25.777,0,-45.813,0,1,385,416
43.717,57,173.4,0,0,-523.73,0,0,,
43.7619,58.2,173.4,26.702,0,594.145,0,1,351,412
43.8106,59.4,173.4,24.67,0,-41.757,0,1,410,413
43.8587,59.4,173.4,0,0,-512.899,0,0,,
43.8994,59.4,173.4,0,0,0,0,0,,
43.9446,60.6,173.4,26.552,0,587.5,0,1,392,409
43.9927,61.8,173.4,24.935,0,-33.591,0,1,403,398
44.0401,63,173.4,25.316,0,8.039,0,1,449,395
44.086,63,173.4,0,0,-552.247,0,0,,
44.1292,63,173.4,0,0,0,0,0,,
44.1689,64.2,173.4,30.254,0,762.75,0,1,441,397
44.218,65.4,173.4,24.423,0,-118.674,0,1,449,377
44.2676,66.6,173.4,24.196,0,-4.571,0,1,465,376
44.317,67.8,173.4,24.321,0,2.519,0,1,450,380
44.3666,69,173.4,24.183,0,-2.779,0,1,437,378
44.417,70.2,173.4,23.824,0,-7.122,0,1,445,367
44.4673,71.4,173.4,23.83,0,0.112,0,1,474,371
44.5174,72.6,173.4,23.983,0,3.064,0,1,493,378
44.5668,73.8,173.4,24.267,0,5.741,0,1,503,378
44.6168,75,173.4,23.995,0,-5.443,0,1,519,373
44.6673,76.2,173.4,23.759,0,-4.656,0,1,502,365
44.7164,77.4,173.4,24.436,0,13.769,0,1,512,364
44.7676,77.4,173.4,0,0,-477.941,0,1,566,362
44.8173,77.4,173.4,0,0,0,0,0,,
44.8628,77.4,173.4,0,0,0,0,1,569,356
44.9095,78.6,173.4,25.728,0,551.596,0,1,544,354
44.9543,79.8,173.4,26.736,0,22.459,0,1,530,349
45.0026,81,173.4,24.891,0,-38.269,0,1,510,349
45.0521,82.2,173.4,24.222,0,-13.501,0,1,492,349
45.1015,83.4,173.4,24.278,0,1.142,0,1,480,345
45.1514,84.6,173.4,24.043,0,-4.708,0,1,526,338
45.2007,84.6,173.4,0,0,-487.719,0,0,,
45.2455,84.6,173.4,0,0,0,0,1,585,347
45.2922,84.6,173.4,0,0,0,0,1,595,352
45.3368,84.6,173.4,0,0,0,0,1,583,337
45.3862,84.6,173.4,0,0,0,0,1,567,326
45.4371,85.8,173.4,23.573,0,463.076,0,1,550,317
45.4875,87,173.4,23.812,0,4.749,0,1,546,325
45.5374,88.2,173.4,24.042,0,4.594,0,1,538,327
45.5892,89.4,173.4,23.132,0,-17.528,0,1,533,324
45.6384,90.6,173.4,24.388,0,25.523,0,1,555,318
45.6856,91.8,173.4,25.433,0,22.132,0,1,541,324
45.7368,91.8,173.4,0,0,-497.44,0,1,578,331
45.7863,93,173.4,24.244,0,489.798,0,1,541,339
45.8349,93,173.4,0,0,-498.341,0,1,565,321
45.887,93,173.4,0,0,0,0,1,571,321
45.9345,93,173.4,0,0,0,0,1,589,331
45.9879,93,173.4,0,0,0,0,1,580,328
46.0367,94.2,173.4,24.577,0,503.346,0,1,553,320
46.0901,95.4,173.4,22.504,0,-38.876,0,1,540,309
46.1422,96.6,173.4,23.001,0,9.539,0,1,521,320
46.1914,97.8,173.4,24.412,0,28.706,0,1,514,323
46.2413,99,173.4,24.039,0,-7.483,0,1,539,326
46.2913,100.2,173.4,24.017,0,-0.429,0,1,536,315
46.3415,101.4,173.4,23.905,0,-2.232,0,1,533,317
46.3913,102.6,173.4,24.074,0,3.376,0,1,527,319
46.4421,102.6,173.4,0,0,-474.21,0,1,572,313
46.4936,102.6,173.4,0,0,0,0,1,580,300
46.5436,102.6,173.4,0,0,0,0,1,609,280
46.5937,102.6,173.4,0,0,0,0,1,602,297
46.6458,103.8,173.4,23.008,0,441.149,0,1,553,286
46.6996,105,173.4,22.289,0,-13.35,0,1,520,302
46.7567,106.2,173.4,21.042,0,-21.867,0,1,505,295
46.8082,107.4,173.4,23.289,0,43.595,0,1,497,291
46.8614,108.6,173.4,22.536,0,-14.131,0,1,532,292
46.9129,109.8,173.4,23.339,0,15.611,0,1,519,283
46.9622,111,172.2,24.31,-24.31,19.661,-492.461,1,545,258
47.0134,111,172.2,0,0,-475.157,475.157,1,599,297
47.062,111,172.2,0,0,0,0,1,619,284
47.1121,111,172.2,0,0,0,0,1,633,300
47.1599,111,172.2,0,0,0,0,1,626,295
47.2117,111,172.2,0,0,0,0,1,615,290
47.2603,111,171,0,-24.7,0,-508.408,1,608,278
47.3131,111,169.8,0,-22.727,0,37.369,1,591,261
47.3628,111,168.6,0,-24.134,0,-28.291,1,586,251
47.4121,111,168.6,0,0,0,489.806,1,575,283
47.4625,111,168.6,0,0,0,0,1,571,285
47.5117,112.2,168.6,24.379,0,495.26,0,1,542,311
47.5629,113.4,168.6,23.426,0,-18.593,0,1,528,327
47.6137,114.6,168.6,23.616,0,3.734,0,1,501,324
47.6659,115.8,168.6,23.022,0,-11.392,0,1,491,328
47.7173,117,168.6,23.321,0,5.809,0,1,490,341
47.7682,118.2,168.6,23.596,0,5.409,0,1,549,326
47.8204,119.4,168.6,22.97,0,-11.988,0,1,558,330
47.8728,120.6,168.6,22.887,0,-1.576,0,1,559,339
47.9234,120.6,168.6,0,0,-452.377,0,1,563,338
47.9725,120.6,168.6,0,0,0,0,1,658,332
48.0228,120.6,168.6,0,0,0,0,1,606,317
48.0708,120.6,168.6,0,0,0,0,1,604,321
48.1212,120.6,168.6,0,0,0,0,1,590,332
48.1701,120.6,168.6,0,0,0,0,1,576,334
48.2243,120.6,168.6,0,0,0,0,1,573,331
48.2776,120.6,168.6,0,0,0,0,1,562,329
48.3292,121.8,168.6,23.242,0,450.162,0,1,558,317
48.3815,123,168.6,22.974,0,-5.127,0,1,546,315
48.4338,124.2,168.6,22.912,0,-1.182,0,1,531,323
48.4862,125.4,168.6,22.912,0,-0.01,0,1,531,325
48.543,126.6,168.6,21.139,0,-31.237,0,1,536,332
48.5948,126.6,168.6,0,0,-407.503,0,1,569,324
48.6451,126.6,168.6,0,0,0,0,1,614,315
48.6965,126.6,168.6,0,0,0,0,1,620,315
48.7476,126.6,168.6,0,0,0,0,1,641,323
48.7986,126.6,168.6,0,0,0,0,1,646,325
48.8469,126.6,168.6,0,0,0,0,1,648,325
48.8959,126.6,168.6,0,0,0,0,1,654,328
48.9469,126.6,168.6,0,0,0,0,1,666,319
48.9962,126.6,168.6,0,0,0,0,1,673,319
49.0469,126.6,168.6,0,0,0,0,1,684,318
49.0966,126.6,168.6,0,0,0,0,1,689,320
49.1476,126.6,168.6,0,0,0,0,1,702,332
49.1987,126.6,168.6,0,0,0,0,1,710,331
49.2498,126.6,168.6,0,0,0,0,1,709,329
49.3009,126.6,168.6,0,0,0,0,1,709,315
49.3517,126.6,168.6,0,0,0,0,1,714,308
49.4025,125.4,168.6,-23.627,0,-465.196,0,1,722,312
49.4561,124.2,168.6,-22.371,0,23.411,0,1,735,313
49.5102,123,168.6,-22.182,0,3.496,0,1,764,315
49.563,121.8,168.6,-22.747,0,-10.712,0,1,772,311
49.6156,120.6,168.6,-22.8,0,-0.998,0,1,789,313
49.6655,119.4,168.6,-24.033,0,-24.706,0,1,799,306
49.7165,118.2,168.6,-23.561,0,9.279,0,1,812,304
49.7686,117,168.6,-23.04,0,9.99,0,1,741,327
49.8229,117,168.6,0,0,424.111,0,1,717,328
49.8775,117,168.6,0,0,0,0,1,696,320
49.9306,117,168.6,0,0,0,0,1,699,328
49.983,117,168.6,0,0,0,0,1,700,301
50.0339,117,167.4,0,-23.548,0,-462.071,1,713,277
50.0851,115.8,167.4,-23.431,0,-457.497,459.778,1,725,325
50.1426,114.6,167.4,-20.868,0,44.56,0,1,760,325
50.1967,113.4,167.4,-22.191,0,-24.468,0,1,767,345
50.2502,112.2,167.4,-22.453,0,-4.894,0,1,745,351
50.3024,111,167.4,-22.954,0,-9.584,0,1,761,322
50.3548,109.8,167.4,-22.938,0,0.296,0,1,777,331
50.4106,108.6,167.4,-21.493,0,25.898,0,1,787,333
50.463,107.4,167.4,-22.912,0,-27.108,0,1,768,356
50.5143,106.2,167.4,-23.381,0,-9.133,0,1,768,342
50.5668,105,167.4,-22.845,0,10.205,0,1,772,343
50.6175,103.8,167.4,-23.685,0,-16.573,0,1,781,352
50.6669,102.6,167.4,-24.264,0,-11.71,0,1,749,368
50.7178,102.6,167.4,0,0,477.248,0,1,719,368
50.7715,101.4,167.4,-22.349,0,-416.237,0,1,749,360
50.826,100.2,167.4,-21.993,0,6.519,0,1,763,359
50.8806,99,167.4,-21.977,0,0.306,0,1,761,367
50.9327,97.8,167.4,-23.03,0,-20.211,0,1,771,351
50.9849,96.6,167.4,-23.003,0,0.521,0,1,749,365
51.0366,95.4,167.4,-23.216,0,-4.134,0,1,756,372
51.0905,94.2,167.4,-22.281,0,17.376,0,1,741,371
51.1444,93,167.4,-22.239,0,0.775,0,1,728,367
51.1968,93,167.4,0,0,424.594,0,1,719,363
51.2484,91.8,167.4,-23.233,0,-449.8,0,1,726,364
51.3011,90.6,167.4,-22.772,0,8.741,0,1,725,371
51.3516,89.4,167.4,-23.758,0,-19.517,0,1,734,366
51.4008,88.2,167.4,-24.406,0,-13.177,0,1,749,367
51.4508,87,167.4,-23.99,0,8.305,0,1,760,366
51.5032,85.8,167.4,-22.914,0,20.557,0,1,769,377
51.5561,84.6,167.4,-22.7,0,4.047,0,1,737,385
51.6089,84.6,167.4,0,0,429.927,0,1,699,393
51.6605,84.6,167.4,0,0,0,0,1,692,391
51.7127,84.6,167.4,0,0,0,0,1,709,394
51.7638,84.6,167.4,0,0,0,0,1,700,397
51.8145,84.6,167.4,0,0,0,0,1,706,401
51.8651,83.4,167.4,-23.708,0,-468.379,0,1,725,405
51.9139,82.2,167.4,-24.613,0,-18.559,0,1,766,400
51.967,81,167.4,-22.564,0,38.518,0,1,795,403
52.0187,79.8,167.4,-23.249,0,-13.267,0,1,802,405
52.0694,78.6,167.4,-23.629,0,-7.488,0,1,778,402
52.1208,77.4,167.4,-23.342,0,5.591,0,1,767,398
52.1728,76.2,167.4,-23.113,0,4.398,0,1,751,418
52.2242,75,167.4,-23.323,0,-4.074,0,1,746,421
52.2784,75,167.4,0,0,430.685,0,1,718,428
52.33,75,167.4,0,0,0,0,1,713,424
52.381,73.8,167.4,-23.532,0,-461.471,0,1,730,425
52.4336,72.6,168.6,-22.78,22.78,14.273,432.455,1,754,442
52.4841,71.4,168.6,-23.794,0,-20.105,-451.703,1,772,437
52.5345,70.2,168.6,-23.818,0,-0.467,0,1,802,435
52.5864,69,168.6,-23.109,0,13.657,0,1,776,433
52.6379,67.8,168.6,-23.307,0,-3.858,0,1,747,440
52.6912,66.6,169.8,-22.493,22.493,15.265,421.608,1,755,442
52.7439,65.4,171,-22.785,22.785,-5.549,5.549,1,759,444
52.7956,64.2,172.2,-23.197,23.197,-7.953,7.953,1,731,447
52.8481,64.2,173.4,0,22.867,442.024,-6.286,1,683,456
52.9052,64.2,174.6,0,21.028,0,-32.228,1,645,460
52.9572,64.2,175.8,0,23.058,0,39.018,1,703,459
53.0089,64.2,175.8,0,0,0,-445.764,0,,
53.0551,64.2,175.8,0,0,0,0,0,,
53.1027,64.2,175.8,0,0,0,0,0,,
53.1464,64.2,175.8,0,0,0,0,0,,
53.1946,64.2,175.8,0,0,0,0,0,,
53.2402,64.2,175.8,0,0,0,0,0,,
53.2875,64.2,175.8,0,0,0,0,0,,
53.3338,64.2,175.8,0,0,0,0,0,,
53.379,64.2,175.8,0,0,0,0,0,,
53.4267,64.2,175.8,0,0,0,0,0,,
53.4719,63,175.8,-26.53,0,-586.54,0,1,833,405
53.5241,61.8,175.8,-22.99,0,67.831,0,1,860,410
53.5764,60.6,175.8,-22.942,0,0.904,0,1,867,407
53.6289,59.4,175.8,-22.883,0,1.136,0,1,864,409
53.6819,59.4,175.8,0,0,431.135,0,0,,
53.728,59.4,175.8,0,0,0,0,0,,
53.777,59.4,175.8,0,0,0,0,0,,
53.8225,59.4,175.8,0,0,0,0,0,,
53.8722,59.4,175.8,0,0,0,0,0,,
53.9217,59.4,175.8,0,0,0,0,0,,
53.9674,59.4,175.8,0,0,0,0,0,,
54.0128,59.4,175.8,0,0,0,0,0,,
54.0604,59.4,175.8,0,0,0,0,0,,
54.1065,59.4,175.8,0,0,0,0,0,,
54.1555,59.4,175.8,0,0,0,0,0,,
54.2032,59.4,175.8,0,0,0,0,0,,
54.2476,59.4,175.8,0,0,0,0,0,,
54.2955,59.4,175.8,0,0,0,0,0,,
54.3406,59.4,175.8,0,0,0,0,0,,
54.387,59.4,175.8,0,0,0,0,0,,
54.433,59.4,175.8,0,0,0,0,0,,
54.4791,59.4,175.8,0,0,0,0,0,,
54.529,59.4,175.8,0,0,0,0,0,,
54.5782,59.4,175.8,0,0,0,0,0,,
54.6252,59.4,175.8,0,0,0,0,0,,
54.6718,59.4,175.8,0,0,0,0,0,,
54.7157,59.4,175.8,0,0,0,0,0,,
54.758,59.4,175.8,0,0,0,0,0,,
54.8057,58.2,175.8,-25.162,0,-527.602,0,1,815,412
54.8587,57,175.8,-22.653,0,47.358,0,1,813,413
54.9102,55.8,175.8,-23.275,0,-12.065,0,1,803,408
54.9644,54.6,175.8,-22.15,0,20.768,0,1,765,411
55.0097,53.4,175.8,-26.467,0,-95.199,0,1,749,413
55.0564,52.2,175.8,-25.739,0,15.604,0,1,742,412
55.1045,52.2,175.8,0,0,534.861,0,1,702,425
55.154,52.2,175.8,0,0,0,0,1,662,428
55.2051,52.2,175.8,0,0,0,0,1,617,423
55.2568,52.2,175.8,0,0,0,0,1,611,420
55.306,52.2,175.8,0,0,0,0,1,602,418
55.3542,52.2,175.8,0,0,0,0,1,599,421
55.4002,52.2,175.8,0,0,0,0,0,,
55.4408,52.2,175.8,0,0,0,0,0,,
55.4811,52.2,175.8,0,0,0,0,0,,
55.5239,52.2,175.8,0,0,0,0,0,,
55.564,52.2,175.8,0,0,0,0,0,,
55.6069,52.2,175.8,0,0,0,0,0,,
55.6481,52.2,175.8,0,0,0,0,0,,
55.6915,52.2,175.8,0,0,0,0,0,,
55.7352,53.4,175.8,27.493,0,629.9,0,1,426,408
55.7825,54.6,175.8,25.348,0,-45.324,0,1,428,411
55.8311,55.8,175.8,24.682,0,-13.686,0,1,443,406
55.8799,57,175.8,24.573,0,-2.228,0,1,436,402
55.9311,57,175.8,0,0,-480.796,0,0,,
55.9751,57,175.8,0,0,0,0,0,,
56.0207,57,175.8,0,0,0,0,0,,
56.0625,58.2,175.8,28.695,0,686.163,0,1,449,386
56.112,59.4,175.8,24.259,0,-89.667,0,1,448,388
56.1611,60.6,175.8,24.411,0,3.09,0,1,434,383
56.2091,61.8,175.8,24.993,0,12.103,0,1,389,375
56.2587,63,175.8,24.233,0,-15.34,0,1,376,375
56.3077,64.2,175.8,24.47,0,4.834,0,1,430,375
56.3573,65.4,175.8,24.173,0,-5.973,0,1,447,373
56.4039,66.6,175.8,25.775,0,34.393,0,1,465,369
56.4509,67.8,175.8,25.507,0,-5.683,0,1,453,365
56.4982,69,175.8,25.411,0,-2.034,0,1,434,361
56.5472,70.2,175.8,24.446,0,-19.662,0,1,453,357
56.597,71.4,175.8,24.113,0,-6.686,0,1,472,345
56.647,72.6,175.8,24.007,0,-2.117,0,1,482,338
56.697,73.8,175.8,24.002,0,-0.119,0,1,483,339
56.7455,75,175.8,24.749,0,15.41,0,1,470,342
56.7945,76.2,175.8,24.486,0,-5.368,0,1,454,345
56.8409,77.4,175.8,25.871,0,29.863,0,1,457,341
56.8907,78.6,175.8,24.068,0,-36.165,0,1,487,337
56.9408,79.8,175.8,23.976,0,-1.833,0,1,515,328
56.9913,81,175.8,23.764,0,-4.188,0,1,515,327
57.0381,82.2,175.8,25.641,0,40.108,0,1,490,325
57.0849,83.4,175.8,25.606,0,-0.757,0,1,499,324
57.132,84.6,175.8,25.478,0,-2.722,0,1,518,309
57.1808,85.8,175.8,24.614,0,-17.718,0,1,525,304
57.2309,87,175.8,23.959,0,-13.077,0,1,524,301
57.2811,88.2,175.8,23.893,0,-1.307,0,1,507,300
57.3308,89.4,175.8,24.13,0,4.766,0,1,522,307
57.3791,90.6,175.8,24.86,0,15.113,0,1,527,310
57.4281,91.8,175.8,24.469,0,-7.968,0,1,552,308
57.4775,91.8,175.8,0,0,-496.086,0,1,563,314
57.5239,91.8,175.8,0,0,0,0,1,562,290
57.5689,93,175.8,26.68,0,593.181,0,1,536,282
57.6169,94.2,175.8,24.99,0,-35.192,0,1,524,295
57.6659,95.4,175.8,24.511,0,-9.782,0,1,493,301
57.7145,96.6,175.8,24.69,0,3.686,0,1,483,301
57.7645,97.8,175.8,23.992,0,-13.963,0,1,516,285
57.8159,99,174.6,23.348,-23.348,-12.521,-454.289,1,520,278
57.8692,100.2,174.6,22.504,0,-15.832,437.863,1,525,284
57.9168,101.4,174.6,25.211,0,56.876,0,1,520,281
57.9658,102.6,173.4,24.47,-24.47,-15.126,-498.965,1,534,275
58.0152,103.8,172.2,24.327,-24.327,-2.88,2.88,1,524,266
58.0654,103.8,171,0,-23.896,-484.448,8.586,1,562,275
58.1149,103.8,169.8,0,-24.222,0,-6.579,1,577,263
58.165,105,168.6,23.956,-23.956,478.248,5.312,1,517,247
58.2152,106.2,167.4,23.914,-23.914,-0.842,0.842,1,533,248
58.2652,107.4,167.4,23.995,0,1.614,478.172,1,497,291
58.3149,108.6,167.4,24.167,0,3.471,0,1,495,315
58.3649,109.8,167.4,24,0,-3.349,0,1,484,347
58.4149,111,167.4,23.961,0,-0.764,0,1,524,336
58.4648,112.2,167.4,24.048,0,1.741,0,1,550,336
58.5151,112.2,167.4,0,0,-479.025,0,1,571,342
58.5643,112.2,167.4,0,0,0,0,1,592,355
58.6142,112.2,167.4,0,0,0,0,1,576,357
58.6619,112.2,167.4,0,0,0,0,1,560,350
58.7072,113.4,167.4,26.478,0,584.259,0,1,551,342
58.753,114.6,167.4,26.189,0,-6.326,0,1,549,335
58.8005,115.8,167.4,25.282,0,-19.106,0,1,539,327
58.851,117,167.4,23.778,0,-29.796,0,1,535,329
58.9024,118.2,167.4,23.311,0,-9.067,0,1,536,333
58.9508,119.4,167.4,24.819,0,31.18,0,1,541,340
58.9987,120.6,167.4,25.053,0,4.885,0,1,523,350
59.0486,121.8,167.4,24.043,0,-20.233,0,1,509,350
59.0998,123,167.4,23.449,0,-11.599,0,1,553,337
59.1487,123,167.4,0,0,-479.643,0,1,583,316
59.198,123,167.4,0,0,0,0,1,610,310
59.2462,123,167.4,0,0,0,0,1,623,325
59.2946,123,167.4,0,0,0,0,1,648,335
59.3406,123,167.4,0,0,0,0,1,633,349
59.3859,123,167.4,0,0,0,0,1,627,352
59.4334,123,167.4,0,0,0,0,1,611,341
59.4828,123,167.4,0,0,0,0,1,605,327
59.5326,123,167.4,0,0,0,0,1,596,307
59.5816,123,167.4,0,0,0,0,1,597,316
59.6316,123,167.4,0,0,0,0,1,606,337
59.6797,123,167.4,0,0,0,0,1,611,340
59.7257,123,167.4,0,0,0,0,1,616,344
59.7715,123,167.4,0,0,0,0,1,616,340
59.8188,123,167.4,0,0,0,0,1,623,343
59.8664,123,167.4,0,0,0,0,1,632,326
59.9159,123,167.4,0,0,0,0,1,635,329
59.9664,123,167.4,0,0,0,0,1,640,338
60.0164,123,167.4,0,0,0,0,1,646,343
60.0668,123,167.4,0,0,0,0,1,668,351
60.1167,123,167.4,0,0,0,0,1,675,348
60.1666,123,167.4,0,0,0,0,1,685,335
60.2153,123,167.4,0,0,0,0,1,694,325
60.2628,123,167.4,0,0,0,0,1,711,318
60.3088,123,167.4,0,0,0,0,1,720,331
60.3537,121.8,167.4,-26.691,0,-593.666,0,1,727,334
60.4014,121.8,167.4,0,0,559.601,0,0,,
60.445,120.6,167.4,-27.555,0,-632.71,0,1,750,351
60.4919,119.4,167.4,-25.599,0,41.709,0,1,759,350
60.5376,118.2,167.4,-26.234,0,-13.879,0,1,809,337
60.585,117,166.2,-25.327,-25.327,19.155,-534.533,1,823,279
60.6347,115.8,166.2,-24.126,0,24.137,509.195,1,799,323
60.684,114.6,166.2,-24.348,0,-4.506,0,1,747,338
60.7329,113.4,166.2,-24.549,0,-4.116,0,1,731,341
60.7843,112.2,166.2,-23.346,0,23.41,0,1,728,348
60.8351,111,166.2,-23.619,0,-5.376,0,1,728,344
60.8843,111,166.2,0,0,480.326,0,1,714,335
60.9337,111,166.2,0,0,0,0,1,703,373
60.9836,111,166.2,0,0,0,0,1,708,361
61.0344,111,166.2,0,0,0,0,0,,
61.0783,109.8,166.2,-27.355,0,-623.603,0,1,779,361
61.127,108.6,166.2,-24.638,0,55.787,0,1,789,358
61.1728,107.4,166.2,-26.168,0,-33.362,0,1,813,355
61.2196,106.2,166.2,-25.678,0,10.485,0,1,818,352
61.2694,105,166.2,-24.097,0,31.762,0,1,840,368
61.3191,103.8,166.2,-24.143,0,-0.935,0,1,825,369
61.3691,102.6,166.2,-23.959,0,3.683,0,1,822,375
61.419,101.4,166.2,-24.084,0,-2.522,0,1,827,371
61.4681,100.2,166.2,-24.415,0,-6.719,0,1,843,366
61.5191,99,166.2,-23.531,0,17.324,0,1,862,365
61.5682,97.8,166.2,-24.461,0,-18.962,0,1,825,368
61.6182,96.6,166.2,-23.994,0,9.35,0,1,816,365
61.669,95.4,166.2,-23.594,0,7.857,0,1,805,375
61.7192,94.2,166.2,-23.929,0,-6.67,0,1,804,382
61.7693,93,166.2,-23.965,0,-0.726,0,1,819,383
61.8218,91.8,166.2,-22.823,0,21.714,0,1,816,384
61.87,90.6,166.2,-24.906,0,-43.229,0,1,819,387
61.92,89.4,166.2,-24.023,0,17.686,0,1,810,391
61.97,88.2,166.2,-23.987,0,0.714,0,1,800,395
62.0196,87,166.2,-24.205,0,-4.405,0,1,799,397
62.0703,85.8,166.2,-23.682,0,10.319,0,1,802,400
62.1195,84.6,166.2,-24.383,0,-14.232,0,1,813,402
62.1698,83.4,166.2,-23.851,0,10.562,0,1,813,427
62.2192,82.2,166.2,-24.291,0,-8.889,0,1,813,424
62.2687,81,166.2,-24.254,0,0.743,0,1,815,425
62.3185,79.8,166.2,-24.07,0,3.683,0,1,814,414
62.3687,78.6,166.2,-23.907,0,3.259,0,1,824,414
62.4192,77.4,166.2,-23.758,0,2.947,0,1,833,418
62.4702,76.2,166.2,-23.522,0,4.616,0,1,783,431
62.5193,75,166.2,-24.467,0,-19.257,0,1,777,438
62.5686,73.8,167.4,-24.312,24.312,3.125,492.58,1,775,443
62.618,72.6,167.4,-24.311,0,0.029,-492.551,1,787,439
62.6656,71.4,168.6,-25.227,25.227,-19.264,530.351,1,793,444
62.7145,70.2,169.8,-24.512,24.512,14.618,-14.618,1,801,444
62.7661,69,171,-23.273,23.273,24.022,-24.022,1,761,447
62.8154,67.8,172.2,-24.357,24.357,-22.006,22.006,1,757,451
62.8653,66.6,173.4,-24.027,24.027,6.605,-6.605,1,756,454
62.9134,65.4,174.6,-24.931,24.931,-18.775,18.775,1,791,448
62.963,64.2,175.8,-24.207,24.207,14.612,-14.612,1,767,446
63.0146,63,175.8,-23.24,0,18.716,-468.811,1,765,438
63.0662,61.8,175.8,-23.287,0,-0.908,0,1,764,418
63.1162,60.6,175.8,-23.984,0,-13.921,0,1,758,410
63.1641,59.4,175.8,-25.056,0,-22.387,0,1,762,401
63.2137,58.2,175.8,-24.208,0,17.096,0,1,754,398
63.2652,58.2,175.8,0,0,469.309,0,0,,
63.3106,58.2,175.8,0,0,0,0,0,,
63.3587,58.2,175.8,0,0,0,0,1,714,405
63.4095,57,175.8,-23.64,0,-465.725,0,1,725,410
63.4605,55.8,175.8,-23.53,0,2.163,0,1,738,409
63.5116,54.6,175.8,-23.452,0,1.534,0,1,737,412
63.5646,53.4,175.8,-22.633,0,15.442,0,1,743,413
63.6153,53.4,175.8,0,0,447.079,0,0,,
63.661,53.4,175.8,0,0,0,0,0,,
63.7083,53.4,175.8,0,0,0,0,0,,
63.7489,53.4,175.8,0,0,0,0,0,,
63.7934,53.4,175.8,0,0,0,0,0,,
63.8408,53.4,175.8,0,0,0,0,0,,
63.8849,53.4,175.8,0,0,0,0,0,,
63.9294,53.4,175.8,0,0,0,0,0,,
63.9743,53.4,175.8,0,0,0,0,0,,
64.019,53.4,175.8,0,0,0,0,0,,
64.0635,53.4,175.8,0,0,0,0,0,,
64.1114,53.4,175.8,0,0,0,0,0,,
64.1595,53.4,175.8,0,0,0,0,0,,
64.2059,53.4,175.8,0,0,0,0,0,,
64.246,53.4,175.8,0,0,0,0,0,,
64.2932,53.4,175.8,0,0,0,0,0,,
64.3391,53.4,175.8,0,0,0,0,0,,
64.3878,53.4,175.8,0,0,0,0,0,,
64.4374,53.4,175.8,0,0,0,0,0,,
64.4803,53.4,175.8,0,0,0,0,0,,
64.5271,53.4,175.8,0,0,0,0,0,,
64.5735,53.4,175.8,0,0,0,0,0,,
64.6169,53.4,175.8,0,0,0,0,0,,
64.661,53.4,175.8,0,0,0,0,0,,
64.7073,53.4,175.8,0,0,0,0,1,715,415
64.7558,53.4,175.8,0,0,0,0,1,711,421
64.806,53.4,175.8,0,0,0,0,1,709,419
64.8566,53.4,175.8,0,0,0,0,1,706,416
64.9017,53.4,175.8,0,0,0,0,1,692,413
64.9523,53.4,175.8,0,0,0,0,1,682,414
65.0016,53.4,175.8,0,0,0,0,1,670,418
65.0497,53.4,175.8,0,0,0,0,0,,
65.0964,53.4,175.8,0,0,0,0,1,647,422
65.1476,53.4,175.8,0,0,0,0,1,638,420
65.1991,53.4,175.8,0,0,0,0,1,617,415
65.2519,53.4,175.8,0,0,0,0,0,,
65.2972,53.4,175.8,0,0,0,0,0,,
65.3439,53.4,175.8,0,0,0,0,0,,
65.3906,53.4,175.8,0,0,0,0,0,,
65.4339,54.6,175.8,27.723,0,640.456,0,1,556,413
65.4814,55.8,175.8,25.277,0,-51.513,0,1,544,407
65.5363,57,175.8,21.869,0,-62.11,0,1,520,409
65.5886,58.2,175.8,22.911,0,19.9,0,1,510,406
65.64,59.4,175.8,23.365,0,8.835,0,1,509,403
65.6862,60.6,175.8,25.968,0,56.336,0,1,500,403
65.7391,61.8,175.8,22.688,0,-62.023,0,1,489,395
65.7895,61.8,175.8,0,0,-450.237,0,0,,
65.8343,61.8,175.8,0,0,0,0,0,,
65.8803,63,175.8,26.111,0,568.167,0,1,524,383
65.9318,64.2,175.8,23.299,0,-54.6,0,1,496,376
65.9861,65.4,175.8,22.104,0,-22.014,0,1,485,370
66.0389,66.6,175.8,22.728,0,11.825,0,1,474,368
66.0899,67.8,175.8,23.529,0,15.7,0,1,501,365
66.1418,69,175.8,23.096,0,-8.335,0,1,532,362
66.1909,70.2,175.8,24.476,0,28.138,0,1,534,363
66.2402,71.4,175.8,24.305,0,-3.447,0,1,507,359
66.2914,72.6,175.8,23.441,0,-16.885,0,1,517,350
66.3411,73.8,175.8,24.166,0,14.599,0,1,531,335
66.3916,75,175.8,23.744,0,-8.344,0,1,521,334
66.4451,76.2,175.8,22.429,0,-24.579,0,1,521,337
66.4964,77.4,175.8,23.417,0,19.283,0,1,507,335
66.5526,78.6,175.8,21.355,0,-36.704,0,1,521,332
66.6035,79.8,175.8,23.572,0,43.543,0,1,523,331
66.6558,81,175.8,22.948,0,-11.924,0,1,515,330
66.7066,82.2,175.8,23.583,0,12.489,0,1,486,314
66.758,83.4,175.8,23.369,0,-4.182,0,1,478,304
66.81,84.6,175.8,23.084,0,-5.48,0,1,510,303
66.8591,85.8,175.8,24.427,0,27.341,0,1,534,314
66.9082,87,175.8,24.415,0,-0.239,0,1,527,316
66.9588,88.2,175.8,23.721,0,-13.718,0,1,540,298
67.0089,89.4,175.8,23.97,0,4.958,0,1,541,293
67.0582,90.6,175.8,24.326,0,7.221,0,1,510,295
67.1102,91.8,175.8,23.109,0,-23.435,0,1,516,285
67.1595,93,175.8,24.316,0,24.469,0,1,527,287
67.2111,94.2,174.6,23.248,-23.248,-20.705,-450.374,1,511,275
67.2611,95.4,174.6,24.017,0,15.404,465.284,1,497,300
67.3124,96.6,174.6,23.369,0,-12.617,0,1,502,301
67.3635,97.8,174.6,23.498,0,2.53,0,1,520,294
67.4187,99,173.4,21.74,-21.74,-31.851,-393.871,1,512,272
67.4711,100.2,172.2,22.912,-22.912,22.363,-22.363,1,508,277
67.5239,101.4,171,22.7,-22.7,-4.011,4.011,1,516,276
67.5776,102.6,169.8,22.375,-22.375,-6.049,6.049,1,504,272
67.6276,103.8,168.6,24.004,-24.004,32.577,-32.577,1,532,279
67.6778,105,168.6,23.904,0,-1.989,478.154,1,537,286
67.7272,106.2,167.4,24.268,-24.268,7.361,-490.776,1,523,252
67.7771,107.4,167.4,24.063,0,-4.116,486.626,1,516,309
67.8267,108.6,167.4,24.162,0,2.01,0,1,491,351
67.8771,109.8,167.4,23.829,0,-6.628,0,1,480,356
67.9291,111,167.4,23.094,0,-14.136,0,1,545,352
67.9802,112.2,167.4,23.456,0,7.081,0,1,558,345
68.0325,112.2,167.4,0,0,-448.382,0,1,576,349
68.084,112.2,167.4,0,0,0,0,1,578,345
68.1396,112.2,167.4,0,0,0,0,1,572,352
68.1833,112.2,167.4,0,0,0,0,1,569,358
68.2316,113.4,167.4,24.82,0,513.364,0,1,554,353
68.2804,114.6,167.4,24.596,0,-4.594,0,1,548,351
68.3286,115.8,167.4,24.905,0,6.416,0,1,486,343
68.3784,117,167.4,24.098,0,-16.2,0,1,505,332
68.428,118.2,167.4,24.189,0,1.828,0,1,530,332
68.4779,119.4,167.4,24.045,0,-2.892,0,1,547,347
68.5274,120.6,167.4,24.229,0,3.723,0,1,532,351
68.5785,121.8,167.4,23.489,0,-14.495,0,1,517,354
68.6278,123,167.4,24.365,0,17.796,0,1,539,341
68.6789,123,167.4,0,0,-477.17,0,1,569,332
68.7297,123,167.4,0,0,0,0,1,580,310
68.7797,123,167.4,0,0,0,0,1,595,325
68.8305,123,167.4,0,0,0,0,1,599,350
68.8809,123,167.4,0,0,0,0,1,597,356
68.9324,123,167.4,0,0,0,0,1,597,357
68.9851,123,167.4,0,0,0,0,1,589,354
69.0357,123,167.4,0,0,0,0,1,587,329
69.088,123,167.4,0,0,0,0,1,588,324
69.1411,123,167.4,0,0,0,0,1,596,330
69.1916,123,167.4,0,0,0,0,0,,
69.2389,123,167.4,0,0,0,0,0,,
69.2829,123,167.4,0,0,0,0,0,,
69.3297,123,167.4,0,0,0,0,0,,
69.3764,123,167.4,0,0,0,0,0,,
69.417,123,167.4,0,0,0,0,0,,
69.4648,123,167.4,0,0,0,0,1,658,336
69.5155,123,167.4,0,0,0,0,1,671,343
69.5702,123,167.4,0,0,0,0,0,,
69.6148,123,167.4,0,0,0,0,0,,
69.6637,123,167.4,0,0,0,0,0,,
69.7108,121.8,167.4,-25.454,0,-539.904,0,1,770,336
69.7623,120.6,167.4,-23.309,0,41.652,0,1,777,330
69.8138,119.4,167.4,-23.304,0,0.105,0,1,783,324
69.8645,118.2,167.4,-23.668,0,-7.184,0,1,813,334
69.9154,117,167.4,-23.579,0,1.745,0,1,836,345
69.9674,115.8,167.4,-23.064,0,9.912,0,1,856,337
70.0221,114.6,167.4,-21.917,0,20.942,0,1,809,350
70.0754,113.4,167.4,-22.551,0,-11.92,0,1,796,335
70.1267,112.2,167.4,-23.392,0,-16.385,0,1,780,313
70.1788,111,167.4,-23.031,0,6.933,0,1,767,312
70.2286,109.8,167.4,-24.077,0,-21,0,1,792,338
70.2808,108.6,167.4,-22.991,0,20.818,0,1,802,353
70.3319,107.4,167.4,-23.468,0,-9.338,0,1,847,375
70.3843,106.2,167.4,-22.923,0,10.415,0,1,853,371
70.4345,105,167.4,-23.898,0,-19.414,0,1,882,339
70.4873,103.8,167.4,-22.744,0,21.866,0,1,873,338
70.542,102.6,167.4,-21.913,0,15.178,0,1,848,337
70.5928,101.4,167.4,-23.646,0,-34.149,0,1,884,345
70.6443,100.2,167.4,-23.307,0,6.578,0,1,896,360
70.6959,99,167.4,-23.23,0,1.485,0,1,935,365
70.7455,97.8,167.4,-24.22,0,-19.967,0,1,922,370
70.7977,96.6,167.4,-22.968,0,23.957,0,1,911,367
70.8494,95.4,167.4,-23.228,0,-5.029,0,1,925,363
70.9012,94.2,167.4,-23.152,0,1.462,0,1,953,345
70.956,93,167.4,-21.895,0,22.937,0,1,955,356
71.0108,91.8,167.4,-21.911,0,-0.299,0,1,947,384
71.0633,90.6,167.4,-22.852,0,-17.911,0,1,959,406
71.115,89.4,167.4,-23.204,0,-6.8,0,1,987,408
71.1663,88.2,167.4,-23.377,0,-3.37,0,1,949,411
71.2192,87,167.4,-22.714,0,12.535,0,1,950,389
71.2707,85.8,167.4,-23.267,0,-10.719,0,1,950,382
71.3232,84.6,167.4,-22.878,0,7.426,0,1,951,390
71.3705,83.4,167.4,-25.342,0,-52.038,0,1,936,413
71.4231,82.2,167.4,-22.83,0,47.79,0,1,941,414
71.4761,81,167.4,-22.632,0,3.723,0,1,1005,421
71.5273,79.8,167.4,-23.445,0,-15.876,0,1,986,421
71.5793,78.6,167.4,-23.087,0,6.894,0,1,999,425
71.6286,77.4,167.4,-24.329,0,-25.191,0,1,966,426
71.6802,76.2,167.4,-23.241,0,21.077,0,1,955,428
71.7298,75,167.4,-24.234,0,-20.052,0,1,945,435
71.7811,73.8,167.4,-23.37,0,16.819,0,1,937,440
71.8321,72.6,168.6,-23.537,23.537,-3.28,461.678,1,957,443
71.8856,71.4,169.8,-22.413,22.413,20.998,-20.998,1,970,442
71.9375,70.2,171,-23.153,23.153,-14.28,14.28,1,943,450
71.9905,69,172.2,-22.607,22.607,10.292,-10.292,1,941,450
72.0454,69,172.2,0,0,412.453,-412.453,0,,
72.0856,67.8,173.4,-29.792,29.792,-739.649,739.649,1,938,457
72.141,66.6,174.6,-21.663,21.663,146.752,-146.752,1,912,448
72.1948,65.4,174.6,-22.295,0,-11.746,-402.488,1,927,435
72.247,64.2,174.6,-23.022,0,-13.946,0,1,934,432
72.2982,63,174.6,-23.403,0,-7.417,0,1,921,429
72.3496,61.8,174.6,-23.357,0,0.89,0,1,910,428
72.4019,61.8,174.6,0,0,446.983,0,0,,
72.4485,60.6,174.6,-25.757,0,-552.867,0,1,874,414
72.4987,60.6,174.6,0,0,512.248,0,0,,
72.5441,59.4,174.6,-26.469,0,-583.829,0,1,895,420
72.5947,58.2,174.6,-23.716,0,54.41,0,1,860,426
72.645,58.2,174.6,0,0,471.223,0,0,,
72.6926,58.2,174.6,0,0,0,0,0,,
72.7376,58.2,174.6,0,0,0,0,0,,
72.784,58.2,174.6,0,0,0,0,0,,
72.8318,58.2,174.6,0,0,0,0,0,,
72.8785,58.2,174.6,0,0,0,0,0,,
72.9219,57,174.6,-27.635,0,-636.419,0,1,832,422
72.9739,55.8,174.6,-23.063,0,87.866,0,1,830,426
73.0252,54.6,174.6,-23.399,0,-6.546,0,1,830,426
73.0776,53.4,174.6,-22.899,0,9.554,0,1,823,422
73.1294,52.2,174.6,-23.183,0,-5.489,0,1,749,426
73.1795,51,174.6,-23.959,0,-15.493,0,1,725,427
73.2315,51,174.6,0,0,460.279,0,1,673,427
73.2808,51,174.6,0,0,0,0,1,658,427
73.3297,51,174.6,0,0,0,0,1,619,429
73.3835,51,174.6,0,0,0,0,1,606,426
73.4328,51,174.6,0,0,0,0,1,576,428
73.4826,51,174.6,0,0,0,0,0,,
73.5286,51,174.6,0,0,0,0,0,,
73.5732,52.2,174.6,26.904,0,603.199,0,1,548,433
73.6279,52.2,174.6,0,0,-491.52,0,0,,
73.6733,52.2,174.6,0,0,0,0,0,,
73.7189,53.4,174.6,26.337,0,578.021,0,1,521,429
73.7719,54.6,174.6,22.605,0,-70.295,0,1,501,428
73.8248,55.8,174.6,22.691,0,1.628,0,1,471,425
73.876,57,174.6,23.435,0,14.53,0,1,462,423
73.9276,58.2,174.6,23.266,0,-3.285,0,1,498,414
73.9794,59.4,174.6,23.161,0,-2.017,0,1,491,412
74.0311,60.6,174.6,23.2,0,0.739,0,1,483,406
74.0807,61.8,174.6,24.237,0,20.95,0,1,479,403
74.1307,63,174.6,23.958,0,-5.558,0,1,474,393
74.1799,64.2,174.6,24.393,0,8.825,0,1,480,391
74.2315,65.4,174.6,23.282,0,-21.54,0,1,488,387
74.281,66.6,174.6,24.233,0,19.206,0,1,494,376
74.3307,67.8,174.6,24.163,0,-1.427,0,1,465,361
74.3802,69,174.6,24.244,0,1.651,0,1,453,361
74.4314,70.2,174.6,23.395,0,-16.555,0,1,486,357
74.4814,71.4,174.6,24.043,0,12.99,0,1,482,362
74.5309,72.6,174.6,24.225,0,3.673,0,1,479,359
74.5832,73.8,174.6,22.938,0,-24.6,0,1,475,356
74.6343,75,174.6,23.465,0,10.286,0,1,449,342
74.6871,76.2,174.6,22.768,0,-13.217,0,1,439,342
74.7419,77.4,174.6,21.875,0,-16.281,0,1,397,337
74.7944,78.6,174.6,22.876,0,19.08,0,1,459,328
74.8456,79.8,174.6,23.439,0,11.008,0,1,456,322
74.8966,81,174.6,23.521,0,1.61,0,1,418,324
74.9481,82.2,174.6,23.296,0,-4.377,0,1,398,328
74.9981,83.4,174.6,24.007,0,14.227,0,1,417,308
75.0476,84.6,174.6,24.227,0,4.447,0,1,423,307
75.0996,85.8,174.6,23.092,0,-21.855,0,1,395,303
75.1506,87,174.6,23.512,0,8.239,0,1,378,304
75.2018,88.2,174.6,23.434,0,-1.526,0,1,335,305
75.2549,89.4,174.6,22.615,0,-15.439,0,1,374,302
75.3057,90.6,174.6,23.611,0,19.609,0,1,366,305
75.3567,91.8,174.6,23.533,0,-1.535,0,1,333,302
75.4102,93,174.6,22.443,0,-20.381,0,1,344,295
75.4613,94.2,173.4,23.486,-23.486,20.415,-459.668,1,332,274
75.5132,95.4,173.4,23.099,0,-7.449,452.095,1,319,287
75.5653,96.6,173.4,23.033,0,-1.28,0,1,300,296
75.6154,97.8,173.4,23.975,0,18.822,0,1,333,284
75.6658,99,173.4,23.789,0,-3.682,0,1,334,296
75.7176,100.2,173.4,23.167,0,-12.013,0,1,336,292
75.7688,101.4,173.4,23.427,0,5.084,0,1,328,297
75.8219,102.6,173.4,22.631,0,-15.007,0,1,325,297
75.8736,103.8,173.4,23.192,0,10.843,0,1,330,284
75.926,105,172.2,22.878,-22.878,-5.989,-436.178,1,339,274
75.9763,106.2,171,23.868,-23.868,19.691,-19.691,1,337,273
76.0294,107.4,171,22.626,0,-23.427,450.03,1,340,291
76.0814,108.6,171,23.06,0,8.349,0,1,329,294
76.1326,109.8,171,23.42,0,7.015,0,1,370,290
76.1841,111,171,23.305,0,-2.226,0,1,337,300
76.2351,112.2,171,23.526,0,4.324,0,1,352,298
76.2868,113.4,171,23.249,0,-5.362,0,1,365,293
76.3403,114.6,171,22.428,0,-15.341,0,1,361,293
76.3928,115.8,171,22.847,0,7.984,0,1,356,296
76.4471,117,171,22.101,0,-13.752,0,1,369,295
76.498,118.2,171,23.583,0,29.123,0,1,407,289
76.5495,119.4,171,23.262,0,-6.208,0,1,425,288
76.6004,120.6,171,23.576,0,6.157,0,1,421,300
76.6505,121.8,171,23.98,0,8.078,0,1,420,305
76.7004,123,171,24.043,0,1.265,0,1,456,297
76.751,124.2,171,23.701,0,-6.762,0,1,489,290
76.802,125.4,171,23.55,0,-2.96,0,1,521,281
76.8548,125.4,169.8,0,-22.714,-445.769,-429.952,1,566,275
76.9075,125.4,169.8,0,0,0,430.736,1,579,289
76.9604,125.4,169.8,0,0,0,0,1,589,307
77.0144,125.4,169.8,0,0,0,0,1,593,313
77.065,125.4,169.8,0,0,0,0,0,,
77.1124,125.4,169.8,0,0,0,0,0,,
77.1581,125.4,169.8,0,0,0,0,1,615,313
77.2105,125.4,169.8,0,0,0,0,1,618,319
77.2622,125.4,169.8,0,0,0,0,0,,
77.3104,125.4,169.8,0,0,0,0,1,654,325
77.3657,125.4,169.8,0,0,0,0,0,,
77.4127,125.4,169.8,0,0,0,0,0,,
77.4593,125.4,169.8,0,0,0,0,0,,
77.5062,125.4,169.8,0,0,0,0,0,,
77.5531,125.4,169.8,0,0,0,0,0,,
77.6012,125.4,169.8,0,0,0,0,0,,
77.6489,125.4,169.8,0,0,0,0,0,,
77.6965,125.4,169.8,0,0,0,0,0,,
77.7428,124.2,169.8,-25.945,0,-560.95,0,1,826,325
77.7965,123,169.8,-22.357,0,66.842,0,1,836,323
77.849,121.8,169.8,-22.855,0,-9.488,0,1,866,284
77.9013,120.6,169.8,-22.932,0,-1.469,0,1,878,292
77.9534,119.4,169.8,-23.013,0,-1.55,0,1,898,291
78.0071,118.2,169.8,-22.367,0,12.045,0,1,929,290
78.0588,117,169.8,-23.217,0,-16.444,0,1,895,312
78.1127,115.8,169.8,-22.26,0,17.754,0,1,966,294
78.1655,115.8,169.8,0,0,421.698,0,0,,
78.211,114.6,169.8,-26.357,0,-578.899,0,1,952,319
78.2651,113.4,169.8,-22.198,0,76.932,0,1,971,290
78.3162,112.2,169.8,-23.462,0,-24.719,0,1,991,294
78.3689,111,169.8,-22.774,0,13.067,0,1,1008,303
78.4205,109.8,169.8,-23.279,0,-9.8,0,1,1066,310
78.4757,108.6,169.8,-21.73,0,28.047,0,1,1074,328
78.5301,107.4,169.8,-22.061,0,-6.094,0,1,1089,316
78.5822,106.2,169.8,-23.025,0,-18.481,0,1,1096,303
78.6337,105,169.8,-23.29,0,-5.142,0,1,1128,287
78.6859,103.8,169.8,-23.008,0,5.395,0,1,1121,287
78.7372,102.6,169.8,-23.397,0,-7.591,0,1,1118,309
78.7907,101.4,169.8,-22.419,0,18.286,0,1,1186,322
78.8424,101.4,169.8,0,0,433.723,0,0,,
78.8891,100.2,169.8,-25.698,0,-550.33,0,1,1186,312
78.9415,99,169.8,-22.89,0,53.569,0,1,1183,339
78.9945,97.8,169.8,-22.62,0,5.09,0,1,1189,337
79.0473,96.6,169.8,-22.735,0,-2.191,0,1,1188,327
79.0972,95.4,169.8,-24.067,0,-26.712,0,1,1182,355
79.1475,94.2,169.8,-23.851,0,4.291,0,1,1182,356
79.2,94.2,169.8,0,0,454.518,0,0,,
79.2484,94.2,169.8,0,0,0,0,0,,
79.2946,94.2,169.8,0,0,0,0,0,,
79.3434,94.2,169.8,0,0,0,0,0,,
79.3904,94.2,169.8,0,0,0,0,0,,
79.4375,94.2,169.8,0,0,0,0,0,,
79.4853,94.2,169.8,0,0,0,0,0,,
79.5318,94.2,169.8,0,0,0,0,0,,
79.577,94.2,169.8,0,0,0,0,0,,
79.6235,94.2,169.8,0,0,0,0,0,,
79.671,94.2,169.8,0,0,0,0,0,,
79.7189,94.2,169.8,0,0,0,0,0,,
79.7639,94.2,169.8,0,0,0,0,0,,
79.8096,94.2,169.8,0,0,0,0,0,,
79.8561,94.2,169.8,0,0,0,0,0,,
79.904,94.2,169.8,0,0,0,0,0,,
79.9518,94.2,169.8,0,0,0,0,0,,
79.9985,94.2,169.8,0,0,0,0,0,,
80.0476,94.2,169.8,0,0,0,0,0,,
80.0942,94.2,169.8,0,0,0,0,0,,
80.1408,94.2,169.8,0,0,0,0,0,,
80.1885,94.2,169.8,0,0,0,0,0,,
80.2367,94.2,169.8,0,0,0,0,0,,
80.2835,94.2,169.8,0,0,0,0,0,,
80.3313,94.2,169.8,0,0,0,0,0,,
80.3765,94.2,169.8,0,0,0,0,0,,
80.4224,94.2,169.8,0,0,0,0,0,,
80.4706,94.2,169.8,0,0,0,0,0,,
80.5189,94.2,169.8,0,0,0,0,0,,
80.5661,94.2,169.8,0,0,0,0,0,,
80.6126,94.2,169.8,0,0,0,0,0,,
80.6602,94.2,169.8,0,0,0,0,0,,
80.706,94.2,169.8,0,0,0,0,0,,
80.7552,94.2,169.8,0,0,0,0,0,,
80.804,94.2,169.8,0,0,0,0,0,,
80.8497,94.2,169.8,0,0,0,0,0,,
80.8955,94.2,169.8,0,0,0,0,0,,
80.9437,94.2,169.8,0,0,0,0,0,,
80.991,94.2,169.8,0,0,0,0,0,,
81.0387,94.2,169.8,0,0,0,0,0,,
81.0872,94.2,169.8,0,0,0,0,0,,
81.1323,94.2,169.8,0,0,0,0,0,,
81.178,94.2,169.8,0,0,0,0,0,,
81.226,94.2,169.8,0,0,0,0,0,,
81.2743,94.2,169.8,0,0,0,0,0,,
81.3242,94.2,169.8,0,0,0,0,0,,
81.3724,94.2,169.8,0,0,0,0,0,,
81.4232,94.2,169.8,0,0,0,0,0,,
81.4731,94.2,169.8,0,0,0,0,0,,
81.5236,94.2,169.8,0,0,0,0,0,,
81.5743,94.2,169.8,0,0,0,0,0,,
81.623,94.2,169.8,0,0,0,0,0,,
81.6721,94.2,169.8,0,0,0,0,0,,
81.7199,94.2,169.8,0,0,0,0,0,,
81.7617,94.2,169.8,0,0,0,0,0,,
81.8082,94.2,169.8,0,0,0,0,0,,
81.855,94.2,169.8,0,0,0,0,0,,
81.9006,94.2,169.8,0,0,0,0,0,,
81.9462,94.2,169.8,0,0,0,0,0,,
81.9939,94.2,169.8,0,0,0,0,0,,
82.0401,94.2,169.8,0,0,0,0,0,,
82.0877,94.2,169.8,0,0,0,0,0,,
82.1317,94.2,169.8,0,0,0,0,0,,
82.1752,94.2,169.8,0,0,0,0,0,,
82.2233,94.2,169.8,0,0,0,0,0,,
82.2694,94.2,169.8,0,0,0,0,0,,
82.3138,94.2,169.8,0,0,0,0,0,,
82.362,94.2,169.8,0,0,0,0,0,,
82.4082,94.2,169.8,0,0,0,0,0,,
82.4562,94.2,169.8,0,0,0,0,0,,
82.5037,94.2,169.8,0,0,0,0,0,,
82.5545,94.2,169.8,0,0,0,0,0,,
82.5958,94.2,169.8,0,0,0,0,0,,
82.6414,94.2,169.8,0,0,0,0,0,,
82.6889,94.2,169.8,0,0,0,0,0,,
82.7346,94.2,169.8,0,0,0,0,0,,
82.7804,94.2,169.8,0,0,0,0,0,,
82.8258,94.2,169.8,0,0,0,0,0,,
82.8724,94.2,169.8,0,0,0,0,0,,
82.9174,94.2,169.8,0,0,0,0,0,,
82.9644,94.2,169.8,0,0,0,0,0,,
83.0044,94.2,169.8,0,0,0,0,0,,
83.0484,94.2,169.8,0,0,0,0,0,,
83.0914,94.2,169.8,0,0,0,0,0,,
83.1353,94.2,169.8,0,0,0,0,0,,
83.1811,94.2,169.8,0,0,0,0,0,,
83.2211,94.2,169.8,0,0,0,0,0,,
83.2677,94.2,169.8,0,0,0,0,0,,
83.3131,94.2,169.8,0,0,0,0,0,,
83.3528,94.2,169.8,0,0,0,0,0,,
83.3989,94.2,169.8,0,0,0,0,0,,
83.4425,94.2,169.8,0,0,0,0,0,,
83.4867,94.2,169.8,0,0,0,0,0,,
83.5327,94.2,169.8,0,0,0,0,0,,
83.5795,94.2,169.8,0,0,0,0,0,,
83.6193,94.2,169.8,0,0,0,0,0,,
83.6655,94.2,169.8,0,0,0,0,0,,
83.7093,94.2,169.8,0,0,0,0,0,,
83.753,94.2,169.8,0,0,0,0,0,,
83.799,94.2,169.8,0,0,0,0,0,,
83.8411,94.2,169.8,0,0,0,0,0,,
83.887,94.2,169.8,0,0,0,0,0,,
83.9333,94.2,169.8,0,0,0,0,0,,
83.9798,94.2,169.8,0,0,0,0,0,,
84.0197,94.2,169.8,0,0,0,0,0,,
84.0663,94.2,169.8,0,0,0,0,0,,
84.1098,94.2,169.8,0,0,0,0,0,,
84.1539,94.2,169.8,0,0,0,0,0,,
84.2,94.2,169.8,0,0,0,0,0,,
84.2516,94.2,169.8,0,0,0,0,0,,
84.2975,94.2,169.8,0,0,0,0,0,,
84.3389,94.2,169.8,0,0,0,0,0,,
84.3852,94.2,169.8,0,0,0,0,0,,
84.431,94.2,169.8,0,0,0,0,0,,
84.4709,94.2,169.8,0,0,0,0,0,,
84.5166,94.2,169.8,0,0,0,0,0,,
84.5599,94.2,169.8,0,0,0,0,0,,
84.604,94.2,169.8,0,0,0,0,0,,
84.6502,94.2,169.8,0,0,0,0,0,,
84.697,94.2,169.8,0,0,0,0,0,,
84.7384,94.2,169.8,0,0,0,0,0,,
84.7837,94.2,169.8,0,0,0,0,0,,
84.8263,94.2,169.8,0,0,0,0,0,,
84.8695,94.2,169.8,0,0,0,0,0,,
84.9162,94.2,169.8,0,0,0,0,0,,
84.958,94.2,169.8,0,0,0,0,0,,
85.0022,94.2,169.8,0,0,0,0,0,,
85.0481,94.2,169.8,0,0,0,0,0,,
85.0884,94.2,169.8,0,0,0,0,0,,
85.1341,94.2,169.8,0,0,0,0,0,,
85.1805,94.2,169.8,0,0,0,0,0,,
85.2206,94.2,169.8,0,0,0,0,0,,
85.2661,94.2,169.8,0,0,0,0,0,,
85.3076,94.2,169.8,0,0,0,0,0,,
85.3538,94.2,169.8,0,0,0,0,0,,
85.3999,94.2,169.8,0,0,0,0,0,,
85.442,94.2,169.8,0,0,0,0,0,,
85.4873,94.2,169.8,0,0,0,0,0,,
85.5332,94.2,169.8,0,0,0,0,0,,
85.5818,94.2,169.8,0,0,0,0,0,,
85.6231,94.2,169.8,0,0,0,0,0,,
85.669,94.2,169.8,0,0,0,0,0,,
85.7151,94.2,169.8,0,0,0,0,0,,
85.7582,94.2,169.8,0,0,0,0,0,,
85.8048,94.2,169.8,0,0,0,0,0,,
85.8513,94.2,169.8,0,0,0,0,0,,
85.8976,94.2,169.8,0,0,0,0,0,,
85.9387,94.2,169.8,0,0,0,0,0,,
85.9855,94.2,169.8,0,0,0,0,0,,
86.0327,94.2,169.8,0,0,0,0,0,,
86.0744,94.2,169.8,0,0,0,0,0,,
86.121,94.2,169.8,0,0,0,0,0,,
86.167,94.2,169.8,0,0,0,0,0,,
86.2156,94.2,169.8,0,0,0,0,0,,
86.2577,94.2,169.8,0,0,0,0,0,,
86.3031,94.2,169.8,0,0,0,0,0,,
86.3491,94.2,169.8,0,0,0,0,0,,
86.3894,94.2,169.8,0,0,0,0,0,,
86.4504,94.2,169.8,0,0,0,0,0,,
86.5078,94.2,169.8,0,0,0,0,0,,
86.5553,94.2,169.8,0,0,0,0,0,,
86.5991,94.2,169.8,0,0,0,0,0,,
86.6435,94.2,169.8,0,0,0,0,0,,
86.6897,94.2,169.8,0,0,0,0,0,,
86.7321,94.2,169.8,0,0,0,0,0,,
86.7753,94.2,169.8,0,0,0,0,0,,
86.82,94.2,169.8,0,0,0,0,0,,
86.8663,94.2,169.8,0,0,0,0,0,,
86.909,94.2,169.8,0,0,0,0,0,,
86.9538,94.2,169.8,0,0,0,0,0,,
86.9992,94.2,169.8,0,0,0,0,0,,
87.044,94.2,169.8,0,0,0,0,0,,
87.091,94.2,169.8,0,0,0,0,0,,
87.1365,94.2,169.8,0,0,0,0,0,,
87.182,94.2,169.8,0,0,0,0,0,,
87.2266,94.2,169.8,0,0,0,0,0,,
87.2735,94.2,169.8,0,0,0,0,0,,
87.3175,94.2,169.8,0,0,0,0,0,,
87.359,94.2,169.8,0,0,0,0,0,,
87.4,94.2,169.8,0,0,0,0,0,,
87.4434,94.2,169.8,0,0,0,0,0,,
87.4878,94.2,169.8,0,0,0,0,0,,
87.5291,94.2,169.8,0,0,0,0,0,,
87.575,94.2,169.8,0,0,0,0,0,,
87.6171,94.2,169.8,0,0,0,0,0,,
87.6597,94.2,169.8,0,0,0,0,0,,
87.7029,94.2,169.8,0,0,0,0,0,,
87.744,94.2,169.8,0,0,0,0,0,,
87.7886,94.2,169.8,0,0,0,0,0,,
87.829,94.2,169.8,0,0,0,0,0,,
