t,pan_deg,tilt_deg,pan_vel_deg_s,tilt_vel_deg_s,pan_acc_deg_s2,tilt_acc_deg_s2,human,cx,cy
0.0025,135.000,135.000,0.000,0.000,0.000,0.000,0,,
2.9174,135.000,135.000,0.000,0.000,0.000,0.000,0,,
2.9647,135.000,135.000,0.000,0.000,0.000,0.000,0,,
3.0169,135.000,135.000,0.000,0.000,0.000,0.000,0,,
3.0654,135.000,135.000,0.000,0.000,0.000,0.000,0,,
3.1278,135.000,135.000,0.000,0.000,0.000,0.000,0,,
3.1744,135.000,135.000,0.000,0.000,0.000,0.000,0,,
3.2364,135.000,135.000,0.000,0.000,0.000,0.000,0,,
3.2928,135.000,135.000,0.000,0.000,0.000,0.000,0,,
3.3329,135.000,135.000,0.000,0.000,0.000,0.000,0,,
3.3772,135.000,135.000,0.000,0.000,0.000,0.000,0,,
3.4257,135.000,135.000,0.000,0.000,0.000,0.000,0,,
3.4675,135.000,135.000,0.000,0.000,0.000,0.000,0,,
3.5106,135.000,135.000,0.000,0.000,0.000,0.000,0,,
3.5595,135.000,135.000,0.000,0.000,0.000,0.000,0,,
3.6001,135.000,135.000,0.000,0.000,0.000,0.000,0,,
3.6478,135.000,135.000,0.000,0.000,0.000,0.000,0,,
3.6964,135.000,135.000,0.000,0.000,0.000,0.000,0,,
3.7428,135.000,135.000,0.000,0.000,0.000,0.000,0,,
3.7844,135.000,135.000,0.000,0.000,0.000,0.000,0,,
3.8343,135.000,135.000,0.000,0.000,0.000,0.000,0,,
3.8816,135.000,135.000,0.000,0.000,0.000,0.000,0,,
3.9281,135.000,135.000,0.000,0.000,0.000,0.000,0,,
3.9744,135.000,135.000,0.000,0.000,0.000,0.000,0,,
4.0159,135.000,135.000,0.000,0.000,0.000,0.000,0,,
4.0670,135.000,135.000,0.000,0.000,0.000,0.000,0,,
4.1126,135.000,135.000,0.000,0.000,0.000,0.000,0,,
4.1586,135.000,135.000,0.000,0.000,0.000,0.000,0,,
4.1997,135.000,135.000,0.000,0.000,0.000,0.000,0,,
4.2492,135.000,135.000,0.000,0.000,0.000,0.000,0,,
4.2956,135.000,135.000,0.000,0.000,0.000,0.000,0,,
4.3419,135.000,135.000,0.000,0.000,0.000,0.000,0,,
4.3840,135.000,135.000,0.000,0.000,0.000,0.000,0,,
4.4310,135.000,135.000,0.000,0.000,0.000,0.000,0,,
4.4773,135.000,135.000,0.000,0.000,0.000,0.000,0,,
4.5253,135.000,135.000,0.000,0.000,0.000,0.000,0,,
4.5668,135.000,135.000,0.000,0.000,0.000,0.000,0,,
4.6139,135.000,135.000,0.000,0.000,0.000,0.000,0,,
4.6618,135.000,135.000,0.000,0.000,0.000,0.000,0,,
4.7082,135.000,135.000,0.000,0.000,0.000,0.000,0,,
4.7498,135.000,135.000,0.000,0.000,0.000,0.000,0,,
4.8000,135.000,135.000,0.000,0.000,0.000,0.000,0,,
4.8482,135.000,135.000,0.000,0.000,0.000,0.000,0,,
4.8943,135.000,135.000,0.000,0.000,0.000,0.000,0,,
4.9386,135.000,135.000,0.000,0.000,0.000,0.000,0,,
4.9823,135.000,135.000,0.000,0.000,0.000,0.000,0,,
5.0290,135.000,135.000,0.000,0.000,0.000,0.000,0,,
5.0778,135.000,135.000,0.000,0.000,0.000,0.000,0,,
5.1181,135.000,135.000,0.000,0.000,0.000,0.000,0,,
5.1653,135.000,135.000,0.000,0.000,0.000,0.000,0,,
5.2134,135.000,135.000,0.000,0.000,0.000,0.000,0,,
5.2620,135.000,135.000,0.000,0.000,0.000,0.000,0,,
5.3094,135.000,135.000,0.000,0.000,0.000,0.000,0,,
5.3568,135.000,135.000,0.000,0.000,0.000,0.000,0,,
5.4018,135.000,135.000,0.000,0.000,0.000,0.000,0,,
5.4499,135.000,135.000,0.000,0.000,0.000,0.000,0,,
5.5005,135.000,135.000,0.000,0.000,0.000,0.000,0,,
5.5827,135.000,135.000,0.000,0.000,0.000,0.000,0,,
5.6313,135.000,135.000,0.000,0.000,0.000,0.000,0,,
5.6776,135.000,135.000,0.000,0.000,0.000,0.000,0,,
5.7270,135.000,135.000,0.000,0.000,0.000,0.000,0,,
5.7684,135.000,135.000,0.000,0.000,0.000,0.000,0,,
5.8155,135.000,135.000,0.000,0.000,0.000,0.000,0,,
5.8623,135.000,135.000,0.000,0.000,0.000,0.000,0,,
5.9086,135.000,135.000,0.000,0.000,0.000,0.000,0,,
5.9518,135.000,135.000,0.000,0.000,0.000,0.000,0,,
5.9986,135.000,135.000,0.000,0.000,0.000,0.000,0,,
6.0446,135.000,135.000,0.000,0.000,0.000,0.000,0,,
6.0863,135.000,135.000,0.000,0.000,0.000,0.000,0,,
6.1354,135.000,135.000,0.000,0.000,0.000,0.000,0,,
6.1827,135.000,135.000,0.000,0.000,0.000,0.000,0,,
6.2301,135.000,135.000,0.000,0.000,0.000,0.000,0,,
6.2767,135.000,135.000,0.000,0.000,0.000,0.000,0,,
6.3188,135.000,135.000,0.000,0.000,0.000,0.000,0,,
6.3631,135.000,135.000,0.000,0.000,0.000,0.000,0,,
6.4103,135.000,135.000,0.000,0.000,0.000,0.000,0,,
6.4521,135.000,135.000,0.000,0.000,0.000,0.000,0,,
6.4992,135.000,135.000,0.000,0.000,0.000,0.000,0,,
6.5466,135.000,135.000,0.000,0.000,0.000,0.000,0,,
6.5940,135.000,135.000,0.000,0.000,0.000,0.000,0,,
6.6405,135.000,135.000,0.000,0.000,0.000,0.000,0,,
6.6842,135.000,135.000,0.000,0.000,0.000,0.000,0,,
6.7300,135.000,135.000,0.000,0.000,0.000,0.000,0,,
6.7761,135.000,135.000,0.000,0.000,0.000,0.000,0,,
6.8195,135.000,135.000,0.000,0.000,0.000,0.000,0,,
6.8664,135.000,135.000,0.000,0.000,0.000,0.000,0,,
6.9139,135.000,135.000,0.000,0.000,0.000,0.000,0,,
6.9601,135.000,135.000,0.000,0.000,0.000,0.000,0,,
7.0017,135.000,135.000,0.000,0.000,0.000,0.000,0,,
7.0460,135.000,135.000,0.000,0.000,0.000,0.000,0,,
7.0958,135.000,135.000,0.000,0.000,0.000,0.000,0,,
7.1377,135.000,135.000,0.000,0.000,0.000,0.000,0,,
7.1824,135.000,135.000,0.000,0.000,0.000,0.000,0,,
7.2286,135.000,135.000,0.000,0.000,0.000,0.000,0,,
7.2686,135.000,135.000,0.000,0.000,0.000,0.000,0,,
7.3155,135.000,135.000,0.000,0.000,0.000,0.000,0,,
7.3614,135.000,135.000,0.000,0.000,0.000,0.000,0,,
7.4031,135.000,135.000,0.000,0.000,0.000,0.000,0,,
7.4502,135.000,135.000,0.000,0.000,0.000,0.000,0,,
7.4961,135.000,135.000,0.000,0.000,0.000,0.000,0,,
7.5397,135.000,135.000,0.000,0.000,0.000,0.000,0,,
7.5841,135.000,135.000,0.000,0.000,0.000,0.000,0,,
7.6301,135.000,135.000,0.000,0.000,0.000,0.000,0,,
7.6701,135.000,135.000,0.000,0.000,0.000,0.000,0,,
7.7161,135.000,135.000,0.000,0.000,0.000,0.000,0,,
7.7623,135.000,135.000,0.000,0.000,0.000,0.000,0,,
7.8044,135.000,135.000,0.000,0.000,0.000,0.000,0,,
7.8511,135.000,135.000,0.000,0.000,0.000,0.000,0,,
7.8998,135.000,135.000,0.000,0.000,0.000,0.000,0,,
7.9458,135.000,135.000,0.000,0.000,0.000,0.000,0,,
7.9858,135.000,135.000,0.000,0.000,0.000,0.000,0,,
8.0325,135.000,135.000,0.000,0.000,0.000,0.000,0,,
8.0785,135.000,135.000,0.000,0.000,0.000,0.000,0,,
8.1201,135.000,135.000,0.000,0.000,0.000,0.000,0,,
8.1668,135.000,135.000,0.000,0.000,0.000,0.000,0,,
8.2125,135.000,135.000,0.000,0.000,0.000,0.000,0,,
8.2523,135.000,135.000,0.000,0.000,0.000,0.000,0,,
8.2985,135.000,135.000,0.000,0.000,0.000,0.000,0,,
8.3443,135.000,135.000,0.000,0.000,0.000,0.000,0,,
8.3871,135.000,135.000,0.000,0.000,0.000,0.000,0,,
8.4366,135.000,135.000,0.000,0.000,0.000,0.000,0,,
8.4846,135.000,135.000,0.000,0.000,0.000,0.000,0,,
8.5335,135.000,135.000,0.000,0.000,0.000,0.000,0,,
8.5795,135.000,135.000,0.000,0.000,0.000,0.000,0,,
8.6196,135.000,135.000,0.000,0.000,0.000,0.000,0,,
8.6696,135.000,135.000,0.000,0.000,0.000,0.000,0,,
8.7162,135.000,135.000,0.000,0.000,0.000,0.000,0,,
8.7624,135.000,135.000,0.000,0.000,0.000,0.000,0,,
8.8025,135.000,135.000,0.000,0.000,0.000,0.000,0,,
8.8484,135.000,135.000,0.000,0.000,0.000,0.000,0,,
8.8938,135.000,135.000,0.000,0.000,0.000,0.000,0,,
8.9374,135.000,135.000,0.000,0.000,0.000,0.000,0,,
8.9844,135.000,135.000,0.000,0.000,0.000,0.000,0,,
9.0308,135.000,135.000,0.000,0.000,0.000,0.000,0,,
9.0737,135.000,135.000,0.000,0.000,0.000,0.000,0,,
9.1194,135.000,135.000,0.000,0.000,0.000,0.000,0,,
9.1669,135.000,135.000,0.000,0.000,0.000,0.000,0,,
9.2168,135.000,135.000,0.000,0.000,0.000,0.000,0,,
9.2660,135.000,135.000,0.000,0.000,0.000,0.000,0,,
9.3133,135.000,135.000,0.000,0.000,0.000,0.000,0,,
9.3588,135.000,135.000,0.000,0.000,0.000,0.000,0,,
9.4060,135.000,135.000,0.000,0.000,0.000,0.000,0,,
9.4502,135.000,135.000,0.000,0.000,0.000,0.000,0,,
9.4963,135.000,135.000,0.000,0.000,0.000,0.000,0,,
9.5372,135.000,135.000,0.000,0.000,0.000,0.000,0,,
9.5837,135.000,135.000,0.000,0.000,0.000,0.000,0,,
9.6297,135.000,135.000,0.000,0.000,0.000,0.000,0,,
9.6712,135.000,135.000,0.000,0.000,0.000,0.000,0,,
9.7185,135.000,135.000,0.000,0.000,0.000,0.000,0,,
9.7646,135.000,135.000,0.000,0.000,0.000,0.000,0,,
9.8059,135.000,135.000,0.000,0.000,0.000,0.000,0,,
9.8520,135.000,135.000,0.000,0.000,0.000,0.000,0,,
9.8985,135.000,135.000,0.000,0.000,0.000,0.000,0,,
9.9408,135.000,135.000,0.000,0.000,0.000,0.000,0,,
9.9858,135.000,135.000,0.000,0.000,0.000,0.000,0,,
10.0340,135.000,135.000,0.000,0.000,0.000,0.000,0,,
10.0806,135.000,135.000,0.000,0.000,0.000,0.000,0,,
10.1208,135.000,135.000,0.000,0.000,0.000,0.000,0,,
10.1687,135.000,135.000,0.000,0.000,0.000,0.000,0,,
10.2148,135.000,135.000,0.000,0.000,0.000,0.000,0,,
10.2549,135.000,135.000,0.000,0.000,0.000,0.000,0,,
10.3026,135.000,135.000,0.000,0.000,0.000,0.000,0,,
10.3488,135.000,135.000,0.000,0.000,0.000,0.000,0,,
10.3887,135.000,135.000,0.000,0.000,0.000,0.000,0,,
10.4358,135.000,135.000,0.000,0.000,0.000,0.000,0,,
10.4821,135.000,135.000,0.000,0.000,0.000,0.000,0,,
10.5244,135.000,135.000,0.000,0.000,0.000,0.000,0,,
10.5675,135.000,135.000,0.000,0.000,0.000,0.000,0,,
10.6146,135.000,135.000,0.000,0.000,0.000,0.000,0,,
10.6562,135.000,135.000,0.000,0.000,0.000,0.000,0,,
10.7006,135.000,135.000,0.000,0.000,0.000,0.000,0,,
10.7473,135.000,135.000,0.000,0.000,0.000,0.000,0,,
10.7874,135.000,135.000,0.000,0.000,0.000,0.000,0,,
10.8281,135.000,135.000,0.000,0.000,0.000,0.000,0,,
10.8693,135.000,135.000,0.000,0.000,0.000,0.000,0,,
10.9155,135.000,135.000,0.000,0.000,0.000,0.000,0,,
10.9592,135.000,135.000,0.000,0.000,0.000,0.000,0,,
11.0065,135.000,135.000,0.000,0.000,0.000,0.000,0,,
11.0552,135.000,135.000,0.000,0.000,0.000,0.000,0,,
11.1018,135.000,135.000,0.000,0.000,0.000,0.000,0,,
11.1448,135.000,135.000,0.000,0.000,0.000,0.000,0,,
11.1910,135.000,135.000,0.000,0.000,0.000,0.000,0,,
11.2381,135.000,135.000,0.000,0.000,0.000,0.000,0,,
11.2846,135.000,135.000,0.000,0.000,0.000,0.000,0,,
11.3243,135.000,135.000,0.000,0.000,0.000,0.000,0,,
11.3716,135.000,135.000,0.000,0.000,0.000,0.000,0,,
11.4187,135.000,135.000,0.000,0.000,0.000,0.000,0,,
11.4656,135.000,135.000,0.000,0.000,0.000,0.000,0,,
11.5118,135.000,135.000,0.000,0.000,0.000,0.000,0,,
11.5589,135.000,135.000,0.000,0.000,0.000,0.000,0,,
11.6074,135.000,135.000,0.000,0.000,0.000,0.000,0,,
11.6561,135.000,135.000,0.000,0.000,0.000,0.000,0,,
11.7041,135.000,135.000,0.000,0.000,0.000,0.000,0,,
11.7507,135.000,135.000,0.000,0.000,0.000,0.000,0,,
11.7964,135.000,135.000,0.000,0.000,0.000,0.000,0,,
11.8417,135.000,135.000,0.000,0.000,0.000,0.000,0,,
11.8897,135.000,135.000,0.000,0.000,0.000,0.000,0,,
11.9376,135.000,135.000,0.000,0.000,0.000,0.000,0,,
11.9842,135.000,135.000,0.000,0.000,0.000,0.000,0,,
12.0302,135.000,135.000,0.000,0.000,0.000,0.000,0,,
12.0762,135.000,135.000,0.000,0.000,0.000,0.000,0,,
12.1244,135.000,135.000,0.000,0.000,0.000,0.000,0,,
12.1733,135.000,135.000,0.000,0.000,0.000,0.000,0,,
12.2211,135.000,135.000,0.000,0.000,0.000,0.000,0,,
12.2665,135.000,135.000,0.000,0.000,0.000,0.000,0,,
12.3098,135.000,135.000,0.000,0.000,0.000,0.000,0,,
12.3578,135.000,135.000,0.000,0.000,0.000,0.000,0,,
12.4032,135.000,135.000,0.000,0.000,0.000,0.000,0,,
12.4470,135.000,135.000,0.000,0.000,0.000,0.000,0,,
12.4934,135.000,135.000,0.000,0.000,0.000,0.000,0,,
12.5407,135.000,135.000,0.000,0.000,0.000,0.000,0,,
12.5887,135.000,135.000,0.000,0.000,0.000,0.000,0,,
12.6351,135.000,135.000,0.000,0.000,0.000,0.000,0,,
12.6830,135.000,135.000,0.000,0.000,0.000,0.000,0,,
12.7266,135.000,135.000,0.000,0.000,0.000,0.000,0,,
12.7747,135.000,135.000,0.000,0.000,0.000,0.000,0,,
12.8232,135.000,135.000,0.000,0.000,0.000,0.000,0,,
12.8694,135.000,135.000,0.000,0.000,0.000,0.000,0,,
12.9156,135.000,135.000,0.000,0.000,0.000,0.000,0,,
12.9600,135.000,135.000,0.000,0.000,0.000,0.000,0,,
13.0084,135.000,135.000,0.000,0.000,0.000,0.000,0,,
13.0563,135.000,135.000,0.000,0.000,0.000,0.000,0,,
13.1028,135.000,135.000,0.000,0.000,0.000,0.000,0,,
13.1429,135.000,135.000,0.000,0.000,0.000,0.000,0,,
13.1913,135.000,135.000,0.000,0.000,0.000,0.000,0,,
13.2388,135.000,135.000,0.000,0.000,0.000,0.000,0,,
13.2837,135.000,135.000,0.000,0.000,0.000,0.000,0,,
13.3273,135.000,135.000,0.000,0.000,0.000,0.000,0,,
13.3751,135.000,135.000,0.000,0.000,0.000,0.000,0,,
13.4225,135.000,135.000,0.000,0.000,0.000,0.000,0,,
13.4684,135.000,135.000,0.000,0.000,0.000,0.000,0,,
13.5136,135.000,135.000,0.000,0.000,0.000,0.000,0,,
13.5598,135.000,135.000,0.000,0.000,0.000,0.000,0,,
13.6087,135.000,135.000,0.000,0.000,0.000,0.000,0,,
13.6573,135.000,135.000,0.000,0.000,0.000,0.000,0,,
13.7057,135.000,135.000,0.000,0.000,0.000,0.000,0,,
13.7510,135.000,135.000,0.000,0.000,0.000,0.000,0,,
13.7944,135.000,135.000,0.000,0.000,0.000,0.000,0,,
13.8417,135.000,135.000,0.000,0.000,0.000,0.000,0,,
13.8900,135.000,135.000,0.000,0.000,0.000,0.000,0,,
13.9374,135.000,135.000,0.000,0.000,0.000,0.000,0,,
13.9775,135.000,135.000,0.000,0.000,0.000,0.000,0,,
14.0264,135.000,135.000,0.000,0.000,0.000,0.000,0,,
14.0738,135.000,135.000,0.000,0.000,0.000,0.000,0,,
14.1205,135.000,135.000,0.000,0.000,0.000,0.000,0,,
14.1667,135.000,135.000,0.000,0.000,0.000,0.000,0,,
14.2106,135.000,135.000,0.000,0.000,0.000,0.000,0,,
14.2579,135.000,135.000,0.000,0.000,0.000,0.000,0,,
14.3052,135.000,135.000,0.000,0.000,0.000,0.000,0,,
14.3493,135.000,135.000,0.000,0.000,0.000,0.000,0,,
14.3943,135.000,135.000,0.000,0.000,0.000,0.000,0,,
14.4404,135.000,135.000,0.000,0.000,0.000,0.000,0,,
14.4865,135.000,135.000,0.000,0.000,0.000,0.000,0,,
14.5340,135.000,135.000,0.000,0.000,0.000,0.000,0,,
14.5810,135.000,135.000,0.000,0.000,0.000,0.000,0,,
14.6248,135.000,135.000,0.000,0.000,0.000,0.000,0,,
14.6715,135.000,135.000,0.000,0.000,0.000,0.000,0,,
14.7116,135.000,135.000,0.000,0.000,0.000,0.000,0,,
14.7604,135.000,135.000,0.000,0.000,0.000,0.000,0,,
14.8083,135.000,135.000,0.000,0.000,0.000,0.000,0,,
14.8546,135.000,135.000,0.000,0.000,0.000,0.000,0,,
14.8961,135.000,135.000,0.000,0.000,0.000,0.000,0,,
14.9429,135.000,135.000,0.000,0.000,0.000,0.000,0,,
14.9909,135.000,135.000,0.000,0.000,0.000,0.000,0,,
15.0358,135.000,135.000,0.000,0.000,0.000,0.000,0,,
15.0796,135.000,135.000,0.000,0.000,0.000,0.000,0,,
15.1263,135.000,135.000,0.000,0.000,0.000,0.000,0,,
15.1735,135.000,135.000,0.000,0.000,0.000,0.000,0,,
15.2187,135.000,135.000,0.000,0.000,0.000,0.000,0,,
15.2621,135.000,135.000,0.000,0.000,0.000,0.000,0,,
15.3099,135.000,135.000,0.000,0.000,0.000,0.000,0,,
15.3587,135.000,135.000,0.000,0.000,0.000,0.000,0,,
15.4076,135.000,135.000,0.000,0.000,0.000,0.000,0,,
15.4549,135.000,135.000,0.000,0.000,0.000,0.000,0,,
15.4989,135.000,135.000,0.000,0.000,0.000,0.000,0,,
15.5456,135.000,135.000,0.000,0.000,0.000,0.000,0,,
15.5925,135.000,135.000,0.000,0.000,0.000,0.000,0,,
15.6388,135.000,135.000,0.000,0.000,0.000,0.000,0,,
15.6824,135.000,135.000,0.000,0.000,0.000,0.000,0,,
15.7284,135.000,135.000,0.000,0.000,0.000,0.000,0,,
15.7762,135.000,135.000,0.000,0.000,0.000,0.000,0,,
15.8239,135.000,135.000,0.000,0.000,0.000,0.000,0,,
15.8699,135.000,135.000,0.000,0.000,0.000,0.000,0,,
15.9134,135.000,135.000,0.000,0.000,0.000,0.000,0,,
15.9611,135.000,135.000,0.000,0.000,0.000,0.000,0,,
16.0088,135.000,135.000,0.000,0.000,0.000,0.000,0,,
16.0561,135.000,135.000,0.000,0.000,0.000,0.000,0,,
16.0962,135.000,135.000,0.000,0.000,0.000,0.000,0,,
16.1450,135.000,135.000,0.000,0.000,0.000,0.000,0,,
16.1940,135.000,135.000,0.000,0.000,0.000,0.000,0,,
16.2414,135.000,135.000,0.000,0.000,0.000,0.000,0,,
16.2866,135.000,135.000,0.000,0.000,0.000,0.000,0,,
16.3325,135.000,135.000,0.000,0.000,0.000,0.000,0,,
16.3785,135.000,135.000,0.000,0.000,0.000,0.000,0,,
16.4268,135.000,135.000,0.000,0.000,0.000,0.000,0,,
16.4726,135.000,135.000,0.000,0.000,0.000,0.000,0,,
16.5127,135.000,135.000,0.000,0.000,0.000,0.000,0,,
16.5617,135.000,135.000,0.000,0.000,0.000,0.000,0,,
16.6105,135.000,135.000,0.000,0.000,0.000,0.000,0,,
16.6595,135.000,135.000,0.000,0.000,0.000,0.000,0,,
16.7003,135.000,135.000,0.000,0.000,0.000,0.000,0,,
16.7430,135.000,135.000,0.000,0.000,0.000,0.000,0,,
16.7849,135.000,135.000,0.000,0.000,0.000,0.000,0,,
16.8269,135.000,135.000,0.000,0.000,0.000,0.000,0,,
16.8702,135.000,135.000,0.000,0.000,0.000,0.000,0,,
16.9106,135.000,135.000,0.000,0.000,0.000,0.000,0,,
16.9537,135.000,135.000,0.000,0.000,0.000,0.000,0,,
16.9944,135.000,135.000,0.000,0.000,0.000,0.000,0,,
17.0374,135.000,135.000,0.000,0.000,0.000,0.000,0,,
17.0772,135.000,135.000,0.000,0.000,0.000,0.000,0,,
17.1250,135.000,135.000,0.000,0.000,0.000,0.000,0,,
17.1667,135.000,135.000,0.000,0.000,0.000,0.000,0,,
17.2101,135.000,135.000,0.000,0.000,0.000,0.000,0,,
17.2527,135.000,135.000,0.000,0.000,0.000,0.000,0,,
17.2941,135.000,135.000,0.000,0.000,0.000,0.000,0,,
17.3385,135.000,135.000,0.000,0.000,0.000,0.000,0,,
17.3784,135.000,135.000,0.000,0.000,0.000,0.000,0,,
17.4237,135.000,135.000,0.000,0.000,0.000,0.000,0,,
17.4632,135.000,135.000,0.000,0.000,0.000,0.000,0,,
17.5081,135.000,135.000,0.000,0.000,0.000,0.000,0,,
17.5497,135.000,135.000,0.000,0.000,0.000,0.000,0,,
17.5933,135.000,135.000,0.000,0.000,0.000,0.000,0,,
17.6360,135.000,135.000,0.000,0.000,0.000,0.000,0,,
17.6778,135.000,135.000,0.000,0.000,0.000,0.000,0,,
17.7210,135.000,135.000,0.000,0.000,0.000,0.000,0,,
17.7612,135.000,135.000,0.000,0.000,0.000,0.000,0,,
17.8041,135.000,135.000,0.000,0.000,0.000,0.000,0,,
17.8454,135.000,135.000,0.000,0.000,0.000,0.000,0,,
17.8916,135.000,135.000,0.000,0.000,0.000,0.000,0,,
17.9371,135.000,135.000,0.000,0.000,0.000,0.000,0,,
17.9848,135.000,135.000,0.000,0.000,0.000,0.000,0,,
18.0294,135.000,135.000,0.000,0.000,0.000,0.000,0,,
18.0774,135.000,135.000,0.000,0.000,0.000,0.000,0,,
18.1227,135.000,135.000,0.000,0.000,0.000,0.000,0,,
18.1690,135.000,135.000,0.000,0.000,0.000,0.000,0,,
18.2136,135.000,135.000,0.000,0.000,0.000,0.000,0,,
18.2614,135.000,135.000,0.000,0.000,0.000,0.000,0,,
18.3074,135.000,135.000,0.000,0.000,0.000,0.000,0,,
18.3546,135.000,135.000,0.000,0.000,0.000,0.000,0,,
18.3992,135.000,135.000,0.000,0.000,0.000,0.000,0,,
18.4440,135.000,135.000,0.000,0.000,0.000,0.000,0,,
18.4858,135.000,135.000,0.000,0.000,0.000,0.000,0,,
18.5283,135.000,135.000,0.000,0.000,0.000,0.000,0,,
18.5712,135.000,135.000,0.000,0.000,0.000,0.000,0,,
18.6127,135.000,135.000,0.000,0.000,0.000,0.000,0,,
18.6592,135.000,135.000,0.000,0.000,0.000,0.000,0,,
18.7017,135.000,135.000,0.000,0.000,0.000,0.000,0,,
18.7452,135.000,135.000,0.000,0.000,0.000,0.000,0,,
18.7910,135.000,135.000,0.000,0.000,0.000,0.000,0,,
18.8382,135.000,135.000,0.000,0.000,0.000,0.000,0,,
18.8823,135.000,135.000,0.000,0.000,0.000,0.000,0,,
18.9282,135.000,135.000,0.000,0.000,0.000,0.000,0,,
18.9740,135.000,135.000,0.000,0.000,0.000,0.000,0,,
19.0206,135.000,135.000,0.000,0.000,0.000,0.000,0,,
19.0649,135.000,135.000,0.000,0.000,0.000,0.000,0,,
19.1105,135.000,135.000,0.000,0.000,0.000,0.000,0,,
19.1534,135.000,135.000,0.000,0.000,0.000,0.000,0,,
19.1957,135.000,135.000,0.000,0.000,0.000,0.000,0,,
19.2395,135.000,135.000,0.000,0.000,0.000,0.000,0,,
19.2803,135.000,135.000,0.000,0.000,0.000,0.000,0,,
19.3261,135.000,135.000,0.000,0.000,0.000,0.000,0,,
19.3664,135.000,135.000,0.000,0.000,0.000,0.000,0,,
19.4110,135.000,135.000,0.000,0.000,0.000,0.000,0,,
19.4542,135.000,135.000,0.000,0.000,0.000,0.000,0,,
19.4955,135.000,135.000,0.000,0.000,0.000,0.000,0,,
19.5395,135.000,135.000,0.000,0.000,0.000,0.000,0,,
19.5803,135.000,135.000,0.000,0.000,0.000,0.000,0,,
19.6264,135.000,135.000,0.000,0.000,0.000,0.000,0,,
19.6691,135.000,135.000,0.000,0.000,0.000,0.000,0,,
19.7128,135.000,135.000,0.000,0.000,0.000,0.000,0,,
19.7554,135.000,135.000,0.000,0.000,0.000,0.000,0,,
19.7966,135.000,135.000,0.000,0.000,0.000,0.000,0,,
19.8439,135.000,135.000,0.000,0.000,0.000,0.000,0,,
19.8852,135.000,135.000,0.000,0.000,0.000,0.000,0,,
19.9291,135.000,135.000,0.000,0.000,0.000,0.000,0,,
19.9721,135.000,135.000,0.000,0.000,0.000,0.000,0,,
20.0139,135.000,135.000,0.000,0.000,0.000,0.000,0,,
20.0597,135.000,135.000,0.000,0.000,0.000,0.000,0,,
20.1007,135.000,135.000,0.000,0.000,0.000,0.000,0,,
20.1448,135.000,135.000,0.000,0.000,0.000,0.000,0,,
20.1869,135.000,135.000,0.000,0.000,0.000,0.000,0,,
20.2299,135.000,135.000,0.000,0.000,0.000,0.000,0,,
20.2751,135.000,135.000,0.000,0.000,0.000,0.000,0,,
20.3156,135.000,135.000,0.000,0.000,0.000,0.000,0,,
20.3610,135.000,135.000,0.000,0.000,0.000,0.000,0,,
20.4037,135.000,135.000,0.000,0.000,0.000,0.000,0,,
20.4469,135.000,135.000,0.000,0.000,0.000,0.000,0,,
20.4896,135.000,135.000,0.000,0.000,0.000,0.000,0,,
20.5302,135.000,135.000,0.000,0.000,0.000,0.000,0,,
20.5757,135.000,135.000,0.000,0.000,0.000,0.000,0,,
20.6160,135.000,135.000,0.000,0.000,0.000,0.000,0,,
20.6621,135.000,135.000,0.000,0.000,0.000,0.000,0,,
20.7045,135.000,135.000,0.000,0.000,0.000,0.000,0,,
20.7470,135.000,135.000,0.000,0.000,0.000,0.000,0,,
20.7933,135.000,135.000,0.000,0.000,0.000,0.000,0,,
20.8326,135.000,135.000,0.000,0.000,0.000,0.000,0,,
20.8737,135.000,135.000,0.000,0.000,0.000,0.000,0,,
20.9148,135.000,135.000,0.000,0.000,0.000,0.000,0,,
20.9587,135.000,135.000,0.000,0.000,0.000,0.000,0,,
20.9998,135.000,135.000,0.000,0.000,0.000,0.000,0,,
21.0421,135.000,135.000,0.000,0.000,0.000,0.000,0,,
21.0829,135.000,135.000,0.000,0.000,0.000,0.000,0,,
21.1259,135.000,135.000,0.000,0.000,0.000,0.000,0,,
21.1667,135.000,135.000,0.000,0.000,0.000,0.000,0,,
21.2089,135.000,135.000,0.000,0.000,0.000,0.000,0,,
21.2494,135.000,135.000,0.000,0.000,0.000,0.000,0,,
21.2916,135.000,135.000,0.000,0.000,0.000,0.000,0,,
21.3347,135.000,135.000,0.000,0.000,0.000,0.000,0,,
21.3790,135.000,135.000,0.000,0.000,0.000,0.000,0,,
21.4241,135.000,135.000,0.000,0.000,0.000,0.000,0,,
21.4649,136.200,136.200,29.407,29.407,720.621,720.621,1,499,604
21.6047,137.400,137.400,8.588,8.588,-148.994,-148.994,1,501,590
21.6592,138.600,138.600,22.004,22.004,246.002,246.002,1,463,591
21.7065,139.800,139.800,25.356,25.356,70.829,70.829,1,465,592
21.7512,141.000,141.000,26.877,26.877,34.052,34.052,1,508,603
21.8000,141.000,141.000,0.000,0.000,-550.533,-550.533,0,,
21.8487,141.000,141.000,0.000,0.000,0.000,0.000,0,,
21.8982,141.000,141.000,0.000,0.000,0.000,0.000,0,,
21.9465,141.000,141.000,0.000,0.000,0.000,0.000,0,,
21.9945,141.000,141.000,0.000,0.000,0.000,0.000,0,,
22.0430,141.000,141.000,0.000,0.000,0.000,0.000,0,,
22.0933,141.000,141.000,0.000,0.000,0.000,0.000,0,,
22.1427,141.000,141.000,0.000,0.000,0.000,0.000,0,,
22.1878,141.000,141.000,0.000,0.000,0.000,0.000,0,,
22.2342,141.000,141.000,0.000,0.000,0.000,0.000,0,,
22.2822,141.000,142.200,0.000,25.026,0.000,521.899,1,579,607
22.3365,141.000,143.400,0.000,22.079,0.000,-54.219,1,598,598
22.3880,142.200,144.600,23.316,23.316,453.011,24.031,1,559,580
22.4390,143.400,145.800,23.533,23.533,4.256,4.256,1,391,571
22.4929,144.600,147.000,22.282,22.282,-23.217,-23.217,1,404,551
22.5487,145.800,148.200,21.510,21.510,-13.849,-13.849,1,459,537
22.6041,145.800,149.400,0.000,21.653,-388.121,2.588,1,664,527
22.6549,147.000,150.600,23.603,23.603,464.267,38.364,1,446,516
22.7062,148.200,151.800,23.403,23.403,-3.910,-3.910,1,451,507
22.7575,149.400,153.000,23.388,23.388,-0.297,-0.297,1,554,486
22.8071,150.600,154.200,24.195,24.195,16.271,16.271,1,553,479
22.8630,150.600,155.400,0.000,21.474,-432.964,-48.686,1,584,464
22.9162,150.600,156.600,0.000,22.530,0.000,19.821,1,648,451
22.9677,150.600,157.800,0.000,23.302,0.000,14.994,1,668,447
23.0222,150.600,157.800,0.000,0.000,0.000,-427.469,1,666,436
23.0741,150.600,157.800,0.000,0.000,0.000,0.000,1,676,426
23.1273,150.600,157.800,0.000,0.000,0.000,0.000,1,664,416
23.1799,150.600,157.800,0.000,0.000,0.000,0.000,1,657,413
23.2346,150.600,157.800,0.000,0.000,0.000,0.000,1,661,410
23.2886,150.600,157.800,0.000,0.000,0.000,0.000,1,662,413
23.3406,150.600,157.800,0.000,0.000,0.000,0.000,1,664,413
23.3940,150.600,157.800,0.000,0.000,0.000,0.000,1,668,415
23.4468,150.600,157.800,0.000,0.000,0.000,0.000,1,662,416
23.4994,150.600,157.800,0.000,0.000,0.000,0.000,1,657,419
23.5503,150.600,157.800,0.000,0.000,0.000,0.000,1,658,420
23.6046,150.600,157.800,0.000,0.000,0.000,0.000,1,660,418
23.6570,150.600,157.800,0.000,0.000,0.000,0.000,1,667,418
23.7111,150.600,157.800,0.000,0.000,0.000,0.000,1,670,419
23.7644,150.600,157.800,0.000,0.000,0.000,0.000,1,669,425
23.8152,150.600,157.800,0.000,0.000,0.000,0.000,1,669,421
23.8662,150.600,157.800,0.000,0.000,0.000,0.000,1,667,422
23.9164,150.600,157.800,0.000,0.000,0.000,0.000,1,677,425
23.9721,150.600,157.800,0.000,0.000,0.000,0.000,1,676,426
24.0331,150.600,157.800,0.000,0.000,0.000,0.000,1,686,431
24.0865,150.600,157.800,0.000,0.000,0.000,0.000,1,699,438
24.1401,150.600,157.800,0.000,0.000,0.000,0.000,1,694,439
24.1905,149.400,159.000,-23.814,23.814,-472.581,472.581,1,791,445
24.2421,148.200,160.200,-23.266,23.266,10.622,-10.622,1,820,446
24.2959,147.000,161.400,-22.286,22.286,18.197,-18.197,1,769,457
24.3496,145.800,162.600,-22.366,22.366,-1.493,1.493,1,793,455
24.4016,144.600,163.800,-23.041,23.041,-12.958,12.958,1,749,451
24.4571,145.800,165.000,21.649,21.649,806.234,-25.118,1,524,453
24.5096,147.000,166.200,22.844,22.844,22.759,22.759,1,529,447
24.5670,148.200,167.400,20.911,20.911,-33.691,-33.691,1,504,441
24.6189,149.400,168.600,23.126,23.126,42.685,42.685,1,497,449
24.6744,150.600,169.800,21.627,21.627,-27.004,-27.004,1,493,449
24.7299,151.800,171.000,21.589,21.589,-0.688,-0.688,1,501,459
24.7836,151.800,172.200,0.000,22.357,-402.229,14.308,1,618,459
24.8352,151.800,173.400,0.000,23.258,0.000,17.463,1,652,453
24.8902,151.800,174.600,0.000,21.821,0.000,-26.129,1,638,451
24.9425,151.800,175.800,0.000,22.925,0.000,21.094,1,643,451
24.9977,151.800,177.000,0.000,21.754,0.000,-21.229,1,635,449
25.0511,151.800,178.200,0.000,22.477,0.000,13.541,1,630,448
25.1038,151.800,179.400,0.000,22.774,0.000,5.622,1,638,444
25.1584,151.800,179.400,0.000,0.000,0.000,-416.764,1,638,438
25.2092,151.800,179.400,0.000,0.000,0.000,0.000,1,648,433
25.2623,151.800,179.400,0.000,0.000,0.000,0.000,1,672,431
25.3153,151.800,179.400,0.000,0.000,0.000,0.000,1,704,431
25.3682,150.600,179.400,-22.683,0.000,-428.779,0.000,1,725,436
25.4194,149.400,180.600,-23.415,23.415,-14.267,456.867,1,773,441
25.4749,148.200,180.600,-21.656,0.000,31.737,-422.553,1,786,440
25.5300,147.000,181.800,-21.771,21.771,-2.090,394.986,1,792,446
25.5844,145.800,183.000,-22.037,22.037,-4.882,4.882,1,796,450
25.6362,144.600,184.200,-23.192,23.192,-22.328,22.328,1,769,453
25.6923,144.600,185.400,0.000,21.367,412.961,-32.498,1,707,457
25.7470,144.600,186.600,0.000,21.962,0.000,10.888,1,673,461
25.8001,144.600,187.800,0.000,22.565,0.000,11.344,1,655,463
25.8541,144.600,189.000,0.000,22.256,0.000,-5.742,1,633,466
25.9086,144.600,190.200,0.000,21.999,0.000,-4.710,1,635,468
25.9605,144.600,191.400,0.000,23.144,0.000,22.089,1,657,473
26.0140,144.600,192.600,0.000,22.424,0.000,-13.466,1,665,475
26.0677,144.600,193.800,0.000,22.353,0.000,-1.323,1,664,474
26.1195,144.600,195.000,0.000,23.131,0.000,15.014,1,665,472
26.1746,144.600,196.200,0.000,21.795,0.000,-24.273,1,671,469
26.2272,144.600,197.400,0.000,22.831,0.000,19.705,1,671,459
26.2808,144.600,198.600,0.000,22.365,0.000,-8.673,1,676,450
26.3346,144.600,199.800,0.000,22.309,0.000,-1.054,1,676,446
26.3863,144.600,199.800,0.000,0.000,0.000,-431.688,1,681,435
26.4379,144.600,199.800,0.000,0.000,0.000,0.000,1,682,430
26.4923,144.600,199.800,0.000,0.000,0.000,0.000,1,680,421
26.5436,144.600,199.800,0.000,0.000,0.000,0.000,1,685,413
26.5972,144.600,199.800,0.000,0.000,0.000,0.000,1,672,402
26.6498,144.600,199.800,0.000,0.000,0.000,0.000,1,671,393
26.7026,144.600,199.800,0.000,0.000,0.000,0.000,1,679,398
26.7547,144.600,199.800,0.000,0.000,0.000,0.000,1,677,400
26.8088,144.600,199.800,0.000,0.000,0.000,0.000,1,660,405
26.8606,144.600,199.800,0.000,0.000,0.000,0.000,1,654,412
26.9140,144.600,199.800,0.000,0.000,0.000,0.000,1,657,412
26.9671,144.600,199.800,0.000,0.000,0.000,0.000,1,658,410
27.0198,144.600,199.800,0.000,0.000,0.000,0.000,1,669,410
27.0709,144.600,199.800,0.000,0.000,0.000,0.000,1,678,408
27.1259,144.600,199.800,0.000,0.000,0.000,0.000,1,685,407
27.1774,144.600,199.800,0.000,0.000,0.000,0.000,1,680,406
27.2310,144.600,199.800,0.000,0.000,0.000,0.000,1,672,401
27.2837,144.600,199.800,0.000,0.000,0.000,0.000,1,680,395
27.3382,144.600,199.800,0.000,0.000,0.000,0.000,1,674,389
27.3917,144.600,199.800,0.000,0.000,0.000,0.000,1,675,382
27.4447,144.600,199.800,0.000,0.000,0.000,0.000,1,679,378
27.4981,144.600,199.800,0.000,0.000,0.000,0.000,1,684,374
27.5506,144.600,199.800,0.000,0.000,0.000,0.000,1,686,365
27.6037,144.600,199.800,0.000,0.000,0.000,0.000,1,688,363
27.6556,144.600,199.800,0.000,0.000,0.000,0.000,1,703,362
27.7091,144.600,199.800,0.000,0.000,0.000,0.000,1,709,362
27.7611,143.400,199.800,-23.075,0.000,-443.709,0.000,1,724,362
27.8153,142.200,199.800,-22.117,0.000,17.650,0.000,1,735,364
27.8687,141.000,199.800,-22.505,0.000,-7.266,0.000,1,738,363
27.9222,139.800,199.800,-22.430,0.000,1.397,0.000,1,723,360
27.9754,139.800,199.800,0.000,0.000,421.479,0.000,1,719,358
28.0280,139.800,199.800,0.000,0.000,0.000,0.000,1,655,358
28.0821,139.800,199.800,0.000,0.000,0.000,0.000,1,620,357
28.1347,139.800,199.800,0.000,0.000,0.000,0.000,1,613,357
28.1874,139.800,199.800,0.000,0.000,0.000,0.000,1,606,356
28.2386,139.800,199.800,0.000,0.000,0.000,0.000,1,607,355
28.2928,139.800,199.800,0.000,0.000,0.000,0.000,1,605,354
28.3447,139.800,199.800,0.000,0.000,0.000,0.000,1,598,358
28.3990,139.800,199.800,0.000,0.000,0.000,0.000,1,594,359
28.4521,139.800,199.800,0.000,0.000,0.000,0.000,1,585,364
28.5052,139.800,199.800,0.000,0.000,0.000,0.000,1,582,370
28.5597,139.800,199.800,0.000,0.000,0.000,0.000,1,573,365
28.6125,139.800,199.800,0.000,0.000,0.000,0.000,1,570,364
28.6656,139.800,199.800,0.000,0.000,0.000,0.000,1,563,360
28.7183,141.000,199.800,22.774,0.000,432.212,0.000,1,559,361
28.7719,142.200,199.800,22.392,0.000,-7.135,0.000,1,549,358
28.8269,143.400,199.800,21.828,0.000,-10.259,0.000,1,551,357
28.8794,144.600,199.800,22.855,0.000,19.573,0.000,1,555,348
28.9330,145.800,199.800,22.376,0.000,-8.930,0.000,1,553,350
28.9857,147.000,199.800,22.783,0.000,7.727,0.000,1,531,376
29.0406,147.000,199.800,0.000,0.000,-414.453,0.000,1,622,349
29.0935,147.000,199.800,0.000,0.000,0.000,0.000,1,662,372
29.1458,147.000,199.800,0.000,0.000,0.000,0.000,1,700,371
29.1995,147.000,199.800,0.000,0.000,0.000,0.000,1,701,370
29.2520,147.000,199.800,0.000,0.000,0.000,0.000,1,703,356
29.3050,147.000,199.800,0.000,0.000,0.000,0.000,1,700,351
29.3566,147.000,199.800,0.000,0.000,0.000,0.000,1,698,335
29.4104,147.000,199.800,0.000,0.000,0.000,0.000,1,697,332
29.4625,147.000,199.800,0.000,0.000,0.000,0.000,1,696,332
29.5163,147.000,199.800,0.000,0.000,0.000,0.000,1,695,327
29.5690,147.000,199.800,0.000,0.000,0.000,0.000,1,692,327
29.6215,147.000,199.800,0.000,0.000,0.000,0.000,1,687,321
29.6723,147.000,199.800,0.000,0.000,0.000,0.000,1,685,318
29.7229,147.000,199.800,0.000,0.000,0.000,0.000,1,681,317
29.7774,147.000,199.800,0.000,0.000,0.000,0.000,1,680,319
29.8295,147.000,199.800,0.000,0.000,0.000,0.000,1,678,325
29.8801,147.000,199.800,0.000,0.000,0.000,0.000,1,676,331
29.9335,147.000,199.800,0.000,0.000,0.000,0.000,1,675,330
29.9860,147.000,199.800,0.000,0.000,0.000,0.000,1,669,330
30.0383,147.000,199.800,0.000,0.000,0.000,0.000,1,666,327
30.0909,147.000,199.800,0.000,0.000,0.000,0.000,1,655,327
30.1454,147.000,199.800,0.000,0.000,0.000,0.000,1,652,326
30.1973,147.000,199.800,0.000,0.000,0.000,0.000,1,645,326
30.2512,147.000,199.800,0.000,0.000,0.000,0.000,1,639,326
30.3040,147.000,199.800,0.000,0.000,0.000,0.000,1,638,325
30.3569,147.000,199.800,0.000,0.000,0.000,0.000,1,628,323
30.4115,147.000,199.800,0.000,0.000,0.000,0.000,1,628,321
30.4636,147.000,199.800,0.000,0.000,0.000,0.000,1,629,322
30.5172,147.000,199.800,0.000,0.000,0.000,0.000,1,632,325
30.5702,147.000,199.800,0.000,0.000,0.000,0.000,1,634,323
30.6227,147.000,199.800,0.000,0.000,0.000,0.000,1,637,323
30.6790,147.000,199.800,0.000,0.000,0.000,0.000,1,639,322
30.7317,147.000,199.800,0.000,0.000,0.000,0.000,1,638,322
30.7841,147.000,199.800,0.000,0.000,0.000,0.000,1,642,322
30.8372,147.000,199.800,0.000,0.000,0.000,0.000,1,643,322
30.8905,147.000,199.800,0.000,0.000,0.000,0.000,1,648,326
30.9450,147.000,199.800,0.000,0.000,0.000,0.000,1,647,323
30.9974,147.000,199.800,0.000,0.000,0.000,0.000,1,648,320
31.0502,147.000,199.800,0.000,0.000,0.000,0.000,1,643,312
31.1036,147.000,199.800,0.000,0.000,0.000,0.000,1,643,311
31.1577,147.000,199.800,0.000,0.000,0.000,0.000,1,644,310
31.2100,147.000,199.800,0.000,0.000,0.000,0.000,1,646,310
31.2588,147.000,199.800,0.000,0.000,0.000,0.000,1,650,302
31.3106,147.000,199.800,0.000,0.000,0.000,0.000,0,,
31.3571,147.000,199.800,0.000,0.000,0.000,0.000,1,652,305
31.4098,147.000,199.800,0.000,0.000,0.000,0.000,1,652,302
31.4624,147.000,199.800,0.000,0.000,0.000,0.000,1,653,310
31.5120,147.000,199.800,0.000,0.000,0.000,0.000,1,656,307
31.5679,147.000,199.800,0.000,0.000,0.000,0.000,1,625,303
31.6227,147.000,199.800,0.000,0.000,0.000,0.000,1,674,307
31.6749,147.000,199.800,0.000,0.000,0.000,0.000,1,680,305
31.7257,147.000,199.800,0.000,0.000,0.000,0.000,1,696,300
31.7789,147.000,199.800,0.000,0.000,0.000,0.000,1,710,300
31.8263,145.800,199.800,-25.310,0.000,-533.812,0.000,1,722,303
31.8795,144.600,199.800,-22.558,0.000,51.725,0.000,1,728,304
31.9288,143.400,199.800,-24.364,0.000,-36.658,0.000,1,738,300
31.9790,142.200,199.800,-23.918,0.000,8.889,0.000,1,744,301
32.0284,141.000,199.800,-24.292,0.000,-7.583,0.000,1,750,301
32.0797,139.800,199.800,-23.371,0.000,17.948,0.000,1,742,299
32.1296,139.800,199.800,0.000,0.000,468.678,0.000,1,688,299
32.1796,139.800,199.800,0.000,0.000,0.000,0.000,1,655,292
32.2289,139.800,199.800,0.000,0.000,0.000,0.000,1,643,291
32.2780,139.800,199.800,0.000,0.000,0.000,0.000,1,646,291
32.3262,139.800,199.800,0.000,0.000,0.000,0.000,1,656,289
32.3822,139.800,199.800,0.000,0.000,0.000,0.000,1,667,280
32.4296,139.800,198.600,0.000,-25.314,0.000,-533.990,1,682,278
32.4774,139.800,197.400,0.000,-25.088,0.000,4.724,1,678,275
32.5293,139.800,196.200,0.000,-23.146,0.000,37.454,1,696,271
32.5800,139.800,195.000,0.000,-23.660,0.000,-10.141,1,699,268
32.6296,139.800,193.800,0.000,-24.163,0.000,-10.121,1,706,263
32.6811,138.600,192.600,-23.325,-23.325,-453.380,16.287,1,730,271
32.7322,137.400,192.600,-23.482,0.000,-3.081,456.441,1,747,281
32.7815,136.200,192.600,-24.356,0.000,-17.724,0.000,1,768,299
32.8331,135.000,192.600,-23.238,0.000,21.645,0.000,1,766,306
32.8820,133.800,192.600,-24.562,0.000,-27.105,0.000,1,749,317
32.9307,132.600,192.600,-24.597,0.000,-0.704,0.000,1,735,313
32.9801,132.600,192.600,0.000,0.000,497.936,0.000,1,718,314
33.0299,132.600,192.600,0.000,0.000,0.000,0.000,1,716,310
33.0792,131.400,192.600,-24.337,0.000,-493.561,0.000,1,722,304
33.1276,131.400,192.600,0.000,0.000,502.966,0.000,1,704,305
33.1801,131.400,192.600,0.000,0.000,0.000,0.000,1,691,303
33.2300,131.400,192.600,0.000,0.000,0.000,0.000,1,675,300
33.2800,131.400,192.600,0.000,0.000,0.000,0.000,1,669,291
33.3305,131.400,192.600,0.000,0.000,0.000,0.000,1,670,285
33.3804,131.400,192.600,0.000,0.000,0.000,0.000,1,687,282
33.4343,131.400,191.400,0.000,-22.231,0.000,-411.862,1,690,278
33.4901,130.200,191.400,-21.538,0.000,-386.563,399.012,1,769,283
33.5434,129.000,191.400,-22.492,0.000,-17.881,0.000,1,781,283
33.5961,127.800,191.400,-22.760,0.000,-5.087,0.000,1,806,284
33.6442,126.600,191.400,-24.945,0.000,-45.425,0.000,1,808,292
33.7012,125.400,191.400,-21.078,0.000,67.923,0.000,1,771,295
33.7560,124.200,191.400,-21.874,0.000,-14.506,0.000,1,726,296
33.8094,124.200,191.400,0.000,0.000,409.892,0.000,1,709,294
33.8648,124.200,191.400,0.000,0.000,0.000,0.000,1,709,294
33.9185,124.200,190.200,0.000,-22.358,0.000,-416.574,1,682,274
33.9726,124.200,189.000,0.000,-22.179,0.000,3.309,1,719,260
34.0286,123.000,187.800,-21.402,-21.402,-381.710,13.858,1,756,253
34.0862,121.800,186.600,-20.847,-20.847,9.641,9.641,1,747,252
34.1411,120.600,185.400,-21.855,-21.855,-18.362,-18.362,1,827,157
34.1975,119.400,185.400,-21.297,0.000,9.907,387.882,1,752,303
34.2482,118.200,185.400,-23.660,0.000,-46.586,0.000,1,775,323
34.2991,117.000,185.400,-23.548,0.000,2.207,0.000,1,751,332
34.3495,117.000,185.400,0.000,0.000,467.788,0.000,1,710,341
34.3991,117.000,185.400,0.000,0.000,0.000,0.000,1,698,343
34.4468,117.000,185.400,0.000,0.000,0.000,0.000,1,691,341
34.4968,117.000,185.400,0.000,0.000,0.000,0.000,1,688,333
34.5467,117.000,185.400,0.000,0.000,0.000,0.000,1,689,335
34.5975,117.000,185.400,0.000,0.000,0.000,0.000,1,702,336
34.6456,117.000,185.400,0.000,0.000,0.000,0.000,1,711,334
34.6969,117.000,185.400,0.000,0.000,0.000,0.000,1,719,335
34.7462,115.800,185.400,-24.320,0.000,-492.903,0.000,1,725,332
34.8002,114.600,185.400,-22.214,0.000,38.998,0.000,1,739,314
34.8507,113.400,185.400,-23.756,0.000,-30.537,0.000,1,751,313
34.8989,112.200,185.400,-24.915,0.000,-24.068,0.000,1,756,307
34.9493,111.000,185.400,-23.829,0.000,21.573,0.000,1,724,323
34.9978,111.000,185.400,0.000,0.000,490.919,0.000,1,713,330
35.0474,111.000,185.400,0.000,0.000,0.000,0.000,1,690,331
35.0972,111.000,185.400,0.000,0.000,0.000,0.000,1,671,327
35.1476,111.000,185.400,0.000,0.000,0.000,0.000,1,670,321
35.1997,111.000,185.400,0.000,0.000,0.000,0.000,1,672,318
35.2515,111.000,185.400,0.000,0.000,0.000,0.000,1,681,320
35.3044,111.000,185.400,0.000,0.000,0.000,0.000,1,689,319
35.3597,111.000,185.400,0.000,0.000,0.000,0.000,1,701,328
35.4109,111.000,185.400,0.000,0.000,0.000,0.000,1,708,327
35.4630,109.800,185.400,-23.029,0.000,-441.928,0.000,1,725,320
35.5152,108.600,185.400,-23.004,0.000,0.478,0.000,1,735,317
35.5675,107.400,185.400,-22.970,0.000,0.649,0.000,1,739,312
35.6158,106.200,185.400,-24.807,0.000,-37.973,0.000,1,743,316
35.6643,105.000,185.400,-24.772,0.000,0.706,0.000,1,756,324
35.7165,103.800,185.400,-22.994,0.000,34.077,0.000,1,721,329
35.7668,103.800,185.400,0.000,0.000,457.106,0.000,1,710,326
35.8146,103.800,185.400,0.000,0.000,0.000,0.000,1,683,327
35.8651,103.800,185.400,0.000,0.000,0.000,0.000,1,682,324
35.9161,103.800,185.400,0.000,0.000,0.000,0.000,1,680,311
35.9654,103.800,185.400,0.000,0.000,0.000,0.000,1,686,312
36.0147,103.800,185.400,0.000,0.000,0.000,0.000,1,696,322
36.0651,103.800,185.400,0.000,0.000,0.000,0.000,1,702,324
36.1155,102.600,185.400,-23.822,0.000,-472.916,0.000,1,725,324
36.1653,101.400,185.400,-24.094,0.000,-5.452,0.000,1,735,326
36.2161,100.200,185.400,-23.630,0.000,9.128,0.000,1,743,316
36.2647,100.200,185.400,0.000,0.000,485.395,0.000,0,,
36.3081,99.000,185.400,-27.672,0.000,-638.134,0.000,1,735,301
36.3614,99.000,185.400,0.000,0.000,518.828,0.000,1,700,311
36.4136,99.000,185.400,0.000,0.000,0.000,0.000,1,699,322
36.4676,99.000,185.400,0.000,0.000,0.000,0.000,1,692,324
36.5157,99.000,185.400,0.000,0.000,0.000,0.000,1,689,314
36.5656,99.000,185.400,0.000,0.000,0.000,0.000,1,690,311
36.6145,99.000,185.400,0.000,0.000,0.000,0.000,1,695,305
36.6671,99.000,185.400,0.000,0.000,0.000,0.000,1,698,307
36.7168,99.000,185.400,0.000,0.000,0.000,0.000,1,704,314
36.7652,99.000,185.400,0.000,0.000,0.000,0.000,1,703,315
36.8159,99.000,185.400,0.000,0.000,0.000,0.000,1,712,316
36.8649,99.000,185.400,0.000,0.000,0.000,0.000,1,715,316
36.9159,97.800,185.400,-23.510,0.000,-460.609,0.000,1,725,307
36.9664,97.800,185.400,0.000,0.000,465.787,0.000,0,,
37.0103,97.800,185.400,0.000,0.000,0.000,0.000,0,,
37.0587,97.800,185.400,0.000,0.000,0.000,0.000,0,,
37.1065,97.800,185.400,0.000,0.000,0.000,0.000,0,,
37.1547,97.800,185.400,0.000,0.000,0.000,0.000,0,,
37.2003,97.800,185.400,0.000,0.000,0.000,0.000,0,,
37.2443,97.800,185.400,0.000,0.000,0.000,0.000,0,,
37.2933,97.800,185.400,0.000,0.000,0.000,0.000,0,,
37.3415,97.800,185.400,0.000,0.000,0.000,0.000,0,,
37.3892,97.800,185.400,0.000,0.000,0.000,0.000,0,,
37.4371,97.800,185.400,0.000,0.000,0.000,0.000,0,,
37.4853,97.800,185.400,0.000,0.000,0.000,0.000,0,,
37.5315,97.800,185.400,0.000,0.000,0.000,0.000,0,,
37.5764,97.800,185.400,0.000,0.000,0.000,0.000,0,,
37.6249,97.800,185.400,0.000,0.000,0.000,0.000,0,,
37.6740,97.800,185.400,0.000,0.000,0.000,0.000,0,,
37.7216,97.800,185.400,0.000,0.000,0.000,0.000,0,,
37.7673,97.800,185.400,0.000,0.000,0.000,0.000,0,,
37.8120,97.800,185.400,0.000,0.000,0.000,0.000,0,,
37.8599,97.800,185.400,0.000,0.000,0.000,0.000,0,,
37.9089,97.800,185.400,0.000,0.000,0.000,0.000,0,,
37.9575,97.800,185.400,0.000,0.000,0.000,0.000,0,,
38.0067,96.600,185.400,-24.371,0.000,-494.963,0.000,1,912,316
38.0594,95.400,185.400,-22.760,0.000,30.567,0.000,1,927,315
38.1131,94.200,185.400,-22.351,0.000,7.607,0.000,1,931,311
38.1659,93.000,185.400,-22.743,0.000,-7.419,0.000,1,941,309
38.2173,93.000,185.400,0.000,0.000,442.221,0.000,0,,
38.2608,93.000,185.400,0.000,0.000,0.000,0.000,0,,
38.3086,93.000,185.400,0.000,0.000,0.000,0.000,0,,
38.3567,91.800,185.400,-24.933,0.000,-518.054,0.000,1,893,324
38.4096,90.600,185.400,-22.691,0.000,42.399,0.000,1,871,323
38.4626,90.600,185.400,0.000,0.000,428.401,0.000,0,,
38.5099,90.600,185.400,0.000,0.000,0.000,0.000,0,,
38.5580,90.600,185.400,0.000,0.000,0.000,0.000,0,,
38.6067,90.600,185.400,0.000,0.000,0.000,0.000,0,,
38.6520,90.600,185.400,0.000,0.000,0.000,0.000,0,,
38.6963,90.600,185.400,0.000,0.000,0.000,0.000,0,,
38.7433,90.600,185.400,0.000,0.000,0.000,0.000,0,,
38.7920,90.600,185.400,0.000,0.000,0.000,0.000,0,,
38.8400,90.600,185.400,0.000,0.000,0.000,0.000,0,,
38.8892,90.600,185.400,0.000,0.000,0.000,0.000,0,,
38.9358,90.600,185.400,0.000,0.000,0.000,0.000,0,,
38.9794,90.600,185.400,0.000,0.000,0.000,0.000,0,,
39.0287,89.400,185.400,-24.327,0.000,-493.170,0.000,1,888,323
39.0822,89.400,185.400,0.000,0.000,455.531,0.000,0,,
39.1304,88.200,185.400,-24.846,0.000,-514.418,0.000,1,902,309
39.1831,87.000,185.400,-22.811,0.000,38.682,0.000,1,906,309
39.2324,85.800,185.400,-24.300,0.000,-30.168,0.000,1,908,306
39.2845,85.800,185.400,0.000,0.000,466.465,0.000,0,,
39.3315,84.600,185.400,-25.558,0.000,-544.349,0.000,1,840,324
39.3857,83.400,185.400,-22.116,0.000,63.435,0.000,1,818,320
39.4384,82.200,185.400,-22.796,0.000,-12.913,0.000,1,824,313
39.4898,82.200,185.400,0.000,0.000,443.765,0.000,0,,
39.5410,81.000,185.400,-23.398,0.000,-456.222,0.000,1,846,296
39.5967,79.800,185.400,-21.577,0.000,32.736,0.000,1,805,294
39.6506,79.800,185.400,0.000,0.000,400.077,0.000,0,,
39.7003,79.800,185.400,0.000,0.000,0.000,0.000,0,,
39.7475,79.800,185.400,0.000,0.000,0.000,0.000,0,,
39.7963,78.600,185.400,-24.589,0.000,-503.867,0.000,1,735,297
39.8513,77.400,185.400,-21.829,0.000,50.211,0.000,1,731,293
39.9051,76.200,185.400,-22.307,0.000,-8.886,0.000,1,729,282
39.9590,75.000,185.400,-22.239,0.000,1.273,0.000,1,723,285
40.0118,75.000,185.400,0.000,0.000,421.402,0.000,1,716,296
40.0639,75.000,185.400,0.000,0.000,0.000,0.000,0,,
40.1115,75.000,185.400,0.000,0.000,0.000,0.000,0,,
40.1594,75.000,185.400,0.000,0.000,0.000,0.000,0,,
40.2073,75.000,185.400,0.000,0.000,0.000,0.000,0,,
40.2537,75.000,184.200,0.000,-25.871,0.000,-557.766,1,646,274
40.3036,75.000,184.200,0.000,0.000,0.000,519.003,0,,
40.3499,75.000,184.200,0.000,0.000,0.000,0.000,1,641,282
40.4055,75.000,184.200,0.000,0.000,0.000,0.000,1,638,294
40.4552,75.000,184.200,0.000,0.000,0.000,0.000,0,,
40.5009,75.000,184.200,0.000,0.000,0.000,0.000,0,,
40.5458,75.000,184.200,0.000,0.000,0.000,0.000,0,,
40.5950,75.000,184.200,0.000,0.000,0.000,0.000,0,,
40.6441,75.000,184.200,0.000,0.000,0.000,0.000,0,,
40.6918,75.000,184.200,0.000,0.000,0.000,0.000,0,,
40.7375,75.000,184.200,0.000,0.000,0.000,0.000,0,,
40.7816,75.000,184.200,0.000,0.000,0.000,0.000,0,,
40.8315,75.000,184.200,0.000,0.000,0.000,0.000,0,,
40.8798,75.000,184.200,0.000,0.000,0.000,0.000,1,585,304
40.9310,75.000,184.200,0.000,0.000,0.000,0.000,1,583,302
40.9830,75.000,184.200,0.000,0.000,0.000,0.000,0,,
41.0327,75.000,184.200,0.000,0.000,0.000,0.000,0,,
41.0824,75.000,184.200,0.000,0.000,0.000,0.000,0,,
41.1337,75.000,184.200,0.000,0.000,0.000,0.000,0,,
41.1848,75.000,184.200,0.000,0.000,0.000,0.000,0,,
41.2338,75.000,184.200,0.000,0.000,0.000,0.000,0,,
41.2858,75.000,184.200,0.000,0.000,0.000,0.000,0,,
41.3350,76.200,184.200,24.416,0.000,496.804,0.000,1,557,294
41.3934,76.200,184.200,0.000,0.000,-418.086,0.000,0,,
41.4424,77.400,184.200,24.497,0.000,500.093,0.000,1,550,284
41.4977,78.600,183.000,21.686,-21.686,-50.797,-391.915,1,540,276
41.5498,78.600,183.000,0.000,0.000,-415.912,415.912,0,,
41.5997,78.600,183.000,0.000,0.000,0.000,0.000,0,,
41.6479,79.800,183.000,24.907,0.000,516.983,0.000,1,497,303
41.7013,81.000,183.000,22.459,0.000,-45.818,0.000,1,518,305
41.7549,82.200,183.000,22.391,0.000,-1.275,0.000,1,531,300
41.8098,83.400,183.000,21.873,0.000,-9.434,0.000,1,551,304
41.8641,84.600,183.000,22.075,0.000,3.701,0.000,1,554,308
41.9164,84.600,183.000,0.000,0.000,-422.805,0.000,0,,
41.9667,84.600,183.000,0.000,0.000,0.000,0.000,0,,
42.0195,84.600,183.000,0.000,0.000,0.000,0.000,0,,
42.0697,84.600,183.000,0.000,0.000,0.000,0.000,0,,
42.1213,84.600,183.000,0.000,0.000,0.000,0.000,0,,
42.1699,84.600,183.000,0.000,0.000,0.000,0.000,0,,
42.2174,84.600,183.000,0.000,0.000,0.000,0.000,1,567,309
42.2708,84.600,183.000,0.000,0.000,0.000,0.000,0,,
42.3193,85.800,183.000,24.724,0.000,509.407,0.000,1,540,305
42.3732,87.000,183.000,22.248,0.000,-45.918,0.000,1,534,311
42.4267,88.200,183.000,22.448,0.000,3.759,0.000,1,516,316
42.4809,89.400,183.000,22.116,0.000,-6.119,0.000,1,511,314
42.5333,90.600,183.000,22.899,0.000,14.935,0.000,1,543,321
42.5856,90.600,183.000,0.000,0.000,-438.284,0.000,1,578,315
42.6391,90.600,183.000,0.000,0.000,0.000,0.000,1,601,310
42.6930,90.600,183.000,0.000,0.000,0.000,0.000,0,,
42.7389,90.600,183.000,0.000,0.000,0.000,0.000,0,,
42.7864,90.600,183.000,0.000,0.000,0.000,0.000,1,587,320
42.8405,90.600,183.000,0.000,0.000,0.000,0.000,1,576,324
42.8931,90.600,183.000,0.000,0.000,0.000,0.000,1,573,308
42.9464,90.600,183.000,0.000,0.000,0.000,0.000,1,562,294
42.9996,91.800,183.000,22.555,0.000,423.947,0.000,1,546,302
43.0522,93.000,183.000,22.816,0.000,4.963,0.000,1,518,318
43.1065,94.200,183.000,22.080,0.000,-13.551,0.000,1,507,320
43.1607,95.400,183.000,22.141,0.000,1.125,0.000,1,499,322
43.2139,96.600,183.000,22.569,0.000,8.057,0.000,1,542,321
43.2680,96.600,183.000,0.000,0.000,-417.248,0.000,1,567,313
43.3198,96.600,183.000,0.000,0.000,0.000,0.000,1,589,314
43.3762,96.600,183.000,0.000,0.000,0.000,0.000,1,598,325
43.4252,96.600,183.000,0.000,0.000,0.000,0.000,1,601,337
43.4727,96.600,183.000,0.000,0.000,0.000,0.000,1,595,337
43.5250,96.600,183.000,0.000,0.000,0.000,0.000,1,580,328
43.5771,96.600,183.000,0.000,0.000,0.000,0.000,1,561,316
43.6309,97.800,183.000,22.319,0.000,415.105,0.000,1,553,317
43.6832,99.000,183.000,22.914,0.000,11.370,0.000,1,538,316
43.7390,100.200,183.000,21.499,0.000,-25.361,0.000,1,529,321
43.7956,101.400,183.000,21.205,0.000,-5.187,0.000,1,511,330
43.8430,102.600,183.000,25.310,0.000,86.580,0.000,1,521,338
43.8966,103.800,183.000,22.423,0.000,-53.946,0.000,1,550,332
43.9454,103.800,183.000,0.000,0.000,-459.471,0.000,1,568,332
43.9979,103.800,183.000,0.000,0.000,0.000,0.000,1,594,333
44.0501,103.800,183.000,0.000,0.000,0.000,0.000,1,605,341
44.1021,103.800,183.000,0.000,0.000,0.000,0.000,1,599,344
44.1557,103.800,183.000,0.000,0.000,0.000,0.000,1,584,345
44.2084,103.800,183.000,0.000,0.000,0.000,0.000,1,581,342
44.2646,103.800,183.000,0.000,0.000,0.000,0.000,1,567,335
44.3182,105.000,183.000,22.411,0.000,418.531,0.000,1,551,331
44.3723,106.200,183.000,22.182,0.000,-4.228,0.000,1,545,330
44.4272,107.400,183.000,21.845,0.000,-6.134,0.000,1,529,341
44.4825,108.600,183.000,21.706,0.000,-2.519,0.000,1,520,341
44.5363,109.800,183.000,22.304,0.000,11.126,0.000,1,534,337
44.5922,111.000,183.000,21.473,0.000,-14.869,0.000,1,554,334
44.6436,111.000,183.000,0.000,0.000,-417.608,0.000,1,573,336
44.6924,111.000,183.000,0.000,0.000,0.000,0.000,1,602,342
44.7466,111.000,183.000,0.000,0.000,0.000,0.000,1,618,356
44.7995,111.000,183.000,0.000,0.000,0.000,0.000,1,627,357
44.8536,111.000,183.000,0.000,0.000,0.000,0.000,1,621,360
44.9087,111.000,183.000,0.000,0.000,0.000,0.000,1,615,359
44.9625,111.000,183.000,0.000,0.000,0.000,0.000,1,599,352
45.0161,111.000,183.000,0.000,0.000,0.000,0.000,1,579,354
45.0677,111.000,183.000,0.000,0.000,0.000,0.000,1,567,355
45.1195,112.200,183.000,23.129,0.000,445.795,0.000,1,552,362
45.1728,113.400,183.000,22.535,0.000,-11.164,0.000,1,542,364
45.2309,114.600,183.000,20.664,0.000,-32.214,0.000,1,528,366
45.2837,115.800,183.000,22.728,0.000,39.101,0.000,1,511,362
45.3367,117.000,183.000,22.627,0.000,-1.902,0.000,1,504,366
45.3906,118.200,183.000,22.262,0.000,-6.779,0.000,1,554,366
45.4438,118.200,183.000,0.000,0.000,-418.734,0.000,1,578,370
45.4918,118.200,183.000,0.000,0.000,0.000,0.000,1,604,373
45.5414,118.200,183.000,0.000,0.000,0.000,0.000,1,599,376
45.5955,118.200,183.000,0.000,0.000,0.000,0.000,1,584,373
45.6469,118.200,183.000,0.000,0.000,0.000,0.000,1,569,373
45.6990,119.400,183.000,23.050,0.000,442.750,0.000,1,558,370
45.7532,120.600,183.000,22.144,0.000,-16.722,0.000,1,549,372
45.8056,121.800,183.000,22.889,0.000,14.214,0.000,1,544,378
45.8591,123.000,183.000,22.416,0.000,-8.832,0.000,1,538,377
45.9134,123.000,183.000,0.000,0.000,-412.680,0.000,1,568,387
45.9664,123.000,183.000,0.000,0.000,0.000,0.000,1,584,385
46.0167,123.000,183.000,0.000,0.000,0.000,0.000,1,600,386
46.0682,123.000,183.000,0.000,0.000,0.000,0.000,1,606,389
46.1198,123.000,183.000,0.000,0.000,0.000,0.000,1,611,403
46.1716,123.000,183.000,0.000,0.000,0.000,0.000,0,,
46.2193,123.000,183.000,0.000,0.000,0.000,0.000,1,561,405
46.2688,123.000,183.000,0.000,0.000,0.000,0.000,1,583,397
46.3235,123.000,183.000,0.000,0.000,0.000,0.000,0,,
46.3731,123.000,183.000,0.000,0.000,0.000,0.000,0,,
46.4225,124.200,183.000,24.298,0.000,491.990,0.000,1,507,396
46.4764,125.400,183.000,22.251,0.000,-37.954,0.000,1,502,391
46.5313,126.600,183.000,21.862,0.000,-7.091,0.000,1,488,391
46.5862,127.800,183.000,21.831,0.000,-0.555,0.000,1,487,399
46.6395,129.000,183.000,22.546,0.000,13.433,0.000,1,486,399
46.6941,130.200,183.000,21.965,0.000,-10.644,0.000,1,530,402
46.7500,131.400,183.000,21.482,0.000,-8.643,0.000,1,547,407
46.7974,131.400,183.000,0.000,0.000,-453.056,0.000,1,560,413
46.8451,131.400,183.000,0.000,0.000,0.000,0.000,1,574,419
46.8953,131.400,183.000,0.000,0.000,0.000,0.000,1,588,421
46.9508,131.400,183.000,0.000,0.000,0.000,0.000,1,594,422
47.0042,131.400,183.000,0.000,0.000,0.000,0.000,1,583,422
47.0601,131.400,183.000,0.000,0.000,0.000,0.000,1,563,418
47.1156,132.600,183.000,21.626,0.000,389.749,0.000,1,557,420
47.1698,133.800,183.000,22.129,0.000,9.269,0.000,1,553,421
47.2219,135.000,183.000,23.044,0.000,17.571,0.000,1,540,422
47.2764,136.200,183.000,22.012,0.000,-18.930,0.000,1,533,423
47.3319,137.400,183.000,21.593,0.000,-7.533,0.000,1,498,416
47.3861,137.400,183.000,0.000,0.000,-398.877,0.000,1,567,415
47.4396,137.400,183.000,0.000,0.000,0.000,0.000,1,579,421
47.4941,137.400,183.000,0.000,0.000,0.000,0.000,1,582,429
47.5493,137.400,183.000,0.000,0.000,0.000,0.000,1,578,433
47.6021,137.400,183.000,0.000,0.000,0.000,0.000,1,567,434
47.6536,138.600,183.000,23.280,0.000,451.625,0.000,1,551,439
47.7075,139.800,183.000,22.278,0.000,-18.607,0.000,1,542,434
47.7658,141.000,183.000,20.580,0.000,-29.106,0.000,1,538,433
47.8192,142.200,184.200,22.478,22.478,35.535,421.032,1,545,443
47.8723,143.400,185.400,22.588,22.588,2.089,2.089,1,559,444
47.9277,143.400,186.600,0.000,21.664,-407.789,-16.697,1,615,445
47.9840,143.400,187.800,0.000,21.328,0.000,-5.968,1,629,445
48.0378,143.400,189.000,0.000,22.300,0.000,18.066,1,634,442
48.0907,143.400,189.000,0.000,0.000,0.000,-421.419,1,626,436
48.1452,143.400,189.000,0.000,0.000,0.000,0.000,1,620,427
48.1954,143.400,189.000,0.000,0.000,0.000,0.000,1,588,422
48.2481,143.400,189.000,0.000,0.000,0.000,0.000,1,587,412
48.3006,143.400,189.000,0.000,0.000,0.000,0.000,1,582,406
48.3537,143.400,189.000,0.000,0.000,0.000,0.000,1,581,399
48.4047,143.400,189.000,0.000,0.000,0.000,0.000,1,578,401
48.4563,143.400,189.000,0.000,0.000,0.000,0.000,1,569,404
48.5095,143.400,189.000,0.000,0.000,0.000,0.000,1,565,403
48.5627,143.400,189.000,0.000,0.000,0.000,0.000,1,569,404
48.6180,143.400,189.000,0.000,0.000,0.000,0.000,1,564,402
48.6712,143.400,189.000,0.000,0.000,0.000,0.000,1,565,404
48.7234,143.400,189.000,0.000,0.000,0.000,0.000,1,574,402
48.7761,143.400,189.000,0.000,0.000,0.000,0.000,1,575,400
48.8309,143.400,189.000,0.000,0.000,0.000,0.000,1,577,403
48.8844,143.400,189.000,0.000,0.000,0.000,0.000,1,583,404
48.9368,143.400,189.000,0.000,0.000,0.000,0.000,1,587,404
48.9910,143.400,189.000,0.000,0.000,0.000,0.000,1,588,401
49.0439,143.400,189.000,0.000,0.000,0.000,0.000,1,587,401
49.0988,143.400,189.000,0.000,0.000,0.000,0.000,1,595,402
49.1517,143.400,189.000,0.000,0.000,0.000,0.000,1,601,398
49.2027,143.400,189.000,0.000,0.000,0.000,0.000,1,604,398
49.2531,143.400,189.000,0.000,0.000,0.000,0.000,1,611,396
49.3039,143.400,189.000,0.000,0.000,0.000,0.000,1,611,401
49.3545,143.400,189.000,0.000,0.000,0.000,0.000,1,616,398
49.4054,143.400,189.000,0.000,0.000,0.000,0.000,1,615,401
49.4574,143.400,189.000,0.000,0.000,0.000,0.000,1,622,396
49.5106,143.400,189.000,0.000,0.000,0.000,0.000,1,622,398
49.5636,143.400,189.000,0.000,0.000,0.000,0.000,1,627,397
49.6120,143.400,189.000,0.000,0.000,0.000,0.000,0,,
49.6605,143.400,189.000,0.000,0.000,0.000,0.000,0,,
49.7090,143.400,189.000,0.000,0.000,0.000,0.000,1,646,388
49.7628,143.400,189.000,0.000,0.000,0.000,0.000,1,660,386
49.8160,143.400,189.000,0.000,0.000,0.000,0.000,1,681,386
49.8699,143.400,189.000,0.000,0.000,0.000,0.000,1,693,390
49.9219,143.400,189.000,0.000,0.000,0.000,0.000,1,711,385
49.9728,143.400,189.000,0.000,0.000,0.000,0.000,1,714,384
50.0258,143.400,189.000,0.000,0.000,0.000,0.000,0,,
50.0756,143.400,189.000,0.000,0.000,0.000,0.000,0,,
50.1249,143.400,189.000,0.000,0.000,0.000,0.000,0,,
50.1754,143.400,189.000,0.000,0.000,0.000,0.000,0,,
50.2253,143.400,189.000,0.000,0.000,0.000,0.000,0,,
50.2751,142.200,189.000,-24.090,0.000,-483.624,0.000,1,752,378
50.3275,141.000,189.000,-22.872,0.000,23.216,0.000,1,770,373
50.3819,139.800,189.000,-22.089,0.000,14.415,0.000,1,783,371
50.4369,138.600,189.000,-21.810,0.000,5.085,0.000,1,792,368
50.4920,137.400,189.000,-21.789,0.000,0.377,0.000,1,803,366
50.5478,136.200,189.000,-21.494,0.000,5.285,0.000,1,761,364
50.6017,135.000,189.000,-22.250,0.000,-14.026,0.000,1,759,362
50.6562,133.800,189.000,-22.036,0.000,3.935,0.000,1,751,361
50.7097,132.600,189.000,-22.425,0.000,-7.280,0.000,1,739,360
50.7649,132.600,189.000,0.000,0.000,406.464,0.000,1,720,360
50.8170,132.600,189.000,0.000,0.000,0.000,0.000,1,716,356
50.8669,132.600,189.000,0.000,0.000,0.000,0.000,1,717,349
50.9178,132.600,189.000,0.000,0.000,0.000,0.000,1,720,364
50.9702,131.400,189.000,-22.918,0.000,-437.704,0.000,1,722,351
51.0207,131.400,189.000,0.000,0.000,453.686,0.000,1,713,356
51.0714,131.400,189.000,0.000,0.000,0.000,0.000,1,714,347
51.1215,130.200,189.000,-23.938,0.000,-477.516,0.000,1,741,345
51.1736,129.000,189.000,-23.029,0.000,17.440,0.000,1,743,339
51.2269,127.800,189.000,-22.504,0.000,9.840,0.000,1,764,337
51.2778,126.600,189.000,-23.583,0.000,-21.204,0.000,1,775,337
51.3306,125.400,189.000,-22.731,0.000,16.140,0.000,1,801,333
51.3817,124.200,189.000,-23.469,0.000,-14.432,0.000,1,747,332
51.4368,123.000,189.000,-21.784,0.000,30.593,0.000,1,728,330
51.4884,123.000,189.000,0.000,0.000,422.369,0.000,1,709,332
51.5404,123.000,189.000,0.000,0.000,0.000,0.000,1,712,332
51.5928,123.000,189.000,0.000,0.000,0.000,0.000,1,683,332
51.6471,123.000,189.000,0.000,0.000,0.000,0.000,1,683,326
51.6980,123.000,189.000,0.000,0.000,0.000,0.000,1,682,323
51.7485,123.000,189.000,0.000,0.000,0.000,0.000,1,707,311
51.7985,121.800,189.000,-23.973,0.000,-478.936,0.000,1,722,310
51.8493,120.600,189.000,-23.621,0.000,6.941,0.000,1,737,310
51.8996,119.400,189.000,-23.889,0.000,-5.348,0.000,1,745,309
51.9528,118.200,189.000,-22.527,0.000,25.577,0.000,1,765,315
52.0047,117.000,189.000,-23.152,0.000,-12.063,0.000,1,777,316
52.0558,115.800,189.000,-23.474,0.000,-6.292,0.000,1,745,317
52.1087,115.800,189.000,0.000,0.000,443.567,0.000,1,719,315
52.1607,115.800,189.000,0.000,0.000,0.000,0.000,1,703,313
52.2148,115.800,189.000,0.000,0.000,0.000,0.000,1,669,310
52.2600,115.800,189.000,0.000,0.000,0.000,0.000,1,670,306
52.3108,115.800,189.000,0.000,0.000,0.000,0.000,1,677,306
52.3630,115.800,189.000,0.000,0.000,0.000,0.000,1,694,294
52.4149,115.800,189.000,0.000,0.000,0.000,0.000,1,711,300
52.4659,115.800,189.000,0.000,0.000,0.000,0.000,1,718,292
52.5161,114.600,189.000,-23.906,0.000,-476.256,0.000,1,736,280
52.5666,113.400,189.000,-23.773,0.000,2.637,0.000,1,739,286
52.6169,112.200,189.000,-23.875,0.000,-2.021,0.000,1,759,286
52.6666,111.000,189.000,-24.115,0.000,-4.820,0.000,1,773,289
52.7174,109.800,189.000,-23.619,0.000,9.758,0.000,1,738,294
52.7704,108.600,189.000,-22.641,0.000,18.443,0.000,1,723,292
52.8205,108.600,189.000,0.000,0.000,452.290,0.000,1,694,293
52.8710,108.600,189.000,0.000,0.000,0.000,0.000,1,693,286
52.9264,108.600,187.800,0.000,-21.661,0.000,-391.015,1,667,279
52.9838,108.600,187.800,0.000,0.000,0.000,377.743,1,678,284
53.0365,108.600,187.800,0.000,0.000,0.000,0.000,1,683,293
53.0862,108.600,187.800,0.000,0.000,0.000,0.000,0,,
53.1316,108.600,187.800,0.000,0.000,0.000,0.000,1,709,299
53.1828,107.400,187.800,-23.448,0.000,-458.158,0.000,1,737,280
53.2339,107.400,187.800,0.000,0.000,458.100,0.000,0,,
53.2792,106.200,186.600,-26.502,-26.502,-585.281,-585.281,1,766,275
53.3335,105.000,185.400,-22.092,-22.092,81.182,81.182,1,765,273
53.3845,103.800,185.400,-23.571,0.000,-29.055,433.943,1,759,286
53.4364,102.600,185.400,-23.086,0.000,9.337,0.000,1,759,288
53.4888,101.400,185.400,-22.914,0.000,3.279,0.000,1,737,299
53.5397,100.200,185.400,-23.588,0.000,-13.257,0.000,1,742,307
53.5925,99.000,185.400,-22.708,0.000,16.661,0.000,1,745,308
53.6497,99.000,185.400,0.000,0.000,397.330,0.000,0,,
53.6963,99.000,185.400,0.000,0.000,0.000,0.000,0,,
53.7438,99.000,185.400,0.000,0.000,0.000,0.000,0,,
53.7937,99.000,185.400,0.000,0.000,0.000,0.000,0,,
53.8421,99.000,185.400,0.000,0.000,0.000,0.000,1,697,309
53.8945,99.000,185.400,0.000,0.000,0.000,0.000,1,703,309
53.9482,99.000,185.400,0.000,0.000,0.000,0.000,1,714,302
53.9999,97.800,185.400,-23.196,0.000,-448.396,0.000,1,721,302
54.0517,96.600,185.400,-23.192,0.000,0.093,0.000,1,738,306
54.1019,95.400,185.400,-23.883,0.000,-13.754,0.000,1,749,310
54.1531,94.200,185.400,-23.463,0.000,8.198,0.000,1,746,309
54.2065,93.000,185.400,-22.446,0.000,19.030,0.000,1,728,315
54.2591,93.000,185.400,0.000,0.000,427.280,0.000,0,,
54.3098,93.000,185.400,0.000,0.000,0.000,0.000,0,,
54.3574,93.000,185.400,0.000,0.000,0.000,0.000,0,,
54.4055,93.000,185.400,0.000,0.000,0.000,0.000,0,,
54.4531,93.000,185.400,0.000,0.000,0.000,0.000,0,,
54.4980,93.000,185.400,0.000,0.000,0.000,0.000,0,,
54.5448,93.000,185.400,0.000,0.000,0.000,0.000,0,,
54.5953,93.000,185.400,0.000,0.000,0.000,0.000,0,,
54.6453,93.000,185.400,0.000,0.000,0.000,0.000,0,,
54.6958,93.000,185.400,0.000,0.000,0.000,0.000,0,,
54.7454,93.000,185.400,0.000,0.000,0.000,0.000,0,,
54.7954,93.000,185.400,0.000,0.000,0.000,0.000,0,,
54.8456,93.000,185.400,0.000,0.000,0.000,0.000,0,,
54.8957,93.000,185.400,0.000,0.000,0.000,0.000,0,,
54.9457,93.000,185.400,0.000,0.000,0.000,0.000,0,,
54.9956,93.000,185.400,0.000,0.000,0.000,0.000,0,,
55.0466,93.000,185.400,0.000,0.000,0.000,0.000,0,,
55.0959,93.000,185.400,0.000,0.000,0.000,0.000,0,,
55.1463,93.000,185.400,0.000,0.000,0.000,0.000,0,,
55.1962,93.000,185.400,0.000,0.000,0.000,0.000,0,,
55.2450,93.000,185.400,0.000,0.000,0.000,0.000,0,,
55.2957,93.000,185.400,0.000,0.000,0.000,0.000,0,,
55.3452,93.000,185.400,0.000,0.000,0.000,0.000,0,,
55.3928,93.000,185.400,0.000,0.000,0.000,0.000,0,,
55.4423,93.000,185.400,0.000,0.000,0.000,0.000,0,,
55.4910,93.000,185.400,0.000,0.000,0.000,0.000,0,,
55.5335,93.000,185.400,0.000,0.000,0.000,0.000,0,,
55.5810,93.000,185.400,0.000,0.000,0.000,0.000,0,,
55.6296,93.000,185.400,0.000,0.000,0.000,0.000,0,,
55.6801,93.000,185.400,0.000,0.000,0.000,0.000,0,,
55.7298,93.000,185.400,0.000,0.000,0.000,0.000,0,,
55.7795,93.000,185.400,0.000,0.000,0.000,0.000,0,,
55.8277,93.000,185.400,0.000,0.000,0.000,0.000,0,,
55.8754,93.000,185.400,0.000,0.000,0.000,0.000,0,,
55.9167,93.000,185.400,0.000,0.000,0.000,0.000,0,,
55.9639,93.000,185.400,0.000,0.000,0.000,0.000,0,,
56.0131,93.000,185.400,0.000,0.000,0.000,0.000,0,,
56.0628,93.000,185.400,0.000,0.000,0.000,0.000,0,,
56.1130,93.000,185.400,0.000,0.000,0.000,0.000,0,,
56.1636,93.000,185.400,0.000,0.000,0.000,0.000,0,,
56.2137,93.000,185.400,0.000,0.000,0.000,0.000,0,,
56.2643,93.000,185.400,0.000,0.000,0.000,0.000,0,,
56.3144,93.000,185.400,0.000,0.000,0.000,0.000,0,,
56.3623,93.000,185.400,0.000,0.000,0.000,0.000,0,,
56.4102,93.000,185.400,0.000,0.000,0.000,0.000,0,,
56.4572,93.000,185.400,0.000,0.000,0.000,0.000,0,,
56.5006,93.000,185.400,0.000,0.000,0.000,0.000,0,,
56.5479,91.800,185.400,-25.366,0.000,-536.199,0.000,1,1001,319
56.6020,91.800,185.400,0.000,0.000,468.199,0.000,0,,
56.6482,91.800,185.400,0.000,0.000,0.000,0.000,0,,
56.6973,91.800,185.400,0.000,0.000,0.000,0.000,0,,
56.7469,91.800,185.400,0.000,0.000,0.000,0.000,0,,
56.7968,91.800,185.400,0.000,0.000,0.000,0.000,0,,
56.8475,91.800,185.400,0.000,0.000,0.000,0.000,0,,
56.8979,91.800,185.400,0.000,0.000,0.000,0.000,0,,
56.9474,91.800,185.400,0.000,0.000,0.000,0.000,0,,
56.9980,91.800,185.400,0.000,0.000,0.000,0.000,0,,
57.0476,91.800,185.400,0.000,0.000,0.000,0.000,0,,
57.0975,91.800,185.400,0.000,0.000,0.000,0.000,0,,
57.1470,91.800,185.400,0.000,0.000,0.000,0.000,0,,
57.1957,91.800,185.400,0.000,0.000,0.000,0.000,0,,
57.2443,91.800,185.400,0.000,0.000,0.000,0.000,0,,
57.2928,90.600,185.400,-24.767,0.000,-511.168,0.000,1,987,315
57.3437,89.400,185.400,-23.588,0.000,23.182,0.000,1,982,312
57.3962,88.200,185.400,-22.855,0.000,13.955,0.000,1,977,315
57.4487,88.200,185.400,0.000,0.000,434.963,0.000,0,,
57.4983,88.200,185.400,0.000,0.000,0.000,0.000,0,,
57.5476,87.000,185.400,-24.346,0.000,-493.924,0.000,1,938,313
57.6029,87.000,185.400,0.000,0.000,440.216,0.000,0,,
57.6490,85.800,185.400,-26.027,0.000,-564.501,0.000,1,877,314
57.7030,84.600,185.400,-22.215,0.000,70.568,0.000,1,871,319
57.7535,84.600,185.400,0.000,0.000,439.620,0.000,0,,
57.7990,83.400,185.400,-26.423,0.000,-581.832,0.000,1,848,310
57.8526,82.200,185.400,-22.373,0.000,75.517,0.000,1,804,316
57.9040,81.000,185.400,-23.331,0.000,-18.634,0.000,1,796,313
57.9551,79.800,185.400,-23.485,0.000,-2.998,0.000,1,775,313
58.0057,78.600,185.400,-23.734,0.000,-4.937,0.000,1,764,311
58.0595,78.600,185.400,0.000,0.000,441.143,0.000,0,,
58.1064,78.600,185.400,0.000,0.000,0.000,0.000,0,,
58.1516,78.600,185.400,0.000,0.000,0.000,0.000,0,,
58.1995,78.600,185.400,0.000,0.000,0.000,0.000,0,,
58.2489,78.600,185.400,0.000,0.000,0.000,0.000,0,,
58.2989,78.600,185.400,0.000,0.000,0.000,0.000,1,624,300
58.3534,78.600,185.400,0.000,0.000,0.000,0.000,0,,
58.3998,78.600,185.400,0.000,0.000,0.000,0.000,0,,
58.4470,78.600,185.400,0.000,0.000,0.000,0.000,0,,
58.4965,78.600,185.400,0.000,0.000,0.000,0.000,0,,
58.5457,78.600,185.400,0.000,0.000,0.000,0.000,0,,
58.5950,78.600,185.400,0.000,0.000,0.000,0.000,1,599,302
58.6481,78.600,184.200,0.000,-22.582,0.000,-424.944,1,600,278
58.7021,78.600,184.200,0.000,0.000,0.000,418.322,1,595,283
58.7535,78.600,184.200,0.000,0.000,0.000,0.000,0,,
58.8014,79.800,184.200,25.074,0.000,523.908,0.000,1,558,290
58.8548,81.000,184.200,22.462,0.000,-48.893,0.000,1,547,288
58.9057,82.200,184.200,23.596,0.000,22.300,0.000,1,545,285
58.9566,83.400,184.200,23.541,0.000,-1.065,0.000,1,525,285
59.0076,83.400,184.200,0.000,0.000,-462.359,0.000,0,,
59.0532,83.400,184.200,0.000,0.000,0.000,0.000,0,,
59.1020,83.400,184.200,0.000,0.000,0.000,0.000,0,,
59.1533,83.400,184.200,0.000,0.000,0.000,0.000,0,,
59.2016,83.400,184.200,0.000,0.000,0.000,0.000,0,,
59.2513,83.400,184.200,0.000,0.000,0.000,0.000,0,,
59.3007,83.400,184.200,0.000,0.000,0.000,0.000,0,,
59.3498,83.400,184.200,0.000,0.000,0.000,0.000,0,,
59.4002,83.400,184.200,0.000,0.000,0.000,0.000,0,,
59.4507,84.600,183.000,23.762,-23.762,470.513,-470.513,1,522,276
59.5038,85.800,181.800,22.616,-22.616,-21.599,21.599,1,548,276
59.5565,87.000,181.800,22.738,0.000,2.323,428.531,1,520,280
59.6066,88.200,181.800,23.948,0.000,24.138,0.000,1,505,295
59.6575,89.400,181.800,23.580,0.000,-7.222,0.000,1,475,326
59.7106,90.600,181.800,22.597,0.000,-18.510,0.000,1,525,324
59.7620,91.800,181.800,23.343,0.000,14.505,0.000,1,549,316
59.8133,91.800,181.800,0.000,0.000,-455.064,0.000,1,590,311
59.8664,91.800,181.800,0.000,0.000,0.000,0.000,1,590,319
59.9249,91.800,181.800,0.000,0.000,0.000,0.000,1,570,330
59.9768,91.800,181.800,0.000,0.000,0.000,0.000,1,562,330
60.0269,93.000,181.800,23.967,0.000,478.690,0.000,1,551,331
60.0791,94.200,181.800,22.971,0.000,-19.063,0.000,1,551,316
60.1370,95.400,181.800,20.734,0.000,-38.654,0.000,1,546,316
60.1894,95.400,181.800,0.000,0.000,-395.596,0.000,1,563,318
60.2399,95.400,181.800,0.000,0.000,0.000,0.000,1,575,321
60.2898,95.400,181.800,0.000,0.000,0.000,0.000,1,567,337
60.3405,95.400,181.800,0.000,0.000,0.000,0.000,0,,
60.3864,95.400,181.800,0.000,0.000,0.000,0.000,0,,
60.4342,95.400,181.800,0.000,0.000,0.000,0.000,0,,
60.4844,95.400,181.800,0.000,0.000,0.000,0.000,0,,
60.5347,96.600,181.800,23.849,0.000,473.997,0.000,1,525,336
60.5886,96.600,181.800,0.000,0.000,-442.515,0.000,0,,
60.6360,96.600,181.800,0.000,0.000,0.000,0.000,0,,
60.6870,96.600,181.800,0.000,0.000,0.000,0.000,0,,
60.7363,97.800,181.800,24.378,0.000,495.246,0.000,1,517,342
60.7904,99.000,181.800,22.186,0.000,-40.526,0.000,1,494,340
60.8388,100.200,181.800,24.747,0.000,52.815,0.000,1,482,335
60.8917,101.400,181.800,22.723,0.000,-38.325,0.000,1,488,326
60.9472,102.600,181.800,21.593,0.000,-20.333,0.000,1,548,322
60.9996,103.800,181.800,22.899,0.000,24.906,0.000,1,554,331
61.0540,105.000,181.800,22.058,0.000,-15.449,0.000,1,555,352
61.1115,105.000,181.800,0.000,0.000,-383.546,0.000,1,567,351
61.1642,105.000,181.800,0.000,0.000,0.000,0.000,1,577,343
61.2173,105.000,181.800,0.000,0.000,0.000,0.000,1,578,348
61.2716,105.000,181.800,0.000,0.000,0.000,0.000,1,578,341
61.3280,105.000,181.800,0.000,0.000,0.000,0.000,1,573,348
61.3838,105.000,181.800,0.000,0.000,0.000,0.000,1,563,353
61.4396,106.200,181.800,21.485,0.000,384.678,0.000,1,558,352
61.4961,107.400,181.800,21.226,0.000,-4.582,0.000,1,541,332
61.5483,108.600,181.800,23.024,0.000,34.497,0.000,1,519,334
61.6021,109.800,181.800,22.287,0.000,-13.685,0.000,1,508,334
61.6584,111.000,181.800,21.313,0.000,-17.310,0.000,1,552,335
61.7117,111.000,181.800,0.000,0.000,-400.070,0.000,1,580,333
61.7653,111.000,181.800,0.000,0.000,0.000,0.000,1,594,354
61.8187,111.000,181.800,0.000,0.000,0.000,0.000,1,602,359
61.8726,111.000,181.800,0.000,0.000,0.000,0.000,1,602,364
61.9226,111.000,181.800,0.000,0.000,0.000,0.000,1,585,365
61.9758,111.000,181.800,0.000,0.000,0.000,0.000,1,578,358
62.0278,111.000,181.800,0.000,0.000,0.000,0.000,1,577,355
62.0795,111.000,181.800,0.000,0.000,0.000,0.000,1,570,364
62.1263,111.000,181.800,0.000,0.000,0.000,0.000,1,564,369
62.1783,112.200,181.800,23.091,0.000,444.324,0.000,1,542,368
62.2326,113.400,181.800,22.081,0.000,-18.584,0.000,1,531,366
62.2849,114.600,181.800,22.972,0.000,17.052,0.000,1,504,369
62.3381,115.800,181.800,22.557,0.000,-7.801,0.000,1,499,367
62.3931,117.000,181.800,21.814,0.000,-13.498,0.000,1,485,361
62.4486,118.200,181.800,21.610,0.000,-3.675,0.000,1,535,373
62.5019,119.400,181.800,22.500,0.000,16.678,0.000,1,546,376
62.5571,119.400,181.800,0.000,0.000,-407.878,0.000,1,574,383
62.6067,119.400,181.800,0.000,0.000,0.000,0.000,1,584,384
62.6591,119.400,181.800,0.000,0.000,0.000,0.000,1,576,381
62.7159,119.400,181.800,0.000,0.000,0.000,0.000,1,562,376
62.7676,120.600,181.800,23.237,0.000,449.966,0.000,1,556,380
62.8214,121.800,181.800,22.301,0.000,-17.397,0.000,1,540,387
62.8759,123.000,181.800,22.017,0.000,-5.214,0.000,1,533,384
62.9289,123.000,181.800,0.000,0.000,-415.703,0.000,1,560,386
62.9820,123.000,181.800,0.000,0.000,0.000,0.000,1,578,388
63.0358,123.000,181.800,0.000,0.000,0.000,0.000,1,589,385
63.0935,123.000,181.800,0.000,0.000,0.000,0.000,1,585,390
63.1508,123.000,181.800,0.000,0.000,0.000,0.000,1,577,389
63.2032,123.000,181.800,0.000,0.000,0.000,0.000,1,572,388
63.2566,123.000,181.800,0.000,0.000,0.000,0.000,1,564,402
63.3118,124.200,181.800,21.707,0.000,392.646,0.000,1,553,402
63.3661,125.400,181.800,22.103,0.000,7.300,0.000,1,550,406
63.4186,126.600,181.800,22.879,0.000,14.800,0.000,1,527,408
63.4721,127.800,181.800,22.419,0.000,-8.596,0.000,1,517,402
63.5236,129.000,181.800,23.299,0.000,17.089,0.000,1,530,404
63.5789,130.200,181.800,21.692,0.000,-29.060,0.000,1,545,403
63.6256,130.200,181.800,0.000,0.000,-464.815,0.000,1,561,407
63.6746,130.200,181.800,0.000,0.000,0.000,0.000,1,567,405
63.7268,130.200,181.800,0.000,0.000,0.000,0.000,1,570,418
63.7790,130.200,181.800,0.000,0.000,0.000,0.000,1,583,427
63.8309,130.200,181.800,0.000,0.000,0.000,0.000,1,577,427
63.8828,131.400,181.800,23.130,0.000,445.812,0.000,1,557,427
63.9348,132.600,181.800,23.077,0.000,-1.012,0.000,1,545,427
63.9906,132.600,181.800,0.000,0.000,-413.968,0.000,0,,
64.0429,133.800,181.800,22.909,0.000,437.350,0.000,1,544,439
64.1010,133.800,183.000,0.000,20.684,-394.876,356.527,1,569,442
64.1555,133.800,184.200,0.000,21.994,0.000,24.015,1,579,446
64.2109,133.800,185.400,0.000,21.666,0.000,-5.932,1,579,442
64.2640,133.800,186.600,0.000,22.586,0.000,17.320,1,578,446
64.3186,133.800,186.600,0.000,0.000,0.000,-413.590,0,,
64.3675,135.000,186.600,24.557,0.000,502.521,0.000,1,516,437
64.4203,136.200,186.600,22.716,0.000,-34.845,0.000,1,495,425
64.4754,137.400,186.600,21.774,0.000,-17.081,0.000,1,481,418
64.5287,138.600,186.600,22.541,0.000,14.407,0.000,1,508,418
64.5830,139.800,186.600,22.102,0.000,-8.086,0.000,1,540,421
64.6363,141.000,186.600,22.511,0.000,7.657,0.000,1,546,425
64.6923,142.200,186.600,21.425,0.000,-19.384,0.000,1,542,430
64.7453,142.200,186.600,0.000,0.000,-404.308,0.000,1,582,431
64.7972,142.200,186.600,0.000,0.000,0.000,0.000,1,590,431
64.8493,142.200,186.600,0.000,0.000,0.000,0.000,1,611,430
64.9011,142.200,186.600,0.000,0.000,0.000,0.000,1,607,433
64.9522,142.200,186.600,0.000,0.000,0.000,0.000,1,610,436
65.0046,142.200,186.600,0.000,0.000,0.000,0.000,1,604,437
65.0587,142.200,186.600,0.000,0.000,0.000,0.000,1,595,437
65.1121,142.200,186.600,0.000,0.000,0.000,0.000,1,581,433
65.1666,142.200,186.600,0.000,0.000,0.000,0.000,1,561,434
65.2217,142.200,186.600,0.000,0.000,0.000,0.000,1,570,435
65.2773,142.200,186.600,0.000,0.000,0.000,0.000,1,561,435
65.3260,143.400,186.600,24.623,0.000,505.254,0.000,1,558,436
65.3790,144.600,186.600,22.631,0.000,-37.580,0.000,1,545,434
65.4315,145.800,186.600,22.886,0.000,4.875,0.000,1,541,433
65.4857,147.000,186.600,22.139,0.000,-13.791,0.000,1,547,433
65.5399,148.200,186.600,22.144,0.000,0.097,0.000,1,555,438
65.5947,148.200,186.600,0.000,0.000,-403.833,0.000,0,,
65.6428,148.200,186.600,0.000,0.000,0.000,0.000,0,,
65.6911,148.200,187.800,0.000,24.804,0.000,512.701,1,645,455
65.7458,148.200,187.800,0.000,0.000,0.000,-453.627,0,,
65.7925,148.200,187.800,0.000,0.000,0.000,0.000,0,,
65.8425,148.200,189.000,0.000,23.992,0.000,479.662,1,634,441
65.8949,148.200,189.000,0.000,0.000,0.000,-458.274,1,633,439
65.9503,148.200,189.000,0.000,0.000,0.000,0.000,0,,
65.9947,148.200,189.000,0.000,0.000,0.000,0.000,0,,
66.0419,148.200,189.000,0.000,0.000,0.000,0.000,0,,
66.0915,148.200,189.000,0.000,0.000,0.000,0.000,0,,
66.1392,148.200,189.000,0.000,0.000,0.000,0.000,0,,
66.1890,148.200,189.000,0.000,0.000,0.000,0.000,0,,
66.2392,148.200,189.000,0.000,0.000,0.000,0.000,0,,
66.2897,148.200,189.000,0.000,0.000,0.000,0.000,0,,
66.3399,148.200,189.000,0.000,0.000,0.000,0.000,0,,
66.3897,148.200,190.200,0.000,24.086,0.000,483.453,1,627,447
66.4455,148.200,190.200,0.000,0.000,0.000,-431.750,1,633,439
66.4962,148.200,190.200,0.000,0.000,0.000,0.000,1,634,436
66.5467,148.200,190.200,0.000,0.000,0.000,0.000,1,645,428
66.5987,148.200,190.200,0.000,0.000,0.000,0.000,1,640,425
66.6527,148.200,190.200,0.000,0.000,0.000,0.000,1,646,425
66.7046,148.200,190.200,0.000,0.000,0.000,0.000,1,655,424
66.7581,148.200,190.200,0.000,0.000,0.000,0.000,1,660,425
66.8122,148.200,190.200,0.000,0.000,0.000,0.000,1,659,430
66.8649,148.200,190.200,0.000,0.000,0.000,0.000,1,656,436
66.9151,148.200,191.400,0.000,23.914,0.000,476.550,1,663,442
66.9677,148.200,192.600,0.000,22.821,0.000,-20.784,1,665,444
67.0196,148.200,193.800,0.000,23.128,0.000,5.932,1,660,448
67.0753,148.200,195.000,0.000,21.525,0.000,-28.770,1,666,447
67.1302,148.200,196.200,0.000,21.885,0.000,6.577,1,655,442
67.1824,148.200,196.200,0.000,0.000,0.000,-419.224,1,655,429
67.2342,148.200,196.200,0.000,0.000,0.000,0.000,1,659,420
67.2858,148.200,196.200,0.000,0.000,0.000,0.000,1,659,401
67.3364,148.200,196.200,0.000,0.000,0.000,0.000,1,665,395
67.3862,148.200,196.200,0.000,0.000,0.000,0.000,1,663,391
67.4362,148.200,196.200,0.000,0.000,0.000,0.000,1,674,385
67.4889,148.200,196.200,0.000,0.000,0.000,0.000,1,670,390
67.5414,148.200,196.200,0.000,0.000,0.000,0.000,1,675,395
67.5951,148.200,196.200,0.000,0.000,0.000,0.000,1,679,394
67.6468,148.200,196.200,0.000,0.000,0.000,0.000,1,679,399
67.6991,148.200,196.200,0.000,0.000,0.000,0.000,1,678,398
67.7526,148.200,196.200,0.000,0.000,0.000,0.000,1,691,393
67.8041,148.200,196.200,0.000,0.000,0.000,0.000,1,696,390
67.8551,148.200,196.200,0.000,0.000,0.000,0.000,1,720,381
67.9078,147.000,196.200,-22.761,0.000,-431.735,0.000,1,724,381
67.9624,145.800,196.200,-21.976,0.000,14.385,0.000,1,734,374
68.0142,144.600,196.200,-23.181,0.000,-23.270,0.000,1,748,370
68.0670,143.400,196.200,-22.694,0.000,9.209,0.000,1,757,368
68.1207,142.200,196.200,-22.377,0.000,5.898,0.000,1,768,366
68.1724,141.000,196.200,-23.190,0.000,-15.702,0.000,1,771,363
68.2249,139.800,196.200,-22.877,0.000,5.960,0.000,1,741,360
68.2799,139.800,196.200,0.000,0.000,415.365,0.000,1,684,360
68.3309,139.800,196.200,0.000,0.000,0.000,0.000,1,671,363
68.3852,139.800,196.200,0.000,0.000,0.000,0.000,1,677,361
68.4362,139.800,196.200,0.000,0.000,0.000,0.000,1,681,359
68.4873,139.800,196.200,0.000,0.000,0.000,0.000,1,694,362
68.5375,139.800,196.200,0.000,0.000,0.000,0.000,1,700,359
68.5871,139.800,196.200,0.000,0.000,0.000,0.000,1,709,356
68.6382,139.800,196.200,0.000,0.000,0.000,0.000,1,716,357
68.6913,138.600,196.200,-22.563,0.000,-424.224,0.000,1,729,357
68.7467,137.400,196.200,-21.681,0.000,15.933,0.000,1,744,357
68.7984,136.200,196.200,-23.210,0.000,-29.578,0.000,1,755,356
68.8516,135.000,196.200,-22.540,0.000,12.576,0.000,1,731,357
68.9012,133.800,196.200,-24.225,0.000,-34.013,0.000,1,727,358
68.9543,132.600,196.200,-22.582,0.000,30.922,0.000,1,735,357
69.0054,132.600,196.200,0.000,0.000,442.049,0.000,1,718,358
69.0586,132.600,196.200,0.000,0.000,0.000,0.000,1,710,356
69.1134,131.400,196.200,-21.919,0.000,-400.364,0.000,1,741,355
69.1659,130.200,196.200,-22.854,0.000,-17.806,0.000,1,761,355
69.2188,129.000,196.200,-22.650,0.000,3.847,0.000,1,790,355
69.2698,127.800,196.200,-23.558,0.000,-17.821,0.000,1,806,355
69.3218,126.600,196.200,-23.088,0.000,9.040,0.000,1,783,356
69.3751,125.400,196.200,-22.475,0.000,11.487,0.000,1,781,355
69.4306,124.200,196.200,-21.623,0.000,15.350,0.000,1,764,356
69.4818,123.000,196.200,-23.446,0.000,-35.616,0.000,1,752,356
69.5329,121.800,196.200,-23.506,0.000,-1.173,0.000,1,766,356
69.5858,120.600,196.200,-22.680,0.000,15.601,0.000,1,806,355
69.6390,119.400,196.200,-22.565,0.000,2.166,0.000,1,814,354
69.6935,118.200,196.200,-22.010,0.000,10.177,0.000,1,797,354
69.7478,117.000,196.200,-22.076,0.000,-1.215,0.000,1,776,355
69.8014,115.800,196.200,-22.415,0.000,-6.334,0.000,1,779,355
69.8545,114.600,196.200,-22.589,0.000,-3.274,0.000,1,757,357
69.9059,113.400,196.200,-23.338,0.000,-14.565,0.000,1,787,357
69.9574,112.200,196.200,-23.305,0.000,0.638,0.000,1,816,354
70.0099,111.000,196.200,-22.863,0.000,8.421,0.000,1,833,354
70.0644,109.800,196.200,-22.018,0.000,15.509,0.000,1,915,354
70.1163,108.600,196.200,-23.128,0.000,-21.404,0.000,1,839,355
70.1704,107.400,196.200,-22.176,0.000,17.602,0.000,1,904,356
70.2256,106.200,196.200,-21.719,0.000,8.264,0.000,1,925,357
70.2816,106.200,196.200,0.000,0.000,388.054,0.000,0,,
70.3276,106.200,196.200,0.000,0.000,0.000,0.000,0,,
70.3764,105.000,196.200,-24.602,0.000,-504.365,0.000,1,998,355
70.4320,105.000,196.200,0.000,0.000,442.384,0.000,0,,
70.4785,105.000,196.200,0.000,0.000,0.000,0.000,0,,
70.5279,105.000,196.200,0.000,0.000,0.000,0.000,0,,
70.5772,105.000,196.200,0.000,0.000,0.000,0.000,0,,
70.6278,105.000,196.200,0.000,0.000,0.000,0.000,0,,
70.6783,105.000,196.200,0.000,0.000,0.000,0.000,0,,
70.7281,103.800,197.400,-24.074,24.074,-482.953,482.953,1,1168,458
70.7836,103.800,197.400,0.000,0.000,433.699,-433.699,0,,
70.8256,103.800,197.400,0.000,0.000,0.000,0.000,0,,
70.8725,103.800,197.400,0.000,0.000,0.000,0.000,0,,
70.9211,103.800,197.400,0.000,0.000,0.000,0.000,0,,
70.9703,103.800,197.400,0.000,0.000,0.000,0.000,0,,
71.0186,103.800,197.400,0.000,0.000,0.000,0.000,0,,
71.0617,103.800,197.400,0.000,0.000,0.000,0.000,0,,
71.1111,103.800,197.400,0.000,0.000,0.000,0.000,0,,
71.1580,103.800,197.400,0.000,0.000,0.000,0.000,0,,
71.2065,103.800,197.400,0.000,0.000,0.000,0.000,0,,
71.2564,103.800,197.400,0.000,0.000,0.000,0.000,0,,
71.3051,103.800,197.400,0.000,0.000,0.000,0.000,0,,
71.3549,103.800,197.400,0.000,0.000,0.000,0.000,0,,
71.4050,103.800,197.400,0.000,0.000,0.000,0.000,0,,
71.4531,103.800,197.400,0.000,0.000,0.000,0.000,0,,
71.4971,103.800,197.400,0.000,0.000,0.000,0.000,0,,
71.5449,103.800,197.400,0.000,0.000,0.000,0.000,0,,
71.5937,103.800,197.400,0.000,0.000,0.000,0.000,0,,
71.6429,103.800,197.400,0.000,0.000,0.000,0.000,0,,
71.6902,103.800,197.400,0.000,0.000,0.000,0.000,0,,
71.7361,103.800,197.400,0.000,0.000,0.000,0.000,0,,
71.7831,103.800,197.400,0.000,0.000,0.000,0.000,0,,
71.8325,103.800,197.400,0.000,0.000,0.000,0.000,0,,
71.8845,103.800,197.400,0.000,0.000,0.000,0.000,0,,
71.9268,103.800,197.400,0.000,0.000,0.000,0.000,0,,
71.9720,103.800,197.400,0.000,0.000,0.000,0.000,0,,
72.0147,103.800,197.400,0.000,0.000,0.000,0.000,0,,
72.0611,103.800,197.400,0.000,0.000,0.000,0.000,0,,
72.1092,103.800,197.400,0.000,0.000,0.000,0.000,0,,
72.1531,103.800,197.400,0.000,0.000,0.000,0.000,0,,
72.1967,103.800,197.400,0.000,0.000,0.000,0.000,0,,
72.2439,103.800,197.400,0.000,0.000,0.000,0.000,0,,
72.2894,103.800,197.400,0.000,0.000,0.000,0.000,0,,
72.3331,103.800,197.400,0.000,0.000,0.000,0.000,0,,
72.3792,103.800,197.400,0.000,0.000,0.000,0.000,0,,
72.4259,103.800,197.400,0.000,0.000,0.000,0.000,0,,
72.4699,103.800,197.400,0.000,0.000,0.000,0.000,0,,
72.5133,103.800,197.400,0.000,0.000,0.000,0.000,0,,
72.5621,103.800,197.400,0.000,0.000,0.000,0.000,0,,
72.6157,103.800,197.400,0.000,0.000,0.000,0.000,0,,
72.6624,103.800,197.400,0.000,0.000,0.000,0.000,0,,
72.7116,103.800,197.400,0.000,0.000,0.000,0.000,0,,
72.7638,103.800,197.400,0.000,0.000,0.000,0.000,0,,
72.8122,103.800,197.400,0.000,0.000,0.000,0.000,0,,
72.8620,103.800,197.400,0.000,0.000,0.000,0.000,0,,
72.9125,103.800,197.400,0.000,0.000,0.000,0.000,0,,
72.9624,103.800,197.400,0.000,0.000,0.000,0.000,0,,
73.0108,103.800,197.400,0.000,0.000,0.000,0.000,0,,
73.0550,103.800,197.400,0.000,0.000,0.000,0.000,0,,
73.0982,103.800,197.400,0.000,0.000,0.000,0.000,0,,
73.1446,103.800,197.400,0.000,0.000,0.000,0.000,0,,
73.1915,103.800,197.400,0.000,0.000,0.000,0.000,0,,
73.2340,103.800,197.400,0.000,0.000,0.000,0.000,0,,
73.2790,103.800,197.400,0.000,0.000,0.000,0.000,0,,
73.3261,103.800,197.400,0.000,0.000,0.000,0.000,0,,
73.3704,103.800,197.400,0.000,0.000,0.000,0.000,0,,
73.4161,103.800,197.400,0.000,0.000,0.000,0.000,0,,
73.4624,103.800,197.400,0.000,0.000,0.000,0.000,0,,
73.5086,103.800,197.400,0.000,0.000,0.000,0.000,0,,
73.5509,103.800,197.400,0.000,0.000,0.000,0.000,0,,
73.5936,103.800,197.400,0.000,0.000,0.000,0.000,0,,
73.6456,103.800,197.400,0.000,0.000,0.000,0.000,0,,
73.6988,103.800,197.400,0.000,0.000,0.000,0.000,0,,
73.7505,103.800,197.400,0.000,0.000,0.000,0.000,0,,
73.8134,103.800,197.400,0.000,0.000,0.000,0.000,0,,
73.8783,103.800,197.400,0.000,0.000,0.000,0.000,0,,
73.9327,103.800,197.400,0.000,0.000,0.000,0.000,0,,
73.9776,103.800,197.400,0.000,0.000,0.000,0.000,0,,
74.0295,103.800,197.400,0.000,0.000,0.000,0.000,0,,
74.0805,103.800,197.400,0.000,0.000,0.000,0.000,0,,
74.1281,103.800,197.400,0.000,0.000,0.000,0.000,0,,
74.1834,103.800,197.400,0.000,0.000,0.000,0.000,0,,
74.2317,103.800,197.400,0.000,0.000,0.000,0.000,0,,
74.2817,103.800,197.400,0.000,0.000,0.000,0.000,0,,
74.3312,103.800,197.400,0.000,0.000,0.000,0.000,0,,
74.3775,103.800,197.400,0.000,0.000,0.000,0.000,0,,
74.4272,103.800,197.400,0.000,0.000,0.000,0.000,0,,
74.4786,103.800,197.400,0.000,0.000,0.000,0.000,0,,
74.5293,103.800,197.400,0.000,0.000,0.000,0.000,0,,
74.5803,103.800,197.400,0.000,0.000,0.000,0.000,0,,
74.6265,103.800,197.400,0.000,0.000,0.000,0.000,0,,
74.6762,103.800,197.400,0.000,0.000,0.000,0.000,0,,
74.7267,103.800,197.400,0.000,0.000,0.000,0.000,0,,
74.7801,103.800,197.400,0.000,0.000,0.000,0.000,0,,
74.8319,103.800,197.400,0.000,0.000,0.000,0.000,0,,
74.8798,103.800,197.400,0.000,0.000,0.000,0.000,0,,
74.9304,103.800,197.400,0.000,0.000,0.000,0.000,0,,
74.9823,103.800,197.400,0.000,0.000,0.000,0.000,0,,
75.0347,103.800,197.400,0.000,0.000,0.000,0.000,0,,
75.0923,103.800,197.400,0.000,0.000,0.000,0.000,0,,
75.1345,103.800,197.400,0.000,0.000,0.000,0.000,0,,
75.1843,103.800,197.400,0.000,0.000,0.000,0.000,0,,
75.2270,103.800,197.400,0.000,0.000,0.000,0.000,0,,
75.2765,103.800,197.400,0.000,0.000,0.000,0.000,0,,
75.3226,103.800,197.400,0.000,0.000,0.000,0.000,0,,
75.3683,103.800,197.400,0.000,0.000,0.000,0.000,0,,
75.4106,103.800,197.400,0.000,0.000,0.000,0.000,0,,
75.4561,103.800,197.400,0.000,0.000,0.000,0.000,0,,
75.4990,103.800,197.400,0.000,0.000,0.000,0.000,0,,
75.5423,103.800,197.400,0.000,0.000,0.000,0.000,0,,
75.5936,103.800,197.400,0.000,0.000,0.000,0.000,0,,
75.6415,103.800,197.400,0.000,0.000,0.000,0.000,0,,
75.6856,103.800,197.400,0.000,0.000,0.000,0.000,0,,
75.7280,103.800,197.400,0.000,0.000,0.000,0.000,0,,
75.7738,103.800,197.400,0.000,0.000,0.000,0.000,0,,
75.8173,103.800,197.400,0.000,0.000,0.000,0.000,0,,
75.8647,103.800,197.400,0.000,0.000,0.000,0.000,0,,
75.9119,103.800,197.400,0.000,0.000,0.000,0.000,0,,
75.9597,103.800,197.400,0.000,0.000,0.000,0.000,0,,
76.0024,103.800,197.400,0.000,0.000,0.000,0.000,0,,
76.0470,103.800,197.400,0.000,0.000,0.000,0.000,0,,
76.0953,103.800,197.400,0.000,0.000,0.000,0.000,0,,
76.1451,103.800,197.400,0.000,0.000,0.000,0.000,0,,
76.1940,103.800,197.400,0.000,0.000,0.000,0.000,0,,
76.2417,103.800,197.400,0.000,0.000,0.000,0.000,0,,
76.2878,103.800,197.400,0.000,0.000,0.000,0.000,0,,
76.3336,103.800,197.400,0.000,0.000,0.000,0.000,0,,
76.3801,103.800,197.400,0.000,0.000,0.000,0.000,0,,
76.4257,103.800,197.400,0.000,0.000,0.000,0.000,0,,
76.4719,103.800,197.400,0.000,0.000,0.000,0.000,0,,
76.5232,103.800,197.400,0.000,0.000,0.000,0.000,0,,
76.5713,103.800,197.400,0.000,0.000,0.000,0.000,0,,
76.6234,103.800,197.400,0.000,0.000,0.000,0.000,0,,
76.6691,103.800,197.400,0.000,0.000,0.000,0.000,0,,
76.7182,103.800,197.400,0.000,0.000,0.000,0.000,0,,
76.7622,103.800,197.400,0.000,0.000,0.000,0.000,0,,
76.8151,103.800,197.400,0.000,0.000,0.000,0.000,0,,
76.8636,103.800,197.400,0.000,0.000,0.000,0.000,0,,
76.9088,103.800,197.400,0.000,0.000,0.000,0.000,0,,
76.9519,103.800,197.400,0.000,0.000,0.000,0.000,0,,
76.9985,103.800,197.400,0.000,0.000,0.000,0.000,0,,
77.0462,103.800,197.400,0.000,0.000,0.000,0.000,0,,
77.0902,103.800,197.400,0.000,0.000,0.000,0.000,0,,
77.1343,103.800,197.400,0.000,0.000,0.000,0.000,0,,
77.1823,103.800,197.400,0.000,0.000,0.000,0.000,0,,
77.2312,103.800,197.400,0.000,0.000,0.000,0.000,0,,
77.2756,103.800,197.400,0.000,0.000,0.000,0.000,0,,
77.3179,103.800,197.400,0.000,0.000,0.000,0.000,0,,
77.3653,103.800,197.400,0.000,0.000,0.000,0.000,0,,
77.4144,103.800,197.400,0.000,0.000,0.000,0.000,0,,
77.4621,103.800,197.400,0.000,0.000,0.000,0.000,0,,
77.5047,103.800,197.400,0.000,0.000,0.000,0.000,0,,
77.5496,103.800,197.400,0.000,0.000,0.000,0.000,0,,
77.5975,103.800,197.400,0.000,0.000,0.000,0.000,0,,
77.6418,103.800,197.400,0.000,0.000,0.000,0.000,0,,
77.6839,103.800,197.400,0.000,0.000,0.000,0.000,0,,
77.7304,103.800,197.400,0.000,0.000,0.000,0.000,0,,
77.7738,103.800,197.400,0.000,0.000,0.000,0.000,0,,
77.8176,103.800,197.400,0.000,0.000,0.000,0.000,0,,
77.8650,103.800,197.400,0.000,0.000,0.000,0.000,0,,
77.9123,103.800,197.400,0.000,0.000,0.000,0.000,0,,
77.9544,103.800,197.400,0.000,0.000,0.000,0.000,0,,
78.0002,103.800,197.400,0.000,0.000,0.000,0.000,0,,
78.0475,103.800,197.400,0.000,0.000,0.000,0.000,0,,
78.0917,103.800,197.400,0.000,0.000,0.000,0.000,0,,
78.1344,103.800,197.400,0.000,0.000,0.000,0.000,0,,
78.1824,103.800,197.400,0.000,0.000,0.000,0.000,0,,
